2026-09-09 13:40:45 [main] INFO  BaseClass - properties.config File Loaded successfully
2026-09-09 13:40:56 [main] INFO  BaseClass - ChromeDriver Instance Initialized successfully
2026-09-09 13:41:07 [main] INFO  BaseClass - WebDriver Initialized and Browser Opened and Maximized
2026-09-09 13:41:07 [main] TRACE BaseClass - This is a trace message
2026-09-09 13:41:07 [main] DEBUG BaseClass - This is a debug message
2026-09-09 13:41:07 [main] WARN  BaseClass - This is an warning message
2026-09-09 13:41:07 [main] INFO  ActionDriver - WebDriver instance is created for : ActionDriver
2026-09-09 13:41:07 [main] INFO  BaseClass - Action driver is created !!
2026-09-09 13:41:08 [main] INFO  ActionDriver - Value entered: Admin
2026-09-09 13:41:08 [main] INFO  ActionDriver - Value entered: admin1234
2026-09-09 13:41:08 [main] INFO  ActionDriver - Clicked on element: By.cssSelector: button[type='submit']
2026-09-09 13:41:09 [main] INFO  ActionDriver - ERROR: Actual Text : Invalid credentials does not match | Expected Value: Invalid credentials1
2026-09-09 13:41:11 [main] INFO  BaseClass - WebDriver instance is closed for :  LoginTest
2026-09-09 13:41:11 [main] INFO  BaseClass - properties.config File Loaded successfully
2026-09-09 13:41:13 [main] INFO  BaseClass - ChromeDriver Instance Initialized successfully
2026-09-09 13:41:21 [main] INFO  BaseClass - WebDriver Initialized and Browser Opened and Maximized
2026-09-09 13:41:21 [main] TRACE BaseClass - This is a trace message
2026-09-09 13:41:21 [main] DEBUG BaseClass - This is a debug message
2026-09-09 13:41:21 [main] WARN  BaseClass - This is an warning message
2026-09-09 13:41:21 [main] INFO  ActionDriver - WebDriver instance is created for : ActionDriver
2026-09-09 13:41:21 [main] INFO  BaseClass - Action driver is created !!
2026-09-09 13:41:22 [main] INFO  ActionDriver - Value entered: Admin
2026-09-09 13:41:22 [main] INFO  ActionDriver - Value entered: admin123
2026-09-09 13:41:23 [main] INFO  ActionDriver - Clicked on element: By.cssSelector: button[type='submit']
2026-09-09 13:41:24 [main] INFO  ActionDriver - Element is displayed: By.cssSelector: body > div:nth-child(3) > div:nth-child(1) > div:nth-child(1) > aside:nth-child(1) > nav:nth-child(1) > div:nth-child(2) > ul:nth-child(2) > li:nth-child(1) > a:nth-child(1) > span:nth-child(2)
2026-09-09 13:41:24 [main] INFO  ActionDriver - Clicked on element: By.className: oxd-userdropdown-name
2026-09-09 13:41:25 [main] INFO  ActionDriver - Clicked on element: By.linkText: Logout
2026-09-09 13:41:31 [main] INFO  BaseClass - WebDriver instance is closed for :  LoginTest
2026-09-09 14:20:27 [main] INFO  BaseClass - properties.config File Loaded successfully
2026-09-09 14:20:37 [main] INFO  BaseClass - ChromeDriver Instance Initialized successfully
2026-09-09 14:20:45 [main] INFO  BaseClass - WebDriver Initialized and Browser Opened and Maximized
2026-09-09 14:20:45 [main] TRACE BaseClass - This is a trace message
2026-09-09 14:20:45 [main] DEBUG BaseClass - This is a debug message
2026-09-09 14:20:45 [main] WARN  BaseClass - This is an warning message
2026-09-09 14:20:45 [main] INFO  ActionDriver - WebDriver instance is created for : ActionDriver
2026-09-09 14:20:45 [main] INFO  BaseClass - Action driver is created !!
2026-09-09 14:20:45 [main] INFO  ActionDriver - Value entered on Element with name: username is : Admin
2026-09-09 14:20:45 [main] INFO  ActionDriver - Value entered on Element with name: password is : admin1234
2026-09-09 14:20:46 [main] INFO  ActionDriver - Clicked on element  ---> : Element with text: Login
2026-09-09 14:20:47 [main] INFO  ActionDriver - ERROR: Actual Text : Invalid credentials does not match | Expected Value: Invalid credentials1
2026-09-09 14:20:47 [main] INFO  BaseClass - WebDriver instance is closed for :  LoginTest
2026-09-09 14:20:47 [main] INFO  BaseClass - properties.config File Loaded successfully
2026-09-09 14:20:49 [main] INFO  BaseClass - ChromeDriver Instance Initialized successfully
2026-09-09 14:20:57 [main] INFO  BaseClass - WebDriver Initialized and Browser Opened and Maximized
2026-09-09 14:20:57 [main] TRACE BaseClass - This is a trace message
2026-09-09 14:20:57 [main] DEBUG BaseClass - This is a debug message
2026-09-09 14:20:57 [main] WARN  BaseClass - This is an warning message
2026-09-09 14:20:57 [main] INFO  ActionDriver - WebDriver instance is created for : ActionDriver
2026-09-09 14:20:57 [main] INFO  BaseClass - Action driver is created !!
2026-09-09 14:20:57 [main] INFO  ActionDriver - Value entered on Element with name: username is : Admin
2026-09-09 14:20:57 [main] INFO  ActionDriver - Value entered on Element with name: password is : admin123
2026-09-09 14:20:59 [main] INFO  ActionDriver - Clicked on element  ---> : Element with text: Login
2026-09-09 14:21:00 [main] INFO  ActionDriver - Element : Element with text: Admin is displayed
2026-09-09 14:21:00 [main] INFO  ActionDriver - Clicked on element  ---> : Element with text: hitler epsten
2026-09-09 14:21:02 [main] INFO  ActionDriver - Clicked on element  ---> : Element with text: Logout
2026-09-09 14:21:04 [main] INFO  BaseClass - WebDriver instance is closed for :  LoginTest
2026-09-09 14:45:35 [TestNG-test-OrangeHRM Test 1-3] INFO  BaseClass - properties.config File Loaded successfully
2026-09-09 14:45:35 [TestNG-test-OrangeHRM Test 1-1] INFO  BaseClass - properties.config File Loaded successfully
2026-09-09 14:45:35 [TestNG-test-OrangeHRM Test 1-4] INFO  BaseClass - properties.config File Loaded successfully
2026-09-09 14:45:35 [TestNG-test-OrangeHRM Test 1-2] INFO  BaseClass - properties.config File Loaded successfully
2026-09-09 14:45:46 [TestNG-test-OrangeHRM Test 1-4] INFO  BaseClass - ChromeDriver Instance Initialized successfully
2026-09-09 14:45:46 [TestNG-test-OrangeHRM Test 1-1] INFO  BaseClass - ChromeDriver Instance Initialized successfully
2026-09-09 14:45:46 [TestNG-test-OrangeHRM Test 1-3] INFO  BaseClass - ChromeDriver Instance Initialized successfully
2026-09-09 14:45:46 [TestNG-test-OrangeHRM Test 1-2] INFO  BaseClass - ChromeDriver Instance Initialized successfully
2026-09-09 14:45:55 [TestNG-test-OrangeHRM Test 1-1] INFO  BaseClass - WebDriver Initialized and Browser Opened and Maximized
2026-09-09 14:45:55 [TestNG-test-OrangeHRM Test 1-1] TRACE BaseClass - This is a trace message
2026-09-09 14:45:55 [TestNG-test-OrangeHRM Test 1-1] DEBUG BaseClass - This is a debug message
2026-09-09 14:45:55 [TestNG-test-OrangeHRM Test 1-1] WARN  BaseClass - This is an warning message
2026-09-09 14:45:55 [TestNG-test-OrangeHRM Test 1-1] INFO  ActionDriver - WebDriver instance is created for : ActionDriver
2026-09-09 14:45:55 [TestNG-test-OrangeHRM Test 1-1] INFO  BaseClass - Action driver is created in Thread : 26
2026-09-09 14:45:56 [TestNG-test-OrangeHRM Test 1-4] INFO  BaseClass - WebDriver Initialized and Browser Opened and Maximized
2026-09-09 14:45:56 [TestNG-test-OrangeHRM Test 1-4] TRACE BaseClass - This is a trace message
2026-09-09 14:45:56 [TestNG-test-OrangeHRM Test 1-4] DEBUG BaseClass - This is a debug message
2026-09-09 14:45:56 [TestNG-test-OrangeHRM Test 1-4] WARN  BaseClass - This is an warning message
2026-09-09 14:45:57 [TestNG-test-OrangeHRM Test 1-2] INFO  BaseClass - WebDriver Initialized and Browser Opened and Maximized
2026-09-09 14:45:57 [TestNG-test-OrangeHRM Test 1-2] TRACE BaseClass - This is a trace message
2026-09-09 14:45:57 [TestNG-test-OrangeHRM Test 1-2] DEBUG BaseClass - This is a debug message
2026-09-09 14:45:57 [TestNG-test-OrangeHRM Test 1-2] WARN  BaseClass - This is an warning message
2026-09-09 14:46:04 [TestNG-test-OrangeHRM Test 1-1] INFO  BaseClass - WebDriver instance is closed for :  DummyClass
2026-09-09 14:46:04 [TestNG-test-OrangeHRM Test 1-2] INFO  BaseClass - WebDriver instance is closed for :  DummyClass2
2026-09-09 14:46:05 [TestNG-test-OrangeHRM Test 1-3] INFO  BaseClass - WebDriver Initialized and Browser Opened and Maximized
2026-09-09 14:46:05 [TestNG-test-OrangeHRM Test 1-3] TRACE BaseClass - This is a trace message
2026-09-09 14:46:05 [TestNG-test-OrangeHRM Test 1-3] DEBUG BaseClass - This is a debug message
2026-09-09 14:46:05 [TestNG-test-OrangeHRM Test 1-3] WARN  BaseClass - This is an warning message
2026-09-09 14:46:05 [TestNG-test-OrangeHRM Test 1-3] INFO  ActionDriver - WebDriver instance is created for : ActionDriver
2026-09-09 14:46:05 [TestNG-test-OrangeHRM Test 1-3] INFO  BaseClass - Action driver is created in Thread : 28
2026-09-09 14:49:35 [TestNG-tests-1] INFO  BaseClass - properties.config File Loaded successfully
2026-09-09 14:49:39 [TestNG-tests-1] INFO  BaseClass - ChromeDriver Instance Initialized successfully
2026-09-09 14:49:46 [TestNG-tests-1] INFO  BaseClass - WebDriver Initialized and Browser Opened and Maximized
2026-09-09 14:49:46 [TestNG-tests-1] TRACE BaseClass - This is a trace message
2026-09-09 14:49:46 [TestNG-tests-1] DEBUG BaseClass - This is a debug message
2026-09-09 14:49:46 [TestNG-tests-1] WARN  BaseClass - This is an warning message
2026-09-09 14:49:46 [TestNG-tests-1] INFO  ActionDriver - WebDriver instance is created for : ActionDriver
2026-09-09 14:49:46 [TestNG-tests-1] INFO  BaseClass - Action driver is created in Thread : 26
2026-09-09 14:49:47 [TestNG-tests-1] INFO  BaseClass - WebDriver instance is closed for :  DummyClass
2026-09-09 14:49:47 [TestNG-tests-1] INFO  BaseClass - properties.config File Loaded successfully
2026-09-09 14:49:49 [TestNG-tests-1] INFO  BaseClass - ChromeDriver Instance Initialized successfully
2026-09-09 14:49:58 [TestNG-tests-1] INFO  BaseClass - WebDriver Initialized and Browser Opened and Maximized
2026-09-09 14:49:58 [TestNG-tests-1] TRACE BaseClass - This is a trace message
2026-09-09 14:49:58 [TestNG-tests-1] DEBUG BaseClass - This is a debug message
2026-09-09 14:49:58 [TestNG-tests-1] WARN  BaseClass - This is an warning message
2026-09-09 14:49:58 [TestNG-tests-1] INFO  ActionDriver - WebDriver instance is created for : ActionDriver
2026-09-09 14:49:58 [TestNG-tests-1] INFO  BaseClass - Action driver is created in Thread : 26
2026-09-09 14:49:58 [TestNG-tests-1] INFO  BaseClass - WebDriver instance is closed for :  DummyClass2
2026-09-09 14:49:58 [TestNG-tests-1] INFO  BaseClass - properties.config File Loaded successfully
2026-09-09 14:50:00 [TestNG-tests-1] INFO  BaseClass - ChromeDriver Instance Initialized successfully
2026-09-09 14:50:07 [TestNG-tests-1] INFO  BaseClass - WebDriver Initialized and Browser Opened and Maximized
2026-09-09 14:50:07 [TestNG-tests-1] TRACE BaseClass - This is a trace message
2026-09-09 14:50:07 [TestNG-tests-1] DEBUG BaseClass - This is a debug message
2026-09-09 14:50:07 [TestNG-tests-1] WARN  BaseClass - This is an warning message
2026-09-09 14:50:07 [TestNG-tests-1] INFO  ActionDriver - WebDriver instance is created for : ActionDriver
2026-09-09 14:50:07 [TestNG-tests-1] INFO  BaseClass - Action driver is created in Thread : 26
2026-09-09 14:50:07 [TestNG-tests-1] INFO  ActionDriver - Value entered on Element with name: username is  Admin
2026-09-09 14:50:08 [TestNG-tests-1] INFO  ActionDriver - Value entered on Element with name: password is  admin1234
2026-09-09 14:50:08 [TestNG-tests-1] INFO  ActionDriver - Clicked on element  ---> : Element with text: Login
2026-09-09 14:50:10 [TestNG-tests-1] INFO  ActionDriver - ERROR: Actual Text : Invalid credentials does not match | Expected Value: Invalid credentials1
2026-09-09 14:50:10 [TestNG-tests-1] INFO  BaseClass - WebDriver instance is closed for :  LoginTest
2026-09-09 14:50:10 [TestNG-tests-1] INFO  BaseClass - properties.config File Loaded successfully
2026-09-09 14:50:12 [TestNG-tests-1] INFO  BaseClass - ChromeDriver Instance Initialized successfully
2026-09-09 14:50:19 [TestNG-tests-1] INFO  BaseClass - WebDriver Initialized and Browser Opened and Maximized
2026-09-09 14:50:19 [TestNG-tests-1] TRACE BaseClass - This is a trace message
2026-09-09 14:50:19 [TestNG-tests-1] DEBUG BaseClass - This is a debug message
2026-09-09 14:50:19 [TestNG-tests-1] WARN  BaseClass - This is an warning message
2026-09-09 14:50:19 [TestNG-tests-1] INFO  ActionDriver - WebDriver instance is created for : ActionDriver
2026-09-09 14:50:19 [TestNG-tests-1] INFO  BaseClass - Action driver is created in Thread : 26
2026-09-09 14:50:19 [TestNG-tests-1] INFO  ActionDriver - Value entered on Element with name: username is  Admin
2026-09-09 14:50:19 [TestNG-tests-1] INFO  ActionDriver - Value entered on Element with name: password is  admin123
2026-09-09 14:50:19 [TestNG-tests-1] INFO  ActionDriver - Clicked on element  ---> : Element with text: Login
2026-09-09 14:50:21 [TestNG-tests-1] INFO  ActionDriver - Element : Element with text: Admin is displayed
2026-09-09 14:50:21 [TestNG-tests-1] INFO  ActionDriver - Clicked on element  ---> : Element with text: pololito e vida
2026-09-09 14:50:23 [TestNG-tests-1] INFO  ActionDriver - Clicked on element  ---> : Element with text: Logout
2026-09-09 14:50:25 [TestNG-tests-1] INFO  BaseClass - WebDriver instance is closed for :  LoginTest
2026-09-09 14:50:25 [TestNG-tests-1] INFO  BaseClass - properties.config File Loaded successfully
2026-09-09 14:50:29 [TestNG-tests-1] INFO  BaseClass - ChromeDriver Instance Initialized successfully
2026-09-09 14:50:36 [TestNG-tests-1] INFO  BaseClass - WebDriver Initialized and Browser Opened and Maximized
2026-09-09 14:50:36 [TestNG-tests-1] TRACE BaseClass - This is a trace message
2026-09-09 14:50:36 [TestNG-tests-1] DEBUG BaseClass - This is a debug message
2026-09-09 14:50:36 [TestNG-tests-1] WARN  BaseClass - This is an warning message
2026-09-09 14:50:36 [TestNG-tests-1] INFO  ActionDriver - WebDriver instance is created for : ActionDriver
2026-09-09 14:50:36 [TestNG-tests-1] INFO  BaseClass - Action driver is created in Thread : 26
2026-09-09 14:50:37 [TestNG-tests-1] INFO  ActionDriver - Value entered on Element with name: username is  Admin
2026-09-09 14:50:37 [TestNG-tests-1] INFO  ActionDriver - Value entered on Element with name: password is  admin123
2026-09-09 14:50:37 [TestNG-tests-1] INFO  ActionDriver - Clicked on element  ---> : Element with text: Login
2026-09-09 14:50:38 [TestNG-tests-1] INFO  ActionDriver - Element : Unable to describe the element is displayed
2026-09-09 14:50:38 [TestNG-tests-1] INFO  BaseClass - WebDriver instance is closed for :  HomeTest
2026-09-09 15:10:20 [TestNG-test-OrangeHRM Test 1-1] INFO  BaseClass - properties.config File Loaded successfully
2026-09-09 15:10:20 [TestNG-test-OrangeHRM Test 1-3] INFO  BaseClass - properties.config File Loaded successfully
2026-09-09 15:10:20 [TestNG-test-OrangeHRM Test 1-4] INFO  BaseClass - properties.config File Loaded successfully
2026-09-09 15:10:20 [TestNG-test-OrangeHRM Test 1-2] INFO  BaseClass - properties.config File Loaded successfully
2026-09-09 15:10:30 [TestNG-test-OrangeHRM Test 1-1] INFO  BaseClass - ChromeDriver Instance Initialized successfully
2026-09-09 15:10:30 [TestNG-test-OrangeHRM Test 1-4] INFO  BaseClass - ChromeDriver Instance Initialized successfully
2026-09-09 15:10:30 [TestNG-test-OrangeHRM Test 1-2] INFO  BaseClass - ChromeDriver Instance Initialized successfully
2026-09-09 15:10:30 [TestNG-test-OrangeHRM Test 1-3] INFO  BaseClass - ChromeDriver Instance Initialized successfully
2026-09-09 15:11:20 [TestNG-test-OrangeHRM Test 1-1] INFO  BaseClass - WebDriver Initialized and Browser Opened and Maximized
2026-09-09 15:11:20 [TestNG-test-OrangeHRM Test 1-1] TRACE BaseClass - This is a trace message
2026-09-09 15:11:20 [TestNG-test-OrangeHRM Test 1-1] DEBUG BaseClass - This is a debug message
2026-09-09 15:11:20 [TestNG-test-OrangeHRM Test 1-1] WARN  BaseClass - This is an warning message
2026-09-09 15:11:20 [TestNG-test-OrangeHRM Test 1-1] INFO  ActionDriver - WebDriver instance is created for : ActionDriver
2026-09-09 15:11:20 [TestNG-test-OrangeHRM Test 1-1] INFO  BaseClass - ActionDriver Initialize form Thread 26
2026-09-09 15:11:21 [TestNG-test-OrangeHRM Test 1-4] INFO  BaseClass - WebDriver Initialized and Browser Opened and Maximized
2026-09-09 15:11:21 [TestNG-test-OrangeHRM Test 1-4] TRACE BaseClass - This is a trace message
2026-09-09 15:11:21 [TestNG-test-OrangeHRM Test 1-4] DEBUG BaseClass - This is a debug message
2026-09-09 15:11:21 [TestNG-test-OrangeHRM Test 1-4] WARN  BaseClass - This is an warning message
2026-09-09 15:11:21 [TestNG-test-OrangeHRM Test 1-4] INFO  ActionDriver - WebDriver instance is created for : ActionDriver
2026-09-09 15:11:21 [TestNG-test-OrangeHRM Test 1-4] INFO  BaseClass - ActionDriver Initialize form Thread 29
2026-09-09 15:11:21 [TestNG-test-OrangeHRM Test 1-1] INFO  BaseClass - WebDriver instance is closed for :  DummyClass
2026-09-09 15:11:22 [TestNG-test-OrangeHRM Test 1-4] INFO  ActionDriver - Value entered on Element with name: username is  Admin
2026-09-09 15:11:22 [TestNG-test-OrangeHRM Test 1-4] INFO  ActionDriver - Value entered on Element with name: password is  admin123
2026-09-09 15:11:24 [TestNG-test-OrangeHRM Test 1-3] INFO  BaseClass - WebDriver Initialized and Browser Opened and Maximized
2026-09-09 15:11:24 [TestNG-test-OrangeHRM Test 1-3] TRACE BaseClass - This is a trace message
2026-09-09 15:11:24 [TestNG-test-OrangeHRM Test 1-3] DEBUG BaseClass - This is a debug message
2026-09-09 15:11:24 [TestNG-test-OrangeHRM Test 1-3] WARN  BaseClass - This is an warning message
2026-09-09 15:11:24 [TestNG-test-OrangeHRM Test 1-3] INFO  ActionDriver - WebDriver instance is created for : ActionDriver
2026-09-09 15:11:24 [TestNG-test-OrangeHRM Test 1-3] INFO  BaseClass - ActionDriver Initialize form Thread 28
2026-09-09 15:11:25 [TestNG-test-OrangeHRM Test 1-3] INFO  ActionDriver - Value entered on Element with name: username is  Admin
2026-09-09 15:11:25 [TestNG-test-OrangeHRM Test 1-3] INFO  ActionDriver - Value entered on Element with name: password is  admin1234
2026-09-09 15:11:26 [TestNG-test-OrangeHRM Test 1-3] INFO  ActionDriver - Clicked on element  ---> : Element with text: Login
2026-09-09 15:11:28 [TestNG-test-OrangeHRM Test 1-4] INFO  ActionDriver - Clicked on element  ---> : Element with text: Login
2026-09-09 15:11:29 [TestNG-test-OrangeHRM Test 1-4] INFO  ActionDriver - Element : Unable to describe the element is displayed
2026-09-09 15:11:29 [TestNG-test-OrangeHRM Test 1-4] INFO  BaseClass - WebDriver instance is closed for :  HomeTest
2026-09-09 15:11:30 [TestNG-test-OrangeHRM Test 1-3] INFO  ActionDriver - ERROR: Actual Text : Invalid credentials does not match | Expected Value: Invalid credentials1
2026-09-09 15:11:31 [TestNG-test-OrangeHRM Test 1-2] INFO  BaseClass - WebDriver Initialized and Browser Opened and Maximized
2026-09-09 15:11:31 [TestNG-test-OrangeHRM Test 1-2] TRACE BaseClass - This is a trace message
2026-09-09 15:11:31 [TestNG-test-OrangeHRM Test 1-2] DEBUG BaseClass - This is a debug message
2026-09-09 15:11:31 [TestNG-test-OrangeHRM Test 1-2] WARN  BaseClass - This is an warning message
2026-09-09 15:11:31 [TestNG-test-OrangeHRM Test 1-2] INFO  ActionDriver - WebDriver instance is created for : ActionDriver
2026-09-09 15:11:31 [TestNG-test-OrangeHRM Test 1-2] INFO  BaseClass - ActionDriver Initialize form Thread 27
2026-09-09 15:11:31 [TestNG-test-OrangeHRM Test 1-3] INFO  BaseClass - WebDriver instance is closed for :  LoginTest
2026-09-09 15:11:31 [TestNG-test-OrangeHRM Test 1-3] INFO  BaseClass - properties.config File Loaded successfully
2026-09-09 15:11:31 [TestNG-test-OrangeHRM Test 1-2] INFO  BaseClass - WebDriver instance is closed for :  DummyClass2
2026-09-09 15:11:33 [TestNG-test-OrangeHRM Test 1-3] INFO  BaseClass - ChromeDriver Instance Initialized successfully
2026-09-09 15:11:40 [TestNG-test-OrangeHRM Test 1-3] INFO  BaseClass - WebDriver Initialized and Browser Opened and Maximized
2026-09-09 15:11:40 [TestNG-test-OrangeHRM Test 1-3] TRACE BaseClass - This is a trace message
2026-09-09 15:11:40 [TestNG-test-OrangeHRM Test 1-3] DEBUG BaseClass - This is a debug message
2026-09-09 15:11:40 [TestNG-test-OrangeHRM Test 1-3] WARN  BaseClass - This is an warning message
2026-09-09 15:11:40 [TestNG-test-OrangeHRM Test 1-3] INFO  ActionDriver - WebDriver instance is created for : ActionDriver
2026-09-09 15:11:40 [TestNG-test-OrangeHRM Test 1-3] INFO  BaseClass - ActionDriver Initialize form Thread 28
2026-09-09 15:11:40 [TestNG-test-OrangeHRM Test 1-3] INFO  ActionDriver - Value entered on Element with name: username is  Admin
2026-09-09 15:11:41 [TestNG-test-OrangeHRM Test 1-3] INFO  ActionDriver - Value entered on Element with name: password is  admin123
2026-09-09 15:11:41 [TestNG-test-OrangeHRM Test 1-3] INFO  ActionDriver - Clicked on element  ---> : Element with text: Login
2026-09-09 15:11:43 [TestNG-test-OrangeHRM Test 1-3] INFO  ActionDriver - Element : Element with text: Admin is displayed
2026-09-09 15:11:43 [TestNG-test-OrangeHRM Test 1-3] INFO  ActionDriver - Clicked on element  ---> : Element with text: manda user
2026-09-09 15:11:44 [TestNG-test-OrangeHRM Test 1-3] INFO  ActionDriver - Clicked on element  ---> : Element with text: Logout
2026-09-09 15:11:46 [TestNG-test-OrangeHRM Test 1-3] INFO  BaseClass - WebDriver instance is closed for :  LoginTest
2026-09-09 15:14:03 [TestNG-tests-1] INFO  BaseClass - properties.config File Loaded successfully
2026-09-09 15:14:08 [TestNG-tests-1] INFO  BaseClass - ChromeDriver Instance Initialized successfully
2026-09-09 15:14:15 [TestNG-tests-1] INFO  BaseClass - WebDriver Initialized and Browser Opened and Maximized
2026-09-09 15:14:15 [TestNG-tests-1] TRACE BaseClass - This is a trace message
2026-09-09 15:14:15 [TestNG-tests-1] DEBUG BaseClass - This is a debug message
2026-09-09 15:14:15 [TestNG-tests-1] WARN  BaseClass - This is an warning message
2026-09-09 15:14:15 [TestNG-tests-1] INFO  ActionDriver - WebDriver instance is created for : ActionDriver
2026-09-09 15:14:15 [TestNG-tests-1] INFO  BaseClass - ActionDriver Initialize form Thread 25
2026-09-09 15:14:16 [TestNG-tests-1] INFO  BaseClass - WebDriver instance is closed for :  DummyClass
2026-09-09 15:14:16 [TestNG-tests-1] INFO  BaseClass - properties.config File Loaded successfully
2026-09-09 15:14:18 [TestNG-tests-1] INFO  BaseClass - ChromeDriver Instance Initialized successfully
2026-09-09 15:14:25 [TestNG-tests-1] INFO  BaseClass - WebDriver Initialized and Browser Opened and Maximized
2026-09-09 15:14:25 [TestNG-tests-1] TRACE BaseClass - This is a trace message
2026-09-09 15:14:25 [TestNG-tests-1] DEBUG BaseClass - This is a debug message
2026-09-09 15:14:25 [TestNG-tests-1] WARN  BaseClass - This is an warning message
2026-09-09 15:14:25 [TestNG-tests-1] INFO  ActionDriver - WebDriver instance is created for : ActionDriver
2026-09-09 15:14:25 [TestNG-tests-1] INFO  BaseClass - ActionDriver Initialize form Thread 25
2026-09-09 15:14:25 [TestNG-tests-1] INFO  BaseClass - WebDriver instance is closed for :  DummyClass2
2026-09-09 15:14:25 [TestNG-tests-1] INFO  BaseClass - properties.config File Loaded successfully
2026-09-09 15:14:27 [TestNG-tests-1] INFO  BaseClass - ChromeDriver Instance Initialized successfully
2026-09-09 15:14:34 [TestNG-tests-1] INFO  BaseClass - WebDriver Initialized and Browser Opened and Maximized
2026-09-09 15:14:34 [TestNG-tests-1] TRACE BaseClass - This is a trace message
2026-09-09 15:14:34 [TestNG-tests-1] DEBUG BaseClass - This is a debug message
2026-09-09 15:14:34 [TestNG-tests-1] WARN  BaseClass - This is an warning message
2026-09-09 15:14:34 [TestNG-tests-1] INFO  ActionDriver - WebDriver instance is created for : ActionDriver
2026-09-09 15:14:34 [TestNG-tests-1] INFO  BaseClass - ActionDriver Initialize form Thread 25
2026-09-09 15:14:35 [TestNG-tests-1] INFO  ActionDriver - Value entered on Element with name: username is  Admin
2026-09-09 15:14:35 [TestNG-tests-1] INFO  ActionDriver - Value entered on Element with name: password is  admin1234
2026-09-09 15:14:35 [TestNG-tests-1] INFO  ActionDriver - Clicked on element  ---> : Element with text: Login
2026-09-09 15:14:36 [TestNG-tests-1] INFO  ActionDriver - ERROR: Actual Text : Invalid credentials does not match | Expected Value: Invalid credentials1
2026-09-09 15:14:37 [TestNG-tests-1] INFO  BaseClass - WebDriver instance is closed for :  LoginTest
2026-09-09 15:14:37 [TestNG-tests-1] INFO  BaseClass - properties.config File Loaded successfully
2026-09-09 15:14:39 [TestNG-tests-1] INFO  BaseClass - ChromeDriver Instance Initialized successfully
2026-09-09 15:14:46 [TestNG-tests-1] INFO  BaseClass - WebDriver Initialized and Browser Opened and Maximized
2026-09-09 15:14:46 [TestNG-tests-1] TRACE BaseClass - This is a trace message
2026-09-09 15:14:46 [TestNG-tests-1] DEBUG BaseClass - This is a debug message
2026-09-09 15:14:46 [TestNG-tests-1] WARN  BaseClass - This is an warning message
2026-09-09 15:14:46 [TestNG-tests-1] INFO  ActionDriver - WebDriver instance is created for : ActionDriver
2026-09-09 15:14:46 [TestNG-tests-1] INFO  BaseClass - ActionDriver Initialize form Thread 25
2026-09-09 15:14:47 [TestNG-tests-1] INFO  ActionDriver - Value entered on Element with name: username is  Admin
2026-09-09 15:14:47 [TestNG-tests-1] INFO  ActionDriver - Value entered on Element with name: password is  admin123
2026-09-09 15:14:47 [TestNG-tests-1] INFO  ActionDriver - Clicked on element  ---> : Element with text: Login
2026-09-09 15:14:48 [TestNG-tests-1] INFO  ActionDriver - Element : Element with text: Admin is displayed
2026-09-09 15:14:49 [TestNG-tests-1] INFO  ActionDriver - Clicked on element  ---> : Element with text: manda skrth
2026-09-09 15:14:50 [TestNG-tests-1] INFO  ActionDriver - Clicked on element  ---> : Element with text: Logout
2026-09-09 15:14:52 [TestNG-tests-1] INFO  BaseClass - WebDriver instance is closed for :  LoginTest
2026-09-09 15:14:52 [TestNG-tests-1] INFO  BaseClass - properties.config File Loaded successfully
2026-09-09 15:14:54 [TestNG-tests-1] INFO  BaseClass - ChromeDriver Instance Initialized successfully
2026-09-09 15:15:02 [TestNG-tests-1] INFO  BaseClass - WebDriver Initialized and Browser Opened and Maximized
2026-09-09 15:15:02 [TestNG-tests-1] TRACE BaseClass - This is a trace message
2026-09-09 15:15:02 [TestNG-tests-1] DEBUG BaseClass - This is a debug message
2026-09-09 15:15:02 [TestNG-tests-1] WARN  BaseClass - This is an warning message
2026-09-09 15:15:02 [TestNG-tests-1] INFO  ActionDriver - WebDriver instance is created for : ActionDriver
2026-09-09 15:15:02 [TestNG-tests-1] INFO  BaseClass - ActionDriver Initialize form Thread 25
2026-09-09 15:15:02 [TestNG-tests-1] INFO  ActionDriver - Value entered on Element with name: username is  Admin
2026-09-09 15:15:02 [TestNG-tests-1] INFO  ActionDriver - Value entered on Element with name: password is  admin123
2026-09-09 15:15:02 [TestNG-tests-1] INFO  ActionDriver - Clicked on element  ---> : Element with text: Login
2026-09-09 15:15:03 [TestNG-tests-1] INFO  ActionDriver - Element : Unable to describe the element is displayed
2026-09-09 15:15:04 [TestNG-tests-1] INFO  BaseClass - WebDriver instance is closed for :  HomeTest
2026-09-09 15:17:31 [TestNG-test-OrangeHRM Test 1-4] INFO  BaseClass - properties.config File Loaded successfully
2026-09-09 15:17:31 [TestNG-test-OrangeHRM Test 1-3] INFO  BaseClass - properties.config File Loaded successfully
2026-09-09 15:17:31 [TestNG-test-OrangeHRM Test 1-5] INFO  BaseClass - properties.config File Loaded successfully
2026-09-09 15:17:31 [TestNG-test-OrangeHRM Test 1-2] INFO  BaseClass - properties.config File Loaded successfully
2026-09-09 15:17:31 [TestNG-test-OrangeHRM Test 1-1] INFO  BaseClass - properties.config File Loaded successfully
2026-09-09 15:17:44 [TestNG-test-OrangeHRM Test 1-5] INFO  BaseClass - ChromeDriver Instance Initialized successfully
2026-09-09 15:17:44 [TestNG-test-OrangeHRM Test 1-4] INFO  BaseClass - ChromeDriver Instance Initialized successfully
2026-09-09 15:17:44 [TestNG-test-OrangeHRM Test 1-1] INFO  BaseClass - ChromeDriver Instance Initialized successfully
2026-09-09 15:17:44 [TestNG-test-OrangeHRM Test 1-3] INFO  BaseClass - ChromeDriver Instance Initialized successfully
2026-09-09 15:17:44 [TestNG-test-OrangeHRM Test 1-2] INFO  BaseClass - ChromeDriver Instance Initialized successfully
2026-09-09 15:17:48 [TestNG-test-OrangeHRM Test 1-1] INFO  BaseClass - WebDriver Initialized and Browser Opened and Maximized
2026-09-09 15:17:48 [TestNG-test-OrangeHRM Test 1-1] TRACE BaseClass - This is a trace message
2026-09-09 15:17:48 [TestNG-test-OrangeHRM Test 1-1] DEBUG BaseClass - This is a debug message
2026-09-09 15:17:48 [TestNG-test-OrangeHRM Test 1-1] WARN  BaseClass - This is an warning message
2026-09-09 15:17:48 [TestNG-test-OrangeHRM Test 1-1] INFO  ActionDriver - WebDriver instance is created for : ActionDriver
2026-09-09 15:17:48 [TestNG-test-OrangeHRM Test 1-1] INFO  BaseClass - ActionDriver Initialize form Thread 28
2026-09-09 15:17:48 [TestNG-test-OrangeHRM Test 1-3] INFO  BaseClass - WebDriver Initialized and Browser Opened and Maximized
2026-09-09 15:17:48 [TestNG-test-OrangeHRM Test 1-3] TRACE BaseClass - This is a trace message
2026-09-09 15:17:48 [TestNG-test-OrangeHRM Test 1-3] DEBUG BaseClass - This is a debug message
2026-09-09 15:17:48 [TestNG-test-OrangeHRM Test 1-3] WARN  BaseClass - This is an warning message
2026-09-09 15:17:48 [TestNG-test-OrangeHRM Test 1-3] INFO  ActionDriver - WebDriver instance is created for : ActionDriver
2026-09-09 15:17:48 [TestNG-test-OrangeHRM Test 1-3] INFO  BaseClass - ActionDriver Initialize form Thread 30
2026-09-09 15:17:48 [TestNG-test-OrangeHRM Test 1-4] INFO  BaseClass - WebDriver Initialized and Browser Opened and Maximized
2026-09-09 15:17:48 [TestNG-test-OrangeHRM Test 1-4] TRACE BaseClass - This is a trace message
2026-09-09 15:17:48 [TestNG-test-OrangeHRM Test 1-4] DEBUG BaseClass - This is a debug message
2026-09-09 15:17:48 [TestNG-test-OrangeHRM Test 1-4] WARN  BaseClass - This is an warning message
2026-09-09 15:17:48 [TestNG-test-OrangeHRM Test 1-4] INFO  ActionDriver - WebDriver instance is created for : ActionDriver
2026-09-09 15:17:48 [TestNG-test-OrangeHRM Test 1-4] INFO  BaseClass - ActionDriver Initialize form Thread 31
2026-09-09 15:18:44 [TestNG-test-OrangeHRM Test 1-2] INFO  BaseClass - WebDriver Initialized and Browser Opened and Maximized
2026-09-09 15:18:44 [TestNG-test-OrangeHRM Test 1-2] TRACE BaseClass - This is a trace message
2026-09-09 15:18:44 [TestNG-test-OrangeHRM Test 1-2] DEBUG BaseClass - This is a debug message
2026-09-09 15:18:44 [TestNG-test-OrangeHRM Test 1-2] WARN  BaseClass - This is an warning message
2026-09-09 15:18:44 [TestNG-test-OrangeHRM Test 1-2] INFO  ActionDriver - WebDriver instance is created for : ActionDriver
2026-09-09 15:18:44 [TestNG-test-OrangeHRM Test 1-2] INFO  BaseClass - ActionDriver Initialize form Thread 29
2026-09-09 15:18:45 [TestNG-test-OrangeHRM Test 1-2] INFO  BaseClass - WebDriver instance is closed for :  DummyClass2
2026-09-09 15:18:47 [TestNG-test-OrangeHRM Test 1-1] INFO  BaseClass - WebDriver instance is closed for :  DummyClass
2026-09-09 15:18:50 [TestNG-test-OrangeHRM Test 1-5] INFO  BaseClass - WebDriver Initialized and Browser Opened and Maximized
2026-09-09 15:18:50 [TestNG-test-OrangeHRM Test 1-5] TRACE BaseClass - This is a trace message
2026-09-09 15:18:50 [TestNG-test-OrangeHRM Test 1-5] DEBUG BaseClass - This is a debug message
2026-09-09 15:18:50 [TestNG-test-OrangeHRM Test 1-5] WARN  BaseClass - This is an warning message
2026-09-09 15:18:50 [TestNG-test-OrangeHRM Test 1-5] INFO  ActionDriver - WebDriver instance is created for : ActionDriver
2026-09-09 15:18:50 [TestNG-test-OrangeHRM Test 1-5] INFO  BaseClass - ActionDriver Initialize form Thread 32
2026-09-09 15:18:50 [TestNG-test-OrangeHRM Test 1-5] INFO  ActionDriver - Value entered on Element with name: username is  Admin
2026-09-09 15:18:50 [TestNG-test-OrangeHRM Test 1-5] INFO  ActionDriver - Value entered on Element with name: password is  admin123
2026-09-09 15:18:51 [TestNG-test-OrangeHRM Test 1-4] INFO  ActionDriver - Value entered on Element with name: username is  Admin
2026-09-09 15:18:51 [TestNG-test-OrangeHRM Test 1-3] INFO  ActionDriver - Value entered on Element with name: username is  Admin
2026-09-09 15:18:51 [TestNG-test-OrangeHRM Test 1-4] INFO  ActionDriver - Value entered on Element with name: password is  admin123
2026-09-09 15:18:51 [TestNG-test-OrangeHRM Test 1-3] INFO  ActionDriver - Value entered on Element with name: password is  admin1234
2026-09-09 15:18:51 [TestNG-test-OrangeHRM Test 1-4] INFO  ActionDriver - Clicked on element  ---> : Element with text: Login
2026-09-09 15:18:54 [TestNG-test-OrangeHRM Test 1-5] INFO  ActionDriver - Clicked on element  ---> : Element with text: Login
2026-09-09 15:18:55 [TestNG-test-OrangeHRM Test 1-5] INFO  ActionDriver - Element : Unable to describe the element is displayed
2026-09-09 15:18:56 [TestNG-test-OrangeHRM Test 1-5] INFO  BaseClass - WebDriver instance is closed for :  HomeTest
2026-09-09 15:19:25 [TestNG-test-OrangeHRM Test 1-3] INFO  ActionDriver - Actual Text : Invalid credentials match to | Expected Value: Invalid credentials
2026-09-09 15:19:25 [TestNG-test-OrangeHRM Test 1-3] INFO  BaseClass - WebDriver instance is closed for :  LoginTest
2026-09-09 15:19:26 [TestNG-test-OrangeHRM Test 1-4] INFO  BaseClass - WebDriver instance is closed for :  LoginTest
2026-09-09 15:44:32 [TestNG-test-OrangeHRM Test 1-1] INFO  BaseClass - properties.config File Loaded successfully
2026-09-09 15:44:32 [TestNG-test-OrangeHRM Test 1-5] INFO  BaseClass - properties.config File Loaded successfully
2026-09-09 15:44:32 [TestNG-test-OrangeHRM Test 1-4] INFO  BaseClass - properties.config File Loaded successfully
2026-09-09 15:44:32 [TestNG-test-OrangeHRM Test 1-2] INFO  BaseClass - properties.config File Loaded successfully
2026-09-09 15:45:00 [TestNG-test-OrangeHRM Test 1-4] INFO  BaseClass - ChromeDriver Instance Initialized successfully
2026-09-09 15:45:00 [TestNG-test-OrangeHRM Test 1-1] INFO  BaseClass - ChromeDriver Instance Initialized successfully
2026-09-09 15:45:00 [TestNG-test-OrangeHRM Test 1-2] INFO  BaseClass - ChromeDriver Instance Initialized successfully
2026-09-09 15:45:03 [TestNG-test-OrangeHRM Test 1-5] INFO  BaseClass - ChromeDriver Instance Initialized successfully
2026-09-09 15:45:04 [TestNG-test-OrangeHRM Test 1-2] INFO  BaseClass - WebDriver Initialized and Browser Opened and Maximized
2026-09-09 15:45:04 [TestNG-test-OrangeHRM Test 1-2] TRACE BaseClass - This is a trace message
2026-09-09 15:45:04 [TestNG-test-OrangeHRM Test 1-2] DEBUG BaseClass - This is a debug message
2026-09-09 15:45:04 [TestNG-test-OrangeHRM Test 1-2] WARN  BaseClass - This is an warning message
2026-09-09 15:45:05 [TestNG-test-OrangeHRM Test 1-2] INFO  ActionDriver - WebDriver instance is created for : ActionDriver
2026-09-09 15:45:05 [TestNG-test-OrangeHRM Test 1-2] INFO  BaseClass - ActionDriver Initialize form Thread 27
2026-09-09 15:45:11 [TestNG-test-OrangeHRM Test 1-2] INFO  BaseClass - WebDriver instance is closed for :  DummyClass2
2026-09-09 15:45:38 [TestNG-test-OrangeHRM Test 1-1] INFO  BaseClass - WebDriver Initialized and Browser Opened and Maximized
2026-09-09 15:45:38 [TestNG-test-OrangeHRM Test 1-1] TRACE BaseClass - This is a trace message
2026-09-09 15:45:38 [TestNG-test-OrangeHRM Test 1-1] DEBUG BaseClass - This is a debug message
2026-09-09 15:45:38 [TestNG-test-OrangeHRM Test 1-1] WARN  BaseClass - This is an warning message
2026-09-09 15:45:38 [TestNG-test-OrangeHRM Test 1-1] INFO  ActionDriver - WebDriver instance is created for : ActionDriver
2026-09-09 15:45:38 [TestNG-test-OrangeHRM Test 1-1] INFO  BaseClass - ActionDriver Initialize form Thread 26
2026-09-09 15:45:39 [TestNG-test-OrangeHRM Test 1-1] INFO  BaseClass - WebDriver instance is closed for :  DummyClass
2026-09-09 15:45:40 [TestNG-test-OrangeHRM Test 1-4] INFO  BaseClass - WebDriver Initialized and Browser Opened and Maximized
2026-09-09 15:45:40 [TestNG-test-OrangeHRM Test 1-4] TRACE BaseClass - This is a trace message
2026-09-09 15:45:40 [TestNG-test-OrangeHRM Test 1-4] DEBUG BaseClass - This is a debug message
2026-09-09 15:45:40 [TestNG-test-OrangeHRM Test 1-4] WARN  BaseClass - This is an warning message
2026-09-09 15:45:40 [TestNG-test-OrangeHRM Test 1-4] INFO  ActionDriver - WebDriver instance is created for : ActionDriver
2026-09-09 15:45:40 [TestNG-test-OrangeHRM Test 1-4] INFO  BaseClass - ActionDriver Initialize form Thread 29
2026-09-09 15:45:40 [TestNG-test-OrangeHRM Test 1-3] INFO  BaseClass - properties.config File Loaded successfully
2026-09-09 15:45:40 [TestNG-test-OrangeHRM Test 1-4] INFO  ActionDriver - Value entered on Element with name: username is  Admin
2026-09-09 15:45:41 [TestNG-test-OrangeHRM Test 1-4] INFO  ActionDriver - Value entered on Element with name: password is  admin123
2026-09-09 15:45:41 [TestNG-test-OrangeHRM Test 1-4] INFO  ActionDriver - Clicked on element  ---> : Element with text: Login
2026-09-09 15:45:42 [TestNG-test-OrangeHRM Test 1-3] INFO  BaseClass - ChromeDriver Instance Initialized successfully
2026-09-09 15:45:44 [TestNG-test-OrangeHRM Test 1-4] INFO  ActionDriver - Element : Element with text: Admin is displayed
2026-09-09 15:45:44 [TestNG-test-OrangeHRM Test 1-4] INFO  ActionDriver - Clicked on element  ---> : Element with text: Mat Tem
2026-09-09 15:45:46 [TestNG-test-OrangeHRM Test 1-5] INFO  BaseClass - WebDriver Initialized and Browser Opened and Maximized
2026-09-09 15:45:46 [TestNG-test-OrangeHRM Test 1-5] TRACE BaseClass - This is a trace message
2026-09-09 15:45:46 [TestNG-test-OrangeHRM Test 1-5] DEBUG BaseClass - This is a debug message
2026-09-09 15:45:46 [TestNG-test-OrangeHRM Test 1-5] WARN  BaseClass - This is an warning message
2026-09-09 15:45:46 [TestNG-test-OrangeHRM Test 1-5] INFO  ActionDriver - WebDriver instance is created for : ActionDriver
2026-09-09 15:45:46 [TestNG-test-OrangeHRM Test 1-5] INFO  BaseClass - ActionDriver Initialize form Thread 30
2026-09-09 15:45:46 [TestNG-test-OrangeHRM Test 1-5] INFO  ActionDriver - Value entered on Element with name: username is  Admin
2026-09-09 15:45:46 [TestNG-test-OrangeHRM Test 1-4] INFO  ActionDriver - Clicked on element  ---> : Element with text: Logout
2026-09-09 15:45:46 [TestNG-test-OrangeHRM Test 1-5] INFO  ActionDriver - Value entered on Element with name: password is  admin123
2026-09-09 15:45:48 [TestNG-test-OrangeHRM Test 1-5] INFO  ActionDriver - Clicked on element  ---> : Element with text: Login
2026-09-09 15:45:49 [TestNG-test-OrangeHRM Test 1-5] INFO  ActionDriver - Element : Unable to describe the element is displayed
2026-09-09 15:45:49 [TestNG-test-OrangeHRM Test 1-5] INFO  BaseClass - WebDriver instance is closed for :  HomeTest
2026-09-09 15:45:54 [TestNG-test-OrangeHRM Test 1-3] INFO  BaseClass - WebDriver Initialized and Browser Opened and Maximized
2026-09-09 15:45:54 [TestNG-test-OrangeHRM Test 1-3] TRACE BaseClass - This is a trace message
2026-09-09 15:45:54 [TestNG-test-OrangeHRM Test 1-3] DEBUG BaseClass - This is a debug message
2026-09-09 15:45:54 [TestNG-test-OrangeHRM Test 1-3] WARN  BaseClass - This is an warning message
2026-09-09 15:45:54 [TestNG-test-OrangeHRM Test 1-3] INFO  ActionDriver - WebDriver instance is created for : ActionDriver
2026-09-09 15:45:54 [TestNG-test-OrangeHRM Test 1-3] INFO  BaseClass - ActionDriver Initialize form Thread 28
2026-09-09 15:45:55 [TestNG-test-OrangeHRM Test 1-3] INFO  ActionDriver - Value entered on Element with name: username is  Admin
2026-09-09 15:45:55 [TestNG-test-OrangeHRM Test 1-3] INFO  ActionDriver - Value entered on Element with name: password is  admin1234
2026-09-09 15:45:55 [TestNG-test-OrangeHRM Test 1-4] INFO  BaseClass - WebDriver instance is closed for :  LoginTest
2026-09-09 15:45:55 [TestNG-test-OrangeHRM Test 1-3] INFO  ActionDriver - Clicked on element  ---> : Element with text: Login
2026-09-09 15:45:57 [TestNG-test-OrangeHRM Test 1-3] INFO  ActionDriver - Actual Text : Invalid credentials match to | Expected Value: Invalid credentials
2026-09-09 15:45:57 [TestNG-test-OrangeHRM Test 1-3] INFO  BaseClass - WebDriver instance is closed for :  LoginTest
2026-09-09 15:49:25 [TestNG-test-OrangeHRM Test 1-1] INFO  BaseClass - properties.config File Loaded successfully
2026-09-09 15:49:25 [TestNG-test-OrangeHRM Test 1-2] INFO  BaseClass - properties.config File Loaded successfully
2026-09-09 15:49:25 [TestNG-test-OrangeHRM Test 1-3] INFO  BaseClass - properties.config File Loaded successfully
2026-09-09 15:49:25 [TestNG-test-OrangeHRM Test 1-4] INFO  BaseClass - properties.config File Loaded successfully
2026-09-09 15:49:32 [TestNG-test-OrangeHRM Test 1-2] INFO  BaseClass - ChromeDriver Instance Initialized successfully
2026-09-09 15:49:32 [TestNG-test-OrangeHRM Test 1-3] INFO  BaseClass - ChromeDriver Instance Initialized successfully
2026-09-09 15:49:32 [TestNG-test-OrangeHRM Test 1-4] INFO  BaseClass - ChromeDriver Instance Initialized successfully
2026-09-09 15:49:36 [TestNG-test-OrangeHRM Test 1-2] INFO  BaseClass - WebDriver Initialized and Browser Opened and Maximized
2026-09-09 15:49:36 [TestNG-test-OrangeHRM Test 1-2] TRACE BaseClass - This is a trace message
2026-09-09 15:49:36 [TestNG-test-OrangeHRM Test 1-2] DEBUG BaseClass - This is a debug message
2026-09-09 15:49:36 [TestNG-test-OrangeHRM Test 1-2] WARN  BaseClass - This is an warning message
2026-09-09 15:49:36 [TestNG-test-OrangeHRM Test 1-2] INFO  ActionDriver - WebDriver instance is created for : ActionDriver
2026-09-09 15:49:36 [TestNG-test-OrangeHRM Test 1-2] INFO  BaseClass - ActionDriver Initialize form Thread 26
2026-09-09 15:49:37 [TestNG-test-OrangeHRM Test 1-1] INFO  BaseClass - ChromeDriver Instance Initialized successfully
2026-09-09 15:49:43 [TestNG-test-OrangeHRM Test 1-1] INFO  BaseClass - WebDriver Initialized and Browser Opened and Maximized
2026-09-09 15:49:43 [TestNG-test-OrangeHRM Test 1-1] TRACE BaseClass - This is a trace message
2026-09-09 15:49:43 [TestNG-test-OrangeHRM Test 1-1] DEBUG BaseClass - This is a debug message
2026-09-09 15:49:43 [TestNG-test-OrangeHRM Test 1-1] WARN  BaseClass - This is an warning message
2026-09-09 15:49:43 [TestNG-test-OrangeHRM Test 1-1] INFO  ActionDriver - WebDriver instance is created for : ActionDriver
2026-09-09 15:49:43 [TestNG-test-OrangeHRM Test 1-1] INFO  BaseClass - ActionDriver Initialize form Thread 25
2026-09-09 15:49:47 [TestNG-test-OrangeHRM Test 1-3] INFO  BaseClass - WebDriver Initialized and Browser Opened and Maximized
2026-09-09 15:49:47 [TestNG-test-OrangeHRM Test 1-3] TRACE BaseClass - This is a trace message
2026-09-09 15:49:47 [TestNG-test-OrangeHRM Test 1-3] DEBUG BaseClass - This is a debug message
2026-09-09 15:49:47 [TestNG-test-OrangeHRM Test 1-3] WARN  BaseClass - This is an warning message
2026-09-09 15:49:47 [TestNG-test-OrangeHRM Test 1-3] INFO  ActionDriver - WebDriver instance is created for : ActionDriver
2026-09-09 15:49:47 [TestNG-test-OrangeHRM Test 1-3] INFO  BaseClass - ActionDriver Initialize form Thread 27
2026-09-09 15:49:47 [TestNG-test-OrangeHRM Test 1-3] INFO  ActionDriver - Value entered on Element with name: username is  Admin
2026-09-09 15:49:48 [TestNG-test-OrangeHRM Test 1-3] INFO  ActionDriver - Value entered on Element with name: password is  admin1234
2026-09-09 15:49:50 [TestNG-test-OrangeHRM Test 1-3] INFO  ActionDriver - Clicked on element  ---> : Element with text: Login
2026-09-09 15:49:50 [TestNG-test-OrangeHRM Test 1-2] INFO  BaseClass - WebDriver instance is closed for :  DummyClass2
2026-09-09 15:49:51 [TestNG-test-OrangeHRM Test 1-3] INFO  ActionDriver - Actual Text : Invalid credentials match to | Expected Value: Invalid credentials
2026-09-09 15:49:51 [TestNG-test-OrangeHRM Test 1-3] INFO  BaseClass - WebDriver instance is closed for :  LoginTest
2026-09-09 15:49:51 [TestNG-test-OrangeHRM Test 1-3] INFO  BaseClass - properties.config File Loaded successfully
2026-09-09 15:49:54 [TestNG-test-OrangeHRM Test 1-4] INFO  BaseClass - WebDriver Initialized and Browser Opened and Maximized
2026-09-09 15:49:54 [TestNG-test-OrangeHRM Test 1-4] TRACE BaseClass - This is a trace message
2026-09-09 15:49:54 [TestNG-test-OrangeHRM Test 1-4] DEBUG BaseClass - This is a debug message
2026-09-09 15:49:54 [TestNG-test-OrangeHRM Test 1-4] WARN  BaseClass - This is an warning message
2026-09-09 15:49:54 [TestNG-test-OrangeHRM Test 1-4] INFO  ActionDriver - WebDriver instance is created for : ActionDriver
2026-09-09 15:49:54 [TestNG-test-OrangeHRM Test 1-4] INFO  BaseClass - ActionDriver Initialize form Thread 28
2026-09-09 15:49:54 [TestNG-test-OrangeHRM Test 1-3] INFO  BaseClass - ChromeDriver Instance Initialized successfully
2026-09-09 15:49:54 [TestNG-test-OrangeHRM Test 1-4] INFO  ActionDriver - Value entered on Element with name: username is  Admin
2026-09-09 15:49:55 [TestNG-test-OrangeHRM Test 1-4] INFO  ActionDriver - Value entered on Element with name: password is  admin123
2026-09-09 15:50:02 [TestNG-test-OrangeHRM Test 1-4] INFO  ActionDriver - Clicked on element  ---> : Element with text: Login
2026-09-09 15:50:02 [TestNG-test-OrangeHRM Test 1-4] INFO  ActionDriver - Element : Unable to describe the element is displayed
2026-09-09 15:50:03 [TestNG-test-OrangeHRM Test 1-4] INFO  BaseClass - WebDriver instance is closed for :  HomeTest
2026-09-09 15:50:14 [TestNG-test-OrangeHRM Test 1-1] INFO  BaseClass - WebDriver instance is closed for :  DummyClass
2026-09-09 15:50:16 [TestNG-test-OrangeHRM Test 1-3] INFO  BaseClass - WebDriver Initialized and Browser Opened and Maximized
2026-09-09 15:50:16 [TestNG-test-OrangeHRM Test 1-3] TRACE BaseClass - This is a trace message
2026-09-09 15:50:16 [TestNG-test-OrangeHRM Test 1-3] DEBUG BaseClass - This is a debug message
2026-09-09 15:50:16 [TestNG-test-OrangeHRM Test 1-3] WARN  BaseClass - This is an warning message
2026-09-09 15:50:16 [TestNG-test-OrangeHRM Test 1-3] INFO  ActionDriver - WebDriver instance is created for : ActionDriver
2026-09-09 15:50:16 [TestNG-test-OrangeHRM Test 1-3] INFO  BaseClass - ActionDriver Initialize form Thread 27
2026-09-09 15:50:16 [TestNG-test-OrangeHRM Test 1-3] INFO  ActionDriver - Value entered on Element with name: username is  Admin
2026-09-09 15:50:16 [TestNG-test-OrangeHRM Test 1-3] INFO  ActionDriver - Value entered on Element with name: password is  admin123
2026-09-09 15:50:16 [TestNG-test-OrangeHRM Test 1-3] INFO  ActionDriver - Clicked on element  ---> : Element with text: Login
2026-09-09 15:50:18 [TestNG-test-OrangeHRM Test 1-3] INFO  ActionDriver - Element : Element with text: Admin is displayed
2026-09-09 15:50:18 [TestNG-test-OrangeHRM Test 1-3] INFO  ActionDriver - Clicked on element  ---> : Element with text: Mat Tem
2026-09-09 15:50:20 [TestNG-test-OrangeHRM Test 1-3] INFO  ActionDriver - Clicked on element  ---> : Element with text: Logout
2026-09-09 15:50:22 [TestNG-test-OrangeHRM Test 1-3] INFO  BaseClass - WebDriver instance is closed for :  LoginTest
2026-09-09 16:09:29 [TestNG-test-OrangeHRM Test 1-2] INFO  BaseClass - properties.config File Loaded successfully
2026-09-09 16:09:29 [TestNG-test-OrangeHRM Test 1-4] INFO  BaseClass - properties.config File Loaded successfully
2026-09-09 16:09:29 [TestNG-test-OrangeHRM Test 1-3] INFO  BaseClass - properties.config File Loaded successfully
2026-09-09 16:09:29 [TestNG-test-OrangeHRM Test 1-1] INFO  BaseClass - properties.config File Loaded successfully
2026-09-09 16:09:43 [TestNG-test-OrangeHRM Test 1-4] INFO  BaseClass - FirefoxDriver Instance Initialized successfully
2026-09-09 16:09:44 [TestNG-test-OrangeHRM Test 1-2] INFO  BaseClass - FirefoxDriver Instance Initialized successfully
2026-09-09 16:09:44 [TestNG-test-OrangeHRM Test 1-3] INFO  BaseClass - FirefoxDriver Instance Initialized successfully
2026-09-09 16:09:49 [TestNG-test-OrangeHRM Test 1-1] INFO  BaseClass - FirefoxDriver Instance Initialized successfully
2026-09-09 16:10:23 [TestNG-test-OrangeHRM Test 1-3] INFO  BaseClass - WebDriver Initialized and Browser Opened and Maximized
2026-09-09 16:10:23 [TestNG-test-OrangeHRM Test 1-3] TRACE BaseClass - This is a trace message
2026-09-09 16:10:23 [TestNG-test-OrangeHRM Test 1-3] DEBUG BaseClass - This is a debug message
2026-09-09 16:10:23 [TestNG-test-OrangeHRM Test 1-3] WARN  BaseClass - This is an warning message
2026-09-09 16:10:23 [TestNG-test-OrangeHRM Test 1-3] INFO  ActionDriver - WebDriver instance is created for : ActionDriver
2026-09-09 16:10:23 [TestNG-test-OrangeHRM Test 1-3] INFO  BaseClass - ActionDriver Initialize form Thread 28
2026-09-09 16:10:24 [TestNG-test-OrangeHRM Test 1-3] INFO  ActionDriver - Value entered on Element with name: username is  Admin
2026-09-09 16:10:24 [TestNG-test-OrangeHRM Test 1-3] INFO  ActionDriver - Value entered on Element with name: password is  admin1234
2026-09-09 16:10:27 [TestNG-test-OrangeHRM Test 1-2] INFO  BaseClass - WebDriver Initialized and Browser Opened and Maximized
2026-09-09 16:10:27 [TestNG-test-OrangeHRM Test 1-2] TRACE BaseClass - This is a trace message
2026-09-09 16:10:27 [TestNG-test-OrangeHRM Test 1-2] DEBUG BaseClass - This is a debug message
2026-09-09 16:10:27 [TestNG-test-OrangeHRM Test 1-2] WARN  BaseClass - This is an warning message
2026-09-09 16:10:27 [TestNG-test-OrangeHRM Test 1-2] INFO  ActionDriver - WebDriver instance is created for : ActionDriver
2026-09-09 16:10:27 [TestNG-test-OrangeHRM Test 1-2] INFO  BaseClass - ActionDriver Initialize form Thread 27
2026-09-09 16:10:29 [TestNG-test-OrangeHRM Test 1-3] INFO  ActionDriver - Clicked on element  ---> : Element with text: Login
2026-09-09 16:10:29 [TestNG-test-OrangeHRM Test 1-3] INFO  ActionDriver - Actual Text : Invalid credentials match to | Expected Value: Invalid credentials
2026-09-09 16:10:29 [TestNG-test-OrangeHRM Test 1-2] INFO  BaseClass - WebDriver instance is closed for :  DummyClass2
2026-09-09 16:10:30 [TestNG-test-OrangeHRM Test 1-4] INFO  BaseClass - WebDriver Initialized and Browser Opened and Maximized
2026-09-09 16:10:30 [TestNG-test-OrangeHRM Test 1-4] TRACE BaseClass - This is a trace message
2026-09-09 16:10:30 [TestNG-test-OrangeHRM Test 1-4] DEBUG BaseClass - This is a debug message
2026-09-09 16:10:30 [TestNG-test-OrangeHRM Test 1-4] WARN  BaseClass - This is an warning message
2026-09-09 16:10:30 [TestNG-test-OrangeHRM Test 1-4] INFO  ActionDriver - WebDriver instance is created for : ActionDriver
2026-09-09 16:10:30 [TestNG-test-OrangeHRM Test 1-4] INFO  BaseClass - ActionDriver Initialize form Thread 29
2026-09-09 16:10:31 [TestNG-test-OrangeHRM Test 1-4] INFO  ActionDriver - Value entered on Element with name: username is  Admin
2026-09-09 16:10:31 [TestNG-test-OrangeHRM Test 1-4] INFO  ActionDriver - Value entered on Element with name: password is  admin123
2026-09-09 16:10:36 [TestNG-test-OrangeHRM Test 1-4] INFO  ActionDriver - Clicked on element  ---> : Element with text: Login
2026-09-09 16:10:36 [TestNG-test-OrangeHRM Test 1-3] INFO  BaseClass - WebDriver instance is closed for :  LoginTest
2026-09-09 16:10:36 [TestNG-test-OrangeHRM Test 1-3] INFO  BaseClass - properties.config File Loaded successfully
2026-09-09 16:10:37 [TestNG-test-OrangeHRM Test 1-4] INFO  ActionDriver - Element : Unable to describe the element is displayed
2026-09-09 16:10:39 [TestNG-test-OrangeHRM Test 1-4] INFO  BaseClass - WebDriver instance is closed for :  HomeTest
2026-09-09 16:10:41 [TestNG-test-OrangeHRM Test 1-1] INFO  BaseClass - WebDriver Initialized and Browser Opened and Maximized
2026-09-09 16:10:41 [TestNG-test-OrangeHRM Test 1-1] TRACE BaseClass - This is a trace message
2026-09-09 16:10:41 [TestNG-test-OrangeHRM Test 1-1] DEBUG BaseClass - This is a debug message
2026-09-09 16:10:41 [TestNG-test-OrangeHRM Test 1-1] WARN  BaseClass - This is an warning message
2026-09-09 16:10:41 [TestNG-test-OrangeHRM Test 1-1] INFO  ActionDriver - WebDriver instance is created for : ActionDriver
2026-09-09 16:10:41 [TestNG-test-OrangeHRM Test 1-1] INFO  BaseClass - ActionDriver Initialize form Thread 26
2026-09-09 16:10:43 [TestNG-test-OrangeHRM Test 1-1] INFO  BaseClass - WebDriver instance is closed for :  DummyClass
2026-09-09 16:10:46 [TestNG-test-OrangeHRM Test 1-3] INFO  BaseClass - FirefoxDriver Instance Initialized successfully
2026-09-09 16:10:55 [TestNG-test-OrangeHRM Test 1-3] INFO  BaseClass - WebDriver Initialized and Browser Opened and Maximized
2026-09-09 16:10:55 [TestNG-test-OrangeHRM Test 1-3] TRACE BaseClass - This is a trace message
2026-09-09 16:10:55 [TestNG-test-OrangeHRM Test 1-3] DEBUG BaseClass - This is a debug message
2026-09-09 16:10:55 [TestNG-test-OrangeHRM Test 1-3] WARN  BaseClass - This is an warning message
2026-09-09 16:10:55 [TestNG-test-OrangeHRM Test 1-3] INFO  ActionDriver - WebDriver instance is created for : ActionDriver
2026-09-09 16:10:55 [TestNG-test-OrangeHRM Test 1-3] INFO  BaseClass - ActionDriver Initialize form Thread 28
2026-09-09 16:10:55 [TestNG-test-OrangeHRM Test 1-3] INFO  ActionDriver - Value entered on Element with name: username is  Admin
2026-09-09 16:10:55 [TestNG-test-OrangeHRM Test 1-3] INFO  ActionDriver - Value entered on Element with name: password is  admin123
2026-09-09 16:10:56 [TestNG-test-OrangeHRM Test 1-3] INFO  ActionDriver - Clicked on element  ---> : Element with text: Login
2026-09-09 16:10:57 [TestNG-test-OrangeHRM Test 1-3] INFO  ActionDriver - Element : Element with text: Admin is displayed
2026-09-09 16:10:57 [TestNG-test-OrangeHRM Test 1-3] INFO  ActionDriver - Clicked on element  ---> : Element with text: Mat Tem
2026-09-09 16:10:59 [TestNG-test-OrangeHRM Test 1-3] INFO  ActionDriver - Clicked on element  ---> : Element with text: Logout
2026-09-09 16:11:02 [TestNG-test-OrangeHRM Test 1-3] INFO  BaseClass - WebDriver instance is closed for :  LoginTest
2026-09-09 16:11:35 [TestNG-test-OrangeHRM Test 1-3] INFO  BaseClass - properties.config File Loaded successfully
2026-09-09 16:11:35 [TestNG-test-OrangeHRM Test 1-1] INFO  BaseClass - properties.config File Loaded successfully
2026-09-09 16:11:35 [TestNG-test-OrangeHRM Test 1-2] INFO  BaseClass - properties.config File Loaded successfully
2026-09-09 16:11:35 [TestNG-test-OrangeHRM Test 1-4] INFO  BaseClass - properties.config File Loaded successfully
2026-09-09 16:11:58 [TestNG-test-OrangeHRM Test 1-1] INFO  BaseClass - EdgeDriver Instance Initialized successfully
2026-09-09 16:12:09 [TestNG-test-OrangeHRM Test 1-1] INFO  BaseClass - WebDriver Initialized and Browser Opened and Maximized
2026-09-09 16:12:09 [TestNG-test-OrangeHRM Test 1-1] TRACE BaseClass - This is a trace message
2026-09-09 16:12:09 [TestNG-test-OrangeHRM Test 1-1] DEBUG BaseClass - This is a debug message
2026-09-09 16:12:09 [TestNG-test-OrangeHRM Test 1-1] WARN  BaseClass - This is an warning message
2026-09-09 16:12:09 [TestNG-test-OrangeHRM Test 1-1] INFO  ActionDriver - WebDriver instance is created for : ActionDriver
2026-09-09 16:12:09 [TestNG-test-OrangeHRM Test 1-1] INFO  BaseClass - ActionDriver Initialize form Thread 26
2026-09-09 16:12:10 [TestNG-test-OrangeHRM Test 1-1] INFO  BaseClass - WebDriver instance is closed for :  DummyClass
2026-09-09 16:12:18 [TestNG-test-OrangeHRM Test 1-4] INFO  BaseClass - EdgeDriver Instance Initialized successfully
2026-09-09 16:12:18 [TestNG-test-OrangeHRM Test 1-3] INFO  BaseClass - EdgeDriver Instance Initialized successfully
2026-09-09 16:12:18 [TestNG-test-OrangeHRM Test 1-2] INFO  BaseClass - EdgeDriver Instance Initialized successfully
2026-09-09 16:12:21 [TestNG-test-OrangeHRM Test 1-3] INFO  BaseClass - WebDriver Initialized and Browser Opened and Maximized
2026-09-09 16:12:21 [TestNG-test-OrangeHRM Test 1-3] TRACE BaseClass - This is a trace message
2026-09-09 16:12:21 [TestNG-test-OrangeHRM Test 1-3] DEBUG BaseClass - This is a debug message
2026-09-09 16:12:21 [TestNG-test-OrangeHRM Test 1-3] WARN  BaseClass - This is an warning message
2026-09-09 16:12:21 [TestNG-test-OrangeHRM Test 1-3] INFO  ActionDriver - WebDriver instance is created for : ActionDriver
2026-09-09 16:12:21 [TestNG-test-OrangeHRM Test 1-3] INFO  BaseClass - ActionDriver Initialize form Thread 28
2026-09-09 16:12:32 [TestNG-test-OrangeHRM Test 1-4] INFO  BaseClass - WebDriver Initialized and Browser Opened and Maximized
2026-09-09 16:12:32 [TestNG-test-OrangeHRM Test 1-4] TRACE BaseClass - This is a trace message
2026-09-09 16:12:32 [TestNG-test-OrangeHRM Test 1-4] DEBUG BaseClass - This is a debug message
2026-09-09 16:12:32 [TestNG-test-OrangeHRM Test 1-4] WARN  BaseClass - This is an warning message
2026-09-09 16:12:32 [TestNG-test-OrangeHRM Test 1-4] INFO  ActionDriver - WebDriver instance is created for : ActionDriver
2026-09-09 16:12:32 [TestNG-test-OrangeHRM Test 1-4] INFO  BaseClass - ActionDriver Initialize form Thread 29
2026-09-09 16:12:32 [TestNG-test-OrangeHRM Test 1-4] INFO  ActionDriver - Value entered on Element with name: username is  Admin
2026-09-09 16:12:32 [TestNG-test-OrangeHRM Test 1-4] INFO  ActionDriver - Value entered on Element with name: password is  admin123
2026-09-09 16:12:33 [TestNG-test-OrangeHRM Test 1-4] INFO  ActionDriver - Clicked on element  ---> : Element with text: Login
2026-09-09 16:12:35 [TestNG-test-OrangeHRM Test 1-4] INFO  ActionDriver - Element : Unable to describe the element is displayed
2026-09-09 16:12:35 [TestNG-test-OrangeHRM Test 1-4] INFO  BaseClass - WebDriver instance is closed for :  HomeTest
2026-09-09 16:12:35 [TestNG-test-OrangeHRM Test 1-2] INFO  BaseClass - WebDriver Initialized and Browser Opened and Maximized
2026-09-09 16:12:35 [TestNG-test-OrangeHRM Test 1-2] TRACE BaseClass - This is a trace message
2026-09-09 16:12:35 [TestNG-test-OrangeHRM Test 1-2] DEBUG BaseClass - This is a debug message
2026-09-09 16:12:35 [TestNG-test-OrangeHRM Test 1-2] WARN  BaseClass - This is an warning message
2026-09-09 16:12:35 [TestNG-test-OrangeHRM Test 1-2] INFO  ActionDriver - WebDriver instance is created for : ActionDriver
2026-09-09 16:12:35 [TestNG-test-OrangeHRM Test 1-2] INFO  BaseClass - ActionDriver Initialize form Thread 27
2026-09-09 16:12:35 [TestNG-test-OrangeHRM Test 1-2] INFO  BaseClass - WebDriver instance is closed for :  DummyClass2
2026-09-09 16:12:35 [TestNG-test-OrangeHRM Test 1-3] INFO  ActionDriver - Value entered on Element with name: username is  Admin
2026-09-09 16:12:36 [TestNG-test-OrangeHRM Test 1-3] INFO  ActionDriver - Value entered on Element with name: password is  admin1234
2026-09-09 16:12:37 [TestNG-test-OrangeHRM Test 1-3] INFO  ActionDriver - Clicked on element  ---> : Element with text: Login
2026-09-09 16:12:37 [TestNG-test-OrangeHRM Test 1-3] INFO  ActionDriver - Actual Text : Invalid credentials match to | Expected Value: Invalid credentials
2026-09-09 16:12:37 [TestNG-test-OrangeHRM Test 1-3] INFO  BaseClass - WebDriver instance is closed for :  LoginTest
2026-09-09 16:12:37 [TestNG-test-OrangeHRM Test 1-3] INFO  BaseClass - properties.config File Loaded successfully
2026-09-09 16:12:39 [TestNG-test-OrangeHRM Test 1-3] INFO  BaseClass - EdgeDriver Instance Initialized successfully
2026-09-09 16:12:47 [TestNG-test-OrangeHRM Test 1-3] INFO  BaseClass - WebDriver Initialized and Browser Opened and Maximized
2026-09-09 16:12:47 [TestNG-test-OrangeHRM Test 1-3] TRACE BaseClass - This is a trace message
2026-09-09 16:12:47 [TestNG-test-OrangeHRM Test 1-3] DEBUG BaseClass - This is a debug message
2026-09-09 16:12:47 [TestNG-test-OrangeHRM Test 1-3] WARN  BaseClass - This is an warning message
2026-09-09 16:12:47 [TestNG-test-OrangeHRM Test 1-3] INFO  ActionDriver - WebDriver instance is created for : ActionDriver
2026-09-09 16:12:47 [TestNG-test-OrangeHRM Test 1-3] INFO  BaseClass - ActionDriver Initialize form Thread 28
2026-09-09 16:12:47 [TestNG-test-OrangeHRM Test 1-3] INFO  ActionDriver - Value entered on Element with name: username is  Admin
2026-09-09 16:12:47 [TestNG-test-OrangeHRM Test 1-3] INFO  ActionDriver - Value entered on Element with name: password is  admin123
2026-09-09 16:12:48 [TestNG-test-OrangeHRM Test 1-3] INFO  ActionDriver - Clicked on element  ---> : Element with text: Login
2026-09-09 16:12:48 [TestNG-test-OrangeHRM Test 1-3] INFO  ActionDriver - Element : Element with text: Admin is displayed
2026-09-09 16:12:48 [TestNG-test-OrangeHRM Test 1-3] INFO  ActionDriver - Clicked on element  ---> : Element with text: Mat Tem
2026-09-09 16:12:49 [TestNG-test-OrangeHRM Test 1-3] INFO  ActionDriver - Clicked on element  ---> : Element with text: Logout
2026-09-09 16:12:52 [TestNG-test-OrangeHRM Test 1-3] INFO  BaseClass - WebDriver instance is closed for :  LoginTest
2026-09-10 09:42:02 [TestNG-test-OrangeHRM Test 1-3] INFO  BaseClass - properties.config File Loaded successfully
2026-09-10 09:42:02 [TestNG-test-OrangeHRM Test 1-4] INFO  BaseClass - properties.config File Loaded successfully
2026-09-10 09:42:02 [TestNG-test-OrangeHRM Test 1-1] INFO  BaseClass - properties.config File Loaded successfully
2026-09-10 09:42:02 [TestNG-test-OrangeHRM Test 1-2] INFO  BaseClass - properties.config File Loaded successfully
2026-09-10 09:42:22 [TestNG-test-OrangeHRM Test 1-4] INFO  BaseClass - ChromeDriver Instance Initialized successfully
2026-09-10 09:42:34 [TestNG-test-OrangeHRM Test 1-1] INFO  BaseClass - ChromeDriver Instance Initialized successfully
2026-09-10 09:42:34 [TestNG-test-OrangeHRM Test 1-2] INFO  BaseClass - ChromeDriver Instance Initialized successfully
2026-09-10 09:42:35 [TestNG-test-OrangeHRM Test 1-3] INFO  BaseClass - ChromeDriver Instance Initialized successfully
2026-09-10 09:42:37 [TestNG-test-OrangeHRM Test 1-4] INFO  BaseClass - WebDriver Initialized and Browser Opened and Maximized
2026-09-10 09:42:37 [TestNG-test-OrangeHRM Test 1-4] TRACE BaseClass - This is a trace message
2026-09-10 09:42:37 [TestNG-test-OrangeHRM Test 1-4] DEBUG BaseClass - This is a debug message
2026-09-10 09:42:37 [TestNG-test-OrangeHRM Test 1-4] WARN  BaseClass - This is an warning message
2026-09-10 09:42:37 [TestNG-test-OrangeHRM Test 1-4] INFO  ActionDriver - WebDriver instance is created for : ActionDriver
2026-09-10 09:42:37 [TestNG-test-OrangeHRM Test 1-4] INFO  BaseClass - ActionDriver Initialize form Thread 30
2026-09-10 09:42:39 [TestNG-test-OrangeHRM Test 1-4] INFO  ActionDriver - Value entered on Element with name: username is  Admin
2026-09-10 09:42:39 [TestNG-test-OrangeHRM Test 1-3] INFO  BaseClass - WebDriver Initialized and Browser Opened and Maximized
2026-09-10 09:42:39 [TestNG-test-OrangeHRM Test 1-3] TRACE BaseClass - This is a trace message
2026-09-10 09:42:39 [TestNG-test-OrangeHRM Test 1-3] DEBUG BaseClass - This is a debug message
2026-09-10 09:42:39 [TestNG-test-OrangeHRM Test 1-3] WARN  BaseClass - This is an warning message
2026-09-10 09:42:39 [TestNG-test-OrangeHRM Test 1-3] INFO  ActionDriver - WebDriver instance is created for : ActionDriver
2026-09-10 09:42:39 [TestNG-test-OrangeHRM Test 1-3] INFO  BaseClass - ActionDriver Initialize form Thread 29
2026-09-10 09:42:41 [TestNG-test-OrangeHRM Test 1-4] INFO  ActionDriver - Value entered on Element with name: password is  admin123
2026-09-10 09:42:47 [TestNG-test-OrangeHRM Test 1-1] INFO  BaseClass - WebDriver Initialized and Browser Opened and Maximized
2026-09-10 09:42:47 [TestNG-test-OrangeHRM Test 1-1] TRACE BaseClass - This is a trace message
2026-09-10 09:42:47 [TestNG-test-OrangeHRM Test 1-1] DEBUG BaseClass - This is a debug message
2026-09-10 09:42:47 [TestNG-test-OrangeHRM Test 1-1] WARN  BaseClass - This is an warning message
2026-09-10 09:42:47 [TestNG-test-OrangeHRM Test 1-1] INFO  ActionDriver - WebDriver instance is created for : ActionDriver
2026-09-10 09:42:47 [TestNG-test-OrangeHRM Test 1-1] INFO  BaseClass - ActionDriver Initialize form Thread 27
2026-09-10 09:42:51 [TestNG-test-OrangeHRM Test 1-2] INFO  BaseClass - WebDriver Initialized and Browser Opened and Maximized
2026-09-10 09:42:51 [TestNG-test-OrangeHRM Test 1-2] TRACE BaseClass - This is a trace message
2026-09-10 09:42:51 [TestNG-test-OrangeHRM Test 1-2] DEBUG BaseClass - This is a debug message
2026-09-10 09:42:51 [TestNG-test-OrangeHRM Test 1-2] WARN  BaseClass - This is an warning message
2026-09-10 09:42:51 [TestNG-test-OrangeHRM Test 1-2] INFO  ActionDriver - WebDriver instance is created for : ActionDriver
2026-09-10 09:42:51 [TestNG-test-OrangeHRM Test 1-2] INFO  BaseClass - ActionDriver Initialize form Thread 28
2026-09-10 09:42:52 [TestNG-test-OrangeHRM Test 1-4] INFO  ActionDriver - Clicked on element  ---> : Element with text: Login
2026-09-10 09:42:54 [TestNG-test-OrangeHRM Test 1-3] INFO  ActionDriver - Value entered on Element with name: username is  Admin
2026-09-10 09:42:54 [TestNG-test-OrangeHRM Test 1-3] INFO  ActionDriver - Value entered on Element with name: password is  admin1234
2026-09-10 09:42:54 [TestNG-test-OrangeHRM Test 1-3] INFO  ActionDriver - Clicked on element  ---> : Element with text: Login
2026-09-10 09:42:56 [TestNG-test-OrangeHRM Test 1-4] INFO  ActionDriver - Element : Unable to describe the element is displayed
2026-09-10 09:42:58 [TestNG-test-OrangeHRM Test 1-2] INFO  BaseClass - WebDriver instance is closed for :  DummyClass2
2026-09-10 09:42:58 [TestNG-test-OrangeHRM Test 1-1] INFO  BaseClass - WebDriver instance is closed for :  DummyClass
2026-09-10 09:42:58 [TestNG-test-OrangeHRM Test 1-4] INFO  BaseClass - WebDriver instance is closed for :  HomeTest
2026-09-10 09:42:59 [TestNG-test-OrangeHRM Test 1-3] INFO  ActionDriver - Actual Text : Invalid credentials match to | Expected Value: Invalid credentials
2026-09-10 09:42:59 [TestNG-test-OrangeHRM Test 1-3] INFO  BaseClass - WebDriver instance is closed for :  LoginTest
2026-09-10 09:42:59 [TestNG-test-OrangeHRM Test 1-3] INFO  BaseClass - properties.config File Loaded successfully
2026-09-10 09:43:01 [TestNG-test-OrangeHRM Test 1-3] INFO  BaseClass - ChromeDriver Instance Initialized successfully
2026-09-10 09:43:47 [TestNG-test-OrangeHRM Test 1-3] INFO  BaseClass - WebDriver Initialized and Browser Opened and Maximized
2026-09-10 09:43:47 [TestNG-test-OrangeHRM Test 1-3] TRACE BaseClass - This is a trace message
2026-09-10 09:43:47 [TestNG-test-OrangeHRM Test 1-3] DEBUG BaseClass - This is a debug message
2026-09-10 09:43:47 [TestNG-test-OrangeHRM Test 1-3] WARN  BaseClass - This is an warning message
2026-09-10 09:43:47 [TestNG-test-OrangeHRM Test 1-3] INFO  ActionDriver - WebDriver instance is created for : ActionDriver
2026-09-10 09:43:47 [TestNG-test-OrangeHRM Test 1-3] INFO  BaseClass - ActionDriver Initialize form Thread 29
2026-09-10 09:44:01 [TestNG-test-OrangeHRM Test 1-3] INFO  ActionDriver - Value entered on Element with name: username is  Admin
2026-09-10 09:44:01 [TestNG-test-OrangeHRM Test 1-3] INFO  ActionDriver - Value entered on Element with name: password is  admin123
2026-09-10 09:44:01 [TestNG-test-OrangeHRM Test 1-3] INFO  ActionDriver - Clicked on element  ---> : Element with text: Login
2026-09-10 09:44:15 [TestNG-test-OrangeHRM Test 1-3] INFO  ActionDriver - Element : Element with text: Admin is displayed
2026-09-10 09:44:15 [TestNG-test-OrangeHRM Test 1-3] INFO  ActionDriver - Clicked on element  ---> : Element with text: manda 1.02
2026-09-10 09:44:22 [TestNG-test-OrangeHRM Test 1-3] INFO  ActionDriver - Clicked on element  ---> : Element with text: Logout
2026-09-10 09:44:25 [TestNG-test-OrangeHRM Test 1-3] INFO  BaseClass - WebDriver instance is closed for :  LoginTest
2026-09-10 10:01:09 [TestNG-test-OrangeHRM Test 1-3] INFO  BaseClass - properties.config File Loaded successfully
2026-09-10 10:01:09 [TestNG-test-OrangeHRM Test 1-2] INFO  BaseClass - properties.config File Loaded successfully
2026-09-10 10:01:09 [TestNG-test-OrangeHRM Test 1-4] INFO  BaseClass - properties.config File Loaded successfully
2026-09-10 10:01:09 [TestNG-test-OrangeHRM Test 1-1] INFO  BaseClass - properties.config File Loaded successfully
2026-09-10 10:01:16 [TestNG-test-OrangeHRM Test 1-1] INFO  BaseClass - ChromeDriver Instance Initialized successfully
2026-09-10 10:01:16 [TestNG-test-OrangeHRM Test 1-2] INFO  BaseClass - ChromeDriver Instance Initialized successfully
2026-09-10 10:01:23 [TestNG-test-OrangeHRM Test 1-3] INFO  BaseClass - ChromeDriver Instance Initialized successfully
2026-09-10 10:01:30 [TestNG-test-OrangeHRM Test 1-4] INFO  BaseClass - ChromeDriver Instance Initialized successfully
2026-09-10 10:01:31 [TestNG-test-OrangeHRM Test 1-3] INFO  BaseClass - WebDriver Initialized and Browser Opened and Maximized
2026-09-10 10:01:31 [TestNG-test-OrangeHRM Test 1-3] TRACE BaseClass - This is a trace message
2026-09-10 10:01:31 [TestNG-test-OrangeHRM Test 1-3] DEBUG BaseClass - This is a debug message
2026-09-10 10:01:31 [TestNG-test-OrangeHRM Test 1-3] WARN  BaseClass - This is an warning message
2026-09-10 10:01:31 [TestNG-test-OrangeHRM Test 1-3] INFO  ActionDriver - WebDriver instance is created for : ActionDriver
2026-09-10 10:01:31 [TestNG-test-OrangeHRM Test 1-3] INFO  BaseClass - ActionDriver Initialize form Thread 30
2026-09-10 10:01:47 [TestNG-test-OrangeHRM Test 1-1] INFO  BaseClass - WebDriver Initialized and Browser Opened and Maximized
2026-09-10 10:01:47 [TestNG-test-OrangeHRM Test 1-1] TRACE BaseClass - This is a trace message
2026-09-10 10:01:47 [TestNG-test-OrangeHRM Test 1-1] DEBUG BaseClass - This is a debug message
2026-09-10 10:01:47 [TestNG-test-OrangeHRM Test 1-1] WARN  BaseClass - This is an warning message
2026-09-10 10:01:47 [TestNG-test-OrangeHRM Test 1-1] INFO  ActionDriver - WebDriver instance is created for : ActionDriver
2026-09-10 10:01:47 [TestNG-test-OrangeHRM Test 1-1] INFO  BaseClass - ActionDriver Initialize form Thread 28
2026-09-10 10:01:49 [TestNG-test-OrangeHRM Test 1-1] INFO  BaseClass - WebDriver instance is closed for :  DummyClass
2026-09-10 10:02:14 [TestNG-test-OrangeHRM Test 1-2] INFO  BaseClass - WebDriver Initialized and Browser Opened and Maximized
2026-09-10 10:02:14 [TestNG-test-OrangeHRM Test 1-2] TRACE BaseClass - This is a trace message
2026-09-10 10:02:14 [TestNG-test-OrangeHRM Test 1-2] DEBUG BaseClass - This is a debug message
2026-09-10 10:02:14 [TestNG-test-OrangeHRM Test 1-2] WARN  BaseClass - This is an warning message
2026-09-10 10:02:14 [TestNG-test-OrangeHRM Test 1-2] INFO  ActionDriver - WebDriver instance is created for : ActionDriver
2026-09-10 10:02:14 [TestNG-test-OrangeHRM Test 1-2] INFO  BaseClass - ActionDriver Initialize form Thread 29
2026-09-10 10:02:15 [TestNG-test-OrangeHRM Test 1-2] INFO  BaseClass - WebDriver instance is closed for :  DummyClass2
2026-09-10 10:02:17 [TestNG-test-OrangeHRM Test 1-3] INFO  ActionDriver - Value entered on Element with name: username is  Admin
2026-09-10 10:02:17 [TestNG-test-OrangeHRM Test 1-3] INFO  ActionDriver - Value entered on Element with name: password is  admin1234
2026-09-10 10:02:21 [TestNG-test-OrangeHRM Test 1-4] INFO  BaseClass - WebDriver Initialized and Browser Opened and Maximized
2026-09-10 10:02:21 [TestNG-test-OrangeHRM Test 1-4] TRACE BaseClass - This is a trace message
2026-09-10 10:02:21 [TestNG-test-OrangeHRM Test 1-4] DEBUG BaseClass - This is a debug message
2026-09-10 10:02:21 [TestNG-test-OrangeHRM Test 1-4] WARN  BaseClass - This is an warning message
2026-09-10 10:02:21 [TestNG-test-OrangeHRM Test 1-4] INFO  ActionDriver - WebDriver instance is created for : ActionDriver
2026-09-10 10:02:21 [TestNG-test-OrangeHRM Test 1-4] INFO  BaseClass - ActionDriver Initialize form Thread 31
2026-09-10 10:02:21 [TestNG-test-OrangeHRM Test 1-4] INFO  ActionDriver - Value entered on Element with name: username is  Admin
2026-09-10 10:02:22 [TestNG-test-OrangeHRM Test 1-4] INFO  ActionDriver - Value entered on Element with name: password is  admin123
2026-09-10 10:02:22 [TestNG-test-OrangeHRM Test 1-4] INFO  ActionDriver - Clicked on element  ---> : Element with text: Login
2026-09-10 10:02:22 [TestNG-test-OrangeHRM Test 1-3] INFO  ActionDriver - Clicked on element  ---> : Element with text: Login
2026-09-10 10:02:24 [TestNG-test-OrangeHRM Test 1-3] INFO  ActionDriver - Actual Text : Invalid credentials match to | Expected Value: Invalid credentials
2026-09-10 10:02:26 [TestNG-test-OrangeHRM Test 1-3] INFO  BaseClass - WebDriver instance is closed for :  LoginTest
2026-09-10 10:02:26 [TestNG-test-OrangeHRM Test 1-3] INFO  BaseClass - properties.config File Loaded successfully
2026-09-10 10:02:28 [TestNG-test-OrangeHRM Test 1-3] INFO  BaseClass - ChromeDriver Instance Initialized successfully
2026-09-10 10:02:34 [TestNG-test-OrangeHRM Test 1-4] INFO  ActionDriver - Element : Unable to describe the element is displayed
2026-09-10 10:02:34 [TestNG-test-OrangeHRM Test 1-4] INFO  BaseClass - WebDriver instance is closed for :  HomeTest
2026-09-10 10:02:39 [TestNG-test-OrangeHRM Test 1-3] INFO  BaseClass - WebDriver Initialized and Browser Opened and Maximized
2026-09-10 10:02:39 [TestNG-test-OrangeHRM Test 1-3] TRACE BaseClass - This is a trace message
2026-09-10 10:02:39 [TestNG-test-OrangeHRM Test 1-3] DEBUG BaseClass - This is a debug message
2026-09-10 10:02:39 [TestNG-test-OrangeHRM Test 1-3] WARN  BaseClass - This is an warning message
2026-09-10 10:02:39 [TestNG-test-OrangeHRM Test 1-3] INFO  ActionDriver - WebDriver instance is created for : ActionDriver
2026-09-10 10:02:39 [TestNG-test-OrangeHRM Test 1-3] INFO  BaseClass - ActionDriver Initialize form Thread 30
2026-09-10 10:02:41 [TestNG-test-OrangeHRM Test 1-3] INFO  ActionDriver - Value entered on Element with name: username is  Admin
2026-09-10 10:02:41 [TestNG-test-OrangeHRM Test 1-3] INFO  ActionDriver - Value entered on Element with name: password is  admin123
2026-09-10 10:02:41 [TestNG-test-OrangeHRM Test 1-3] INFO  ActionDriver - Clicked on element  ---> : Element with text: Login
2026-09-10 10:03:01 [TestNG-test-OrangeHRM Test 1-3] INFO  ActionDriver - Element : Element with text: Admin is displayed
2026-09-10 10:03:02 [TestNG-test-OrangeHRM Test 1-3] INFO  ActionDriver - Clicked on element  ---> : Element with text: manda 1.02
2026-09-10 10:03:16 [TestNG-test-OrangeHRM Test 1-3] INFO  ActionDriver - Clicked on element  ---> : Element with text: Logout
2026-09-10 10:03:23 [TestNG-test-OrangeHRM Test 1-3] INFO  BaseClass - WebDriver instance is closed for :  LoginTest
2026-09-10 10:11:58 [TestNG-test-OrangeHRM Test 1-4] INFO  BaseClass - properties.config File Loaded successfully
2026-09-10 10:11:58 [TestNG-test-OrangeHRM Test 1-1] INFO  BaseClass - properties.config File Loaded successfully
2026-09-10 10:11:58 [TestNG-test-OrangeHRM Test 1-3] INFO  BaseClass - properties.config File Loaded successfully
2026-09-10 10:11:58 [TestNG-test-OrangeHRM Test 1-2] INFO  BaseClass - properties.config File Loaded successfully
2026-09-10 10:12:09 [TestNG-test-OrangeHRM Test 1-2] INFO  BaseClass - ChromeDriver Instance Initialized successfully
2026-09-10 10:12:09 [TestNG-test-OrangeHRM Test 1-4] INFO  BaseClass - ChromeDriver Instance Initialized successfully
2026-09-10 10:12:09 [TestNG-test-OrangeHRM Test 1-1] INFO  BaseClass - ChromeDriver Instance Initialized successfully
2026-09-10 10:12:09 [TestNG-test-OrangeHRM Test 1-3] INFO  BaseClass - ChromeDriver Instance Initialized successfully
2026-09-10 10:12:13 [TestNG-test-OrangeHRM Test 1-4] INFO  BaseClass - WebDriver Initialized and Browser Opened and Maximized
2026-09-10 10:12:13 [TestNG-test-OrangeHRM Test 1-4] TRACE BaseClass - This is a trace message
2026-09-10 10:12:13 [TestNG-test-OrangeHRM Test 1-4] DEBUG BaseClass - This is a debug message
2026-09-10 10:12:13 [TestNG-test-OrangeHRM Test 1-4] WARN  BaseClass - This is an warning message
2026-09-10 10:12:13 [TestNG-test-OrangeHRM Test 1-4] INFO  ActionDriver - WebDriver instance is created for : ActionDriver
2026-09-10 10:12:13 [TestNG-test-OrangeHRM Test 1-4] INFO  BaseClass - ActionDriver Initialize form Thread 30
2026-09-10 10:12:27 [TestNG-test-OrangeHRM Test 1-1] INFO  BaseClass - WebDriver Initialized and Browser Opened and Maximized
2026-09-10 10:12:27 [TestNG-test-OrangeHRM Test 1-1] TRACE BaseClass - This is a trace message
2026-09-10 10:12:27 [TestNG-test-OrangeHRM Test 1-1] DEBUG BaseClass - This is a debug message
2026-09-10 10:12:27 [TestNG-test-OrangeHRM Test 1-1] WARN  BaseClass - This is an warning message
2026-09-10 10:12:27 [TestNG-test-OrangeHRM Test 1-1] INFO  ActionDriver - WebDriver instance is created for : ActionDriver
2026-09-10 10:12:27 [TestNG-test-OrangeHRM Test 1-1] INFO  BaseClass - ActionDriver Initialize form Thread 27
2026-09-10 10:12:27 [TestNG-test-OrangeHRM Test 1-1] INFO  BaseClass - WebDriver instance is closed for :  DummyClass
2026-09-10 10:12:33 [TestNG-test-OrangeHRM Test 1-3] INFO  BaseClass - WebDriver Initialized and Browser Opened and Maximized
2026-09-10 10:12:33 [TestNG-test-OrangeHRM Test 1-3] TRACE BaseClass - This is a trace message
2026-09-10 10:12:33 [TestNG-test-OrangeHRM Test 1-3] DEBUG BaseClass - This is a debug message
2026-09-10 10:12:33 [TestNG-test-OrangeHRM Test 1-3] WARN  BaseClass - This is an warning message
2026-09-10 10:12:33 [TestNG-test-OrangeHRM Test 1-3] INFO  ActionDriver - WebDriver instance is created for : ActionDriver
2026-09-10 10:12:33 [TestNG-test-OrangeHRM Test 1-3] INFO  BaseClass - ActionDriver Initialize form Thread 29
2026-09-10 10:12:34 [TestNG-test-OrangeHRM Test 1-3] INFO  ActionDriver - Value entered on Element with name: username is  Admin
2026-09-10 10:12:34 [TestNG-test-OrangeHRM Test 1-3] INFO  ActionDriver - Value entered on Element with name: password is  admin1234
2026-09-10 10:12:50 [TestNG-test-OrangeHRM Test 1-3] INFO  ActionDriver - Clicked on element  ---> : Element with text: Login
2026-09-10 10:12:52 [TestNG-test-OrangeHRM Test 1-3] INFO  ActionDriver - Actual Text : Invalid credentials match to | Expected Value: Invalid credentials
2026-09-10 10:12:54 [TestNG-test-OrangeHRM Test 1-3] INFO  BaseClass - WebDriver instance is closed for :  LoginTest
2026-09-10 10:12:54 [TestNG-test-OrangeHRM Test 1-3] INFO  BaseClass - properties.config File Loaded successfully
2026-09-10 10:12:55 [TestNG-test-OrangeHRM Test 1-3] INFO  BaseClass - ChromeDriver Instance Initialized successfully
2026-09-10 10:12:57 [TestNG-test-OrangeHRM Test 1-4] INFO  ActionDriver - Value entered on Element with name: username is  Admin
2026-09-10 10:12:57 [TestNG-test-OrangeHRM Test 1-4] INFO  ActionDriver - Value entered on Element with name: password is  admin123
2026-09-10 10:13:00 [TestNG-test-OrangeHRM Test 1-2] INFO  BaseClass - WebDriver Initialized and Browser Opened and Maximized
2026-09-10 10:13:00 [TestNG-test-OrangeHRM Test 1-2] TRACE BaseClass - This is a trace message
2026-09-10 10:13:00 [TestNG-test-OrangeHRM Test 1-2] DEBUG BaseClass - This is a debug message
2026-09-10 10:13:00 [TestNG-test-OrangeHRM Test 1-2] WARN  BaseClass - This is an warning message
2026-09-10 10:13:00 [TestNG-test-OrangeHRM Test 1-2] INFO  ActionDriver - WebDriver instance is created for : ActionDriver
2026-09-10 10:13:00 [TestNG-test-OrangeHRM Test 1-2] INFO  BaseClass - ActionDriver Initialize form Thread 28
2026-09-10 10:13:00 [TestNG-test-OrangeHRM Test 1-2] INFO  BaseClass - WebDriver instance is closed for :  DummyClass2
2026-09-10 10:13:03 [TestNG-test-OrangeHRM Test 1-4] INFO  ActionDriver - Clicked on element  ---> : Element with text: Login
2026-09-10 10:13:07 [TestNG-test-OrangeHRM Test 1-4] INFO  ActionDriver - Element : Unable to describe the element is displayed
2026-09-10 10:13:07 [TestNG-test-OrangeHRM Test 1-3] INFO  BaseClass - WebDriver Initialized and Browser Opened and Maximized
2026-09-10 10:13:07 [TestNG-test-OrangeHRM Test 1-3] TRACE BaseClass - This is a trace message
2026-09-10 10:13:07 [TestNG-test-OrangeHRM Test 1-3] DEBUG BaseClass - This is a debug message
2026-09-10 10:13:07 [TestNG-test-OrangeHRM Test 1-3] WARN  BaseClass - This is an warning message
2026-09-10 10:13:07 [TestNG-test-OrangeHRM Test 1-3] INFO  ActionDriver - WebDriver instance is created for : ActionDriver
2026-09-10 10:13:07 [TestNG-test-OrangeHRM Test 1-3] INFO  BaseClass - ActionDriver Initialize form Thread 29
2026-09-10 10:13:08 [TestNG-test-OrangeHRM Test 1-4] INFO  BaseClass - WebDriver instance is closed for :  HomeTest
2026-09-10 10:13:09 [TestNG-test-OrangeHRM Test 1-3] INFO  ActionDriver - Value entered on Element with name: username is  Admin
2026-09-10 10:13:09 [TestNG-test-OrangeHRM Test 1-3] INFO  ActionDriver - Value entered on Element with name: password is  admin123
2026-09-10 10:13:09 [TestNG-test-OrangeHRM Test 1-3] INFO  ActionDriver - Clicked on element  ---> : Element with text: Login
2026-09-10 10:13:15 [TestNG-test-OrangeHRM Test 1-3] INFO  ActionDriver - Element : Element with text: Admin is displayed
2026-09-10 10:13:15 [TestNG-test-OrangeHRM Test 1-3] INFO  ActionDriver - Clicked on element  ---> : Element with text: manda 1.02
2026-09-10 10:13:19 [TestNG-test-OrangeHRM Test 1-3] INFO  ActionDriver - Clicked on element  ---> : Element with text: Logout
2026-09-10 10:13:21 [TestNG-test-OrangeHRM Test 1-3] INFO  BaseClass - WebDriver instance is closed for :  LoginTest
2026-09-10 11:11:07 [TestNG-test-OrangeHRM Test 1-4] INFO  BaseClass - properties.config File Loaded successfully
2026-09-10 11:11:07 [TestNG-test-OrangeHRM Test 1-3] INFO  BaseClass - properties.config File Loaded successfully
2026-09-10 11:11:07 [TestNG-test-OrangeHRM Test 1-1] INFO  BaseClass - properties.config File Loaded successfully
2026-09-10 11:11:07 [TestNG-test-OrangeHRM Test 1-2] INFO  BaseClass - properties.config File Loaded successfully
2026-09-10 11:11:36 [TestNG-test-OrangeHRM Test 1-4] INFO  BaseClass - ChromeDriver Instance Initialized successfully
2026-09-10 11:11:36 [TestNG-test-OrangeHRM Test 1-1] INFO  BaseClass - ChromeDriver Instance Initialized successfully
2026-09-10 11:11:41 [TestNG-test-OrangeHRM Test 1-3] INFO  BaseClass - ChromeDriver Instance Initialized successfully
2026-09-10 11:11:41 [TestNG-test-OrangeHRM Test 1-2] INFO  BaseClass - ChromeDriver Instance Initialized successfully
2026-09-10 11:11:49 [TestNG-test-OrangeHRM Test 1-2] INFO  BaseClass - WebDriver Initialized and Browser Opened and Maximized
2026-09-10 11:11:49 [TestNG-test-OrangeHRM Test 1-2] TRACE BaseClass - This is a trace message
2026-09-10 11:11:49 [TestNG-test-OrangeHRM Test 1-2] DEBUG BaseClass - This is a debug message
2026-09-10 11:11:49 [TestNG-test-OrangeHRM Test 1-2] WARN  BaseClass - This is an warning message
2026-09-10 11:11:49 [TestNG-test-OrangeHRM Test 1-2] INFO  ActionDriver - WebDriver instance is created for : ActionDriver
2026-09-10 11:11:49 [TestNG-test-OrangeHRM Test 1-2] INFO  BaseClass - ActionDriver Initialize form Thread 27
2026-09-10 11:11:53 [TestNG-test-OrangeHRM Test 1-1] INFO  BaseClass - WebDriver Initialized and Browser Opened and Maximized
2026-09-10 11:11:53 [TestNG-test-OrangeHRM Test 1-1] TRACE BaseClass - This is a trace message
2026-09-10 11:11:53 [TestNG-test-OrangeHRM Test 1-1] DEBUG BaseClass - This is a debug message
2026-09-10 11:11:53 [TestNG-test-OrangeHRM Test 1-1] WARN  BaseClass - This is an warning message
2026-09-10 11:11:53 [TestNG-test-OrangeHRM Test 1-1] INFO  ActionDriver - WebDriver instance is created for : ActionDriver
2026-09-10 11:11:53 [TestNG-test-OrangeHRM Test 1-1] INFO  BaseClass - ActionDriver Initialize form Thread 26
2026-09-10 11:11:54 [TestNG-test-OrangeHRM Test 1-1] INFO  BaseClass - WebDriver instance is closed for :  DummyClass
2026-09-10 11:11:58 [TestNG-test-OrangeHRM Test 1-3] INFO  BaseClass - WebDriver Initialized and Browser Opened and Maximized
2026-09-10 11:11:58 [TestNG-test-OrangeHRM Test 1-3] TRACE BaseClass - This is a trace message
2026-09-10 11:11:58 [TestNG-test-OrangeHRM Test 1-3] DEBUG BaseClass - This is a debug message
2026-09-10 11:11:58 [TestNG-test-OrangeHRM Test 1-3] WARN  BaseClass - This is an warning message
2026-09-10 11:11:58 [TestNG-test-OrangeHRM Test 1-3] INFO  ActionDriver - WebDriver instance is created for : ActionDriver
2026-09-10 11:11:58 [TestNG-test-OrangeHRM Test 1-3] INFO  BaseClass - ActionDriver Initialize form Thread 28
2026-09-10 11:12:01 [TestNG-test-OrangeHRM Test 1-4] INFO  BaseClass - WebDriver Initialized and Browser Opened and Maximized
2026-09-10 11:12:01 [TestNG-test-OrangeHRM Test 1-4] TRACE BaseClass - This is a trace message
2026-09-10 11:12:01 [TestNG-test-OrangeHRM Test 1-4] DEBUG BaseClass - This is a debug message
2026-09-10 11:12:01 [TestNG-test-OrangeHRM Test 1-4] WARN  BaseClass - This is an warning message
2026-09-10 11:12:01 [TestNG-test-OrangeHRM Test 1-4] INFO  ActionDriver - WebDriver instance is created for : ActionDriver
2026-09-10 11:12:01 [TestNG-test-OrangeHRM Test 1-4] INFO  BaseClass - ActionDriver Initialize form Thread 29
2026-09-10 11:12:03 [TestNG-test-OrangeHRM Test 1-4] INFO  ActionDriver - Value entered on Element with name: username is  Admin
2026-09-10 11:12:03 [TestNG-test-OrangeHRM Test 1-4] INFO  ActionDriver - Value entered on Element with name: password is  admin123
2026-09-10 11:12:04 [TestNG-test-OrangeHRM Test 1-4] INFO  ActionDriver - Clicked on element  ---> : Element with text: Login
2026-09-10 11:12:07 [TestNG-test-OrangeHRM Test 1-2] INFO  BaseClass - WebDriver instance is closed for :  DummyClass2
2026-09-10 11:12:12 [TestNG-test-OrangeHRM Test 1-3] INFO  ActionDriver - Value entered on Element with name: username is  Admin
2026-09-10 11:12:12 [TestNG-test-OrangeHRM Test 1-3] INFO  ActionDriver - Value entered on Element with name: password is  admin1234
2026-09-10 11:12:17 [TestNG-test-OrangeHRM Test 1-4] INFO  ActionDriver - Element : Unable to describe the element is displayed
2026-09-10 11:12:17 [TestNG-test-OrangeHRM Test 1-4] INFO  BaseClass - WebDriver instance is closed for :  HomeTest
2026-09-10 11:12:19 [TestNG-test-OrangeHRM Test 1-3] INFO  ActionDriver - Clicked on element  ---> : Element with text: Login
2026-09-10 11:12:21 [TestNG-test-OrangeHRM Test 1-3] INFO  ActionDriver - Actual Text : Invalid credentials match to | Expected Value: Invalid credentials
2026-09-10 11:12:24 [TestNG-test-OrangeHRM Test 1-3] INFO  BaseClass - WebDriver instance is closed for :  LoginTest
2026-09-10 11:12:24 [TestNG-test-OrangeHRM Test 1-3] INFO  BaseClass - properties.config File Loaded successfully
2026-09-10 11:12:26 [TestNG-test-OrangeHRM Test 1-3] INFO  BaseClass - ChromeDriver Instance Initialized successfully
2026-09-10 11:12:36 [TestNG-test-OrangeHRM Test 1-3] INFO  BaseClass - WebDriver Initialized and Browser Opened and Maximized
2026-09-10 11:12:36 [TestNG-test-OrangeHRM Test 1-3] TRACE BaseClass - This is a trace message
2026-09-10 11:12:36 [TestNG-test-OrangeHRM Test 1-3] DEBUG BaseClass - This is a debug message
2026-09-10 11:12:36 [TestNG-test-OrangeHRM Test 1-3] WARN  BaseClass - This is an warning message
2026-09-10 11:12:36 [TestNG-test-OrangeHRM Test 1-3] INFO  ActionDriver - WebDriver instance is created for : ActionDriver
2026-09-10 11:12:36 [TestNG-test-OrangeHRM Test 1-3] INFO  BaseClass - ActionDriver Initialize form Thread 28
2026-09-10 11:12:40 [TestNG-test-OrangeHRM Test 1-3] INFO  ActionDriver - Value entered on Element with name: username is  Admin
2026-09-10 11:12:40 [TestNG-test-OrangeHRM Test 1-3] INFO  ActionDriver - Value entered on Element with name: password is  admin123
2026-09-10 11:12:53 [TestNG-test-OrangeHRM Test 1-3] INFO  ActionDriver - Clicked on element  ---> : Element with text: Login
2026-09-10 11:13:03 [TestNG-test-OrangeHRM Test 1-3] INFO  ActionDriver - Element : Element with text: Admin is displayed
2026-09-10 11:13:04 [TestNG-test-OrangeHRM Test 1-3] INFO  ActionDriver - Clicked on element  ---> : Element with text: Shannon IngramVV
2026-09-10 11:13:10 [TestNG-test-OrangeHRM Test 1-3] INFO  ActionDriver - Clicked on element  ---> : Element with text: Logout
2026-09-10 11:13:12 [TestNG-test-OrangeHRM Test 1-3] INFO  BaseClass - WebDriver instance is closed for :  LoginTest
2026-09-10 11:20:07 [TestNG-test-OrangeHRM Test 1-2] INFO  BaseClass - properties.config File Loaded successfully
2026-09-10 11:20:07 [TestNG-test-OrangeHRM Test 1-1] INFO  BaseClass - properties.config File Loaded successfully
2026-09-10 11:20:07 [TestNG-test-OrangeHRM Test 1-3] INFO  BaseClass - properties.config File Loaded successfully
2026-09-10 11:20:07 [TestNG-test-OrangeHRM Test 1-4] INFO  BaseClass - properties.config File Loaded successfully
2026-09-10 11:20:19 [TestNG-test-OrangeHRM Test 1-1] INFO  BaseClass - ChromeDriver Instance Initialized successfully
2026-09-10 11:20:19 [TestNG-test-OrangeHRM Test 1-4] INFO  BaseClass - ChromeDriver Instance Initialized successfully
2026-09-10 11:20:19 [TestNG-test-OrangeHRM Test 1-3] INFO  BaseClass - ChromeDriver Instance Initialized successfully
2026-09-10 11:20:19 [TestNG-test-OrangeHRM Test 1-2] INFO  BaseClass - ChromeDriver Instance Initialized successfully
2026-09-10 11:20:34 [TestNG-test-OrangeHRM Test 1-1] INFO  BaseClass - WebDriver Initialized and Browser Opened and Maximized
2026-09-10 11:20:34 [TestNG-test-OrangeHRM Test 1-1] TRACE BaseClass - This is a trace message
2026-09-10 11:20:34 [TestNG-test-OrangeHRM Test 1-1] DEBUG BaseClass - This is a debug message
2026-09-10 11:20:34 [TestNG-test-OrangeHRM Test 1-1] WARN  BaseClass - This is an warning message
2026-09-10 11:20:34 [TestNG-test-OrangeHRM Test 1-1] INFO  ActionDriver - WebDriver instance is created for : ActionDriver
2026-09-10 11:20:34 [TestNG-test-OrangeHRM Test 1-1] INFO  BaseClass - ActionDriver Initialize form Thread 27
2026-09-10 11:20:35 [TestNG-test-OrangeHRM Test 1-1] INFO  BaseClass - WebDriver instance is closed for :  DummyClass
2026-09-10 11:21:26 [TestNG-test-OrangeHRM Test 1-4] INFO  BaseClass - WebDriver Initialized and Browser Opened and Maximized
2026-09-10 11:21:26 [TestNG-test-OrangeHRM Test 1-4] TRACE BaseClass - This is a trace message
2026-09-10 11:21:26 [TestNG-test-OrangeHRM Test 1-4] DEBUG BaseClass - This is a debug message
2026-09-10 11:21:26 [TestNG-test-OrangeHRM Test 1-4] WARN  BaseClass - This is an warning message
2026-09-10 11:21:26 [TestNG-test-OrangeHRM Test 1-4] INFO  ActionDriver - WebDriver instance is created for : ActionDriver
2026-09-10 11:21:26 [TestNG-test-OrangeHRM Test 1-4] INFO  BaseClass - ActionDriver Initialize form Thread 30
2026-09-10 11:21:26 [TestNG-test-OrangeHRM Test 1-3] INFO  BaseClass - WebDriver Initialized and Browser Opened and Maximized
2026-09-10 11:21:26 [TestNG-test-OrangeHRM Test 1-3] TRACE BaseClass - This is a trace message
2026-09-10 11:21:26 [TestNG-test-OrangeHRM Test 1-3] DEBUG BaseClass - This is a debug message
2026-09-10 11:21:26 [TestNG-test-OrangeHRM Test 1-3] WARN  BaseClass - This is an warning message
2026-09-10 11:21:26 [TestNG-test-OrangeHRM Test 1-3] INFO  ActionDriver - WebDriver instance is created for : ActionDriver
2026-09-10 11:21:26 [TestNG-test-OrangeHRM Test 1-3] INFO  BaseClass - ActionDriver Initialize form Thread 29
2026-09-10 11:21:26 [TestNG-test-OrangeHRM Test 1-2] INFO  BaseClass - WebDriver Initialized and Browser Opened and Maximized
2026-09-10 11:21:26 [TestNG-test-OrangeHRM Test 1-2] TRACE BaseClass - This is a trace message
2026-09-10 11:21:26 [TestNG-test-OrangeHRM Test 1-2] DEBUG BaseClass - This is a debug message
2026-09-10 11:21:26 [TestNG-test-OrangeHRM Test 1-2] WARN  BaseClass - This is an warning message
2026-09-10 11:21:26 [TestNG-test-OrangeHRM Test 1-2] INFO  ActionDriver - WebDriver instance is created for : ActionDriver
2026-09-10 11:21:26 [TestNG-test-OrangeHRM Test 1-2] INFO  BaseClass - ActionDriver Initialize form Thread 28
2026-09-10 11:21:26 [TestNG-test-OrangeHRM Test 1-2] INFO  BaseClass - WebDriver instance is closed for :  DummyClass2
2026-09-10 11:23:27 [TestNG-test-OrangeHRM Test 1-4] INFO  ActionDriver - Value entered on Unable to describe the element is  admin123
2026-09-10 11:23:27 [TestNG-test-OrangeHRM Test 1-4] INFO  ActionDriver - Clicked on element  ---> : Element with text: Login
2026-09-10 11:23:35 [TestNG-test-OrangeHRM Test 1-4] INFO  BaseClass - WebDriver instance is closed for :  HomeTest
2026-09-10 11:23:37 [TestNG-test-OrangeHRM Test 1-3] INFO  BaseClass - WebDriver instance is closed for :  LoginTest
2026-09-10 11:23:37 [TestNG-test-OrangeHRM Test 1-3] INFO  BaseClass - properties.config File Loaded successfully
2026-09-10 11:23:39 [TestNG-test-OrangeHRM Test 1-3] INFO  BaseClass - ChromeDriver Instance Initialized successfully
2026-09-10 11:24:01 [TestNG-test-OrangeHRM Test 1-4] INFO  BaseClass - properties.config File Loaded successfully
2026-09-10 11:24:01 [TestNG-test-OrangeHRM Test 1-3] INFO  BaseClass - properties.config File Loaded successfully
2026-09-10 11:24:01 [TestNG-test-OrangeHRM Test 1-1] INFO  BaseClass - properties.config File Loaded successfully
2026-09-10 11:24:01 [TestNG-test-OrangeHRM Test 1-2] INFO  BaseClass - properties.config File Loaded successfully
2026-09-10 11:24:13 [TestNG-test-OrangeHRM Test 1-2] INFO  BaseClass - ChromeDriver Instance Initialized successfully
2026-09-10 11:24:13 [TestNG-test-OrangeHRM Test 1-1] INFO  BaseClass - ChromeDriver Instance Initialized successfully
2026-09-10 11:24:13 [TestNG-test-OrangeHRM Test 1-3] INFO  BaseClass - ChromeDriver Instance Initialized successfully
2026-09-10 11:24:13 [TestNG-test-OrangeHRM Test 1-4] INFO  BaseClass - ChromeDriver Instance Initialized successfully
2026-09-10 11:24:16 [TestNG-test-OrangeHRM Test 1-2] INFO  BaseClass - WebDriver Initialized and Browser Opened and Maximized
2026-09-10 11:24:16 [TestNG-test-OrangeHRM Test 1-2] TRACE BaseClass - This is a trace message
2026-09-10 11:24:16 [TestNG-test-OrangeHRM Test 1-2] DEBUG BaseClass - This is a debug message
2026-09-10 11:24:16 [TestNG-test-OrangeHRM Test 1-2] WARN  BaseClass - This is an warning message
2026-09-10 11:24:17 [TestNG-test-OrangeHRM Test 1-2] INFO  ActionDriver - WebDriver instance is created for : ActionDriver
2026-09-10 11:24:17 [TestNG-test-OrangeHRM Test 1-2] INFO  BaseClass - ActionDriver Initialize form Thread 26
2026-09-10 11:24:20 [TestNG-test-OrangeHRM Test 1-2] INFO  BaseClass - WebDriver instance is closed for :  DummyClass2
2026-09-10 11:24:52 [TestNG-test-OrangeHRM Test 1-3] INFO  BaseClass - WebDriver Initialized and Browser Opened and Maximized
2026-09-10 11:24:52 [TestNG-test-OrangeHRM Test 1-3] TRACE BaseClass - This is a trace message
2026-09-10 11:24:52 [TestNG-test-OrangeHRM Test 1-3] DEBUG BaseClass - This is a debug message
2026-09-10 11:24:52 [TestNG-test-OrangeHRM Test 1-3] WARN  BaseClass - This is an warning message
2026-09-10 11:24:52 [TestNG-test-OrangeHRM Test 1-3] INFO  ActionDriver - WebDriver instance is created for : ActionDriver
2026-09-10 11:24:52 [TestNG-test-OrangeHRM Test 1-3] INFO  BaseClass - ActionDriver Initialize form Thread 27
2026-09-10 11:24:52 [TestNG-test-OrangeHRM Test 1-3] INFO  ActionDriver - Value entered on Element with name: username is  Admin
2026-09-10 11:24:52 [TestNG-test-OrangeHRM Test 1-3] INFO  ActionDriver - Value entered on Element with name: password is  admin1234
2026-09-10 11:24:55 [TestNG-test-OrangeHRM Test 1-1] INFO  BaseClass - WebDriver Initialized and Browser Opened and Maximized
2026-09-10 11:24:55 [TestNG-test-OrangeHRM Test 1-1] TRACE BaseClass - This is a trace message
2026-09-10 11:24:55 [TestNG-test-OrangeHRM Test 1-1] DEBUG BaseClass - This is a debug message
2026-09-10 11:24:55 [TestNG-test-OrangeHRM Test 1-1] WARN  BaseClass - This is an warning message
2026-09-10 11:24:55 [TestNG-test-OrangeHRM Test 1-1] INFO  ActionDriver - WebDriver instance is created for : ActionDriver
2026-09-10 11:24:55 [TestNG-test-OrangeHRM Test 1-1] INFO  BaseClass - ActionDriver Initialize form Thread 25
2026-09-10 11:24:56 [TestNG-test-OrangeHRM Test 1-1] INFO  BaseClass - WebDriver instance is closed for :  DummyClass
2026-09-10 11:24:56 [TestNG-test-OrangeHRM Test 1-3] INFO  ActionDriver - Clicked on element  ---> : Element with text: Login
2026-09-10 11:24:57 [TestNG-test-OrangeHRM Test 1-4] INFO  BaseClass - WebDriver Initialized and Browser Opened and Maximized
2026-09-10 11:24:57 [TestNG-test-OrangeHRM Test 1-4] TRACE BaseClass - This is a trace message
2026-09-10 11:24:57 [TestNG-test-OrangeHRM Test 1-4] DEBUG BaseClass - This is a debug message
2026-09-10 11:24:57 [TestNG-test-OrangeHRM Test 1-4] WARN  BaseClass - This is an warning message
2026-09-10 11:24:57 [TestNG-test-OrangeHRM Test 1-4] INFO  ActionDriver - WebDriver instance is created for : ActionDriver
2026-09-10 11:24:57 [TestNG-test-OrangeHRM Test 1-4] INFO  BaseClass - ActionDriver Initialize form Thread 28
2026-09-10 11:24:57 [TestNG-test-OrangeHRM Test 1-4] INFO  ActionDriver - Value entered on Element with name: username is  Admin
2026-09-10 11:24:57 [TestNG-test-OrangeHRM Test 1-3] INFO  ActionDriver - ERROR: Actual Text : Invalid credentials does not match | Expected Value: Invalid credentials1
2026-09-10 11:24:57 [TestNG-test-OrangeHRM Test 1-4] INFO  ActionDriver - Value entered on Element with name: password is  admin123
2026-09-10 11:24:57 [TestNG-test-OrangeHRM Test 1-4] INFO  ActionDriver - Clicked on element  ---> : Element with text: Login
2026-09-10 11:24:58 [TestNG-test-OrangeHRM Test 1-3] INFO  BaseClass - WebDriver instance is closed for :  LoginTest
2026-09-10 11:24:58 [TestNG-test-OrangeHRM Test 1-3] INFO  BaseClass - properties.config File Loaded successfully
2026-09-10 11:25:00 [TestNG-test-OrangeHRM Test 1-3] INFO  BaseClass - ChromeDriver Instance Initialized successfully
2026-09-10 11:25:01 [TestNG-test-OrangeHRM Test 1-4] INFO  ActionDriver - Element : Unable to describe the element is displayed
2026-09-10 11:25:02 [TestNG-test-OrangeHRM Test 1-4] INFO  BaseClass - WebDriver instance is closed for :  HomeTest
2026-09-10 11:25:09 [TestNG-test-OrangeHRM Test 1-3] INFO  BaseClass - WebDriver Initialized and Browser Opened and Maximized
2026-09-10 11:25:09 [TestNG-test-OrangeHRM Test 1-3] TRACE BaseClass - This is a trace message
2026-09-10 11:25:09 [TestNG-test-OrangeHRM Test 1-3] DEBUG BaseClass - This is a debug message
2026-09-10 11:25:09 [TestNG-test-OrangeHRM Test 1-3] WARN  BaseClass - This is an warning message
2026-09-10 11:25:09 [TestNG-test-OrangeHRM Test 1-3] INFO  ActionDriver - WebDriver instance is created for : ActionDriver
2026-09-10 11:25:09 [TestNG-test-OrangeHRM Test 1-3] INFO  BaseClass - ActionDriver Initialize form Thread 27
2026-09-10 11:25:09 [TestNG-test-OrangeHRM Test 1-3] INFO  ActionDriver - Value entered on Element with name: username is  Admin
2026-09-10 11:25:09 [TestNG-test-OrangeHRM Test 1-3] INFO  ActionDriver - Value entered on Element with name: password is  admin123
2026-09-10 11:25:13 [TestNG-test-OrangeHRM Test 1-3] INFO  ActionDriver - Clicked on element  ---> : Element with text: Login
2026-09-10 11:25:15 [TestNG-test-OrangeHRM Test 1-3] INFO  ActionDriver - Element : Element with text: Admin is displayed
2026-09-10 11:25:15 [TestNG-test-OrangeHRM Test 1-3] INFO  ActionDriver - Clicked on element  ---> : Element with text: Shannon IngramVV
2026-09-10 11:25:19 [TestNG-test-OrangeHRM Test 1-3] INFO  ActionDriver - Clicked on element  ---> : Element with text: Logout
2026-09-10 11:25:22 [TestNG-test-OrangeHRM Test 1-3] INFO  BaseClass - WebDriver instance is closed for :  LoginTest
2026-09-10 11:55:19 [TestNG-test-OrangeHRM Test 1-1] INFO  BaseClass - properties.config File Loaded successfully
2026-09-10 11:55:19 [TestNG-test-OrangeHRM Test 1-2] INFO  BaseClass - properties.config File Loaded successfully
2026-09-10 11:55:19 [TestNG-test-OrangeHRM Test 1-4] INFO  BaseClass - properties.config File Loaded successfully
2026-09-10 11:55:19 [TestNG-test-OrangeHRM Test 1-3] INFO  BaseClass - properties.config File Loaded successfully
2026-09-10 11:55:44 [TestNG-test-OrangeHRM Test 1-3] INFO  BaseClass - ChromeDriver Instance Initialized successfully
2026-09-10 11:55:44 [TestNG-test-OrangeHRM Test 1-2] INFO  BaseClass - ChromeDriver Instance Initialized successfully
2026-09-10 11:55:44 [TestNG-test-OrangeHRM Test 1-1] INFO  BaseClass - ChromeDriver Instance Initialized successfully
2026-09-10 11:55:44 [TestNG-test-OrangeHRM Test 1-4] INFO  BaseClass - ChromeDriver Instance Initialized successfully
2026-09-10 11:56:04 [TestNG-test-OrangeHRM Test 1-2] INFO  BaseClass - WebDriver Initialized and Browser Opened and Maximized
2026-09-10 11:56:04 [TestNG-test-OrangeHRM Test 1-2] TRACE BaseClass - This is a trace message
2026-09-10 11:56:04 [TestNG-test-OrangeHRM Test 1-2] DEBUG BaseClass - This is a debug message
2026-09-10 11:56:04 [TestNG-test-OrangeHRM Test 1-2] WARN  BaseClass - This is an warning message
2026-09-10 11:56:04 [TestNG-test-OrangeHRM Test 1-2] INFO  ActionDriver - WebDriver instance is created for : ActionDriver
2026-09-10 11:56:04 [TestNG-test-OrangeHRM Test 1-2] INFO  BaseClass - ActionDriver Initialize form Thread 27
2026-09-10 11:56:06 [TestNG-test-OrangeHRM Test 1-2] INFO  BaseClass - WebDriver instance is closed for :  DummyClass2
2026-09-10 11:56:31 [TestNG-test-OrangeHRM Test 1-1] INFO  BaseClass - WebDriver Initialized and Browser Opened and Maximized
2026-09-10 11:56:31 [TestNG-test-OrangeHRM Test 1-1] TRACE BaseClass - This is a trace message
2026-09-10 11:56:31 [TestNG-test-OrangeHRM Test 1-1] DEBUG BaseClass - This is a debug message
2026-09-10 11:56:31 [TestNG-test-OrangeHRM Test 1-1] WARN  BaseClass - This is an warning message
2026-09-10 11:56:31 [TestNG-test-OrangeHRM Test 1-1] INFO  ActionDriver - WebDriver instance is created for : ActionDriver
2026-09-10 11:56:31 [TestNG-test-OrangeHRM Test 1-1] INFO  BaseClass - ActionDriver Initialize form Thread 26
2026-09-10 11:56:31 [TestNG-test-OrangeHRM Test 1-3] INFO  BaseClass - WebDriver Initialized and Browser Opened and Maximized
2026-09-10 11:56:32 [TestNG-test-OrangeHRM Test 1-3] TRACE BaseClass - This is a trace message
2026-09-10 11:56:32 [TestNG-test-OrangeHRM Test 1-3] DEBUG BaseClass - This is a debug message
2026-09-10 11:56:32 [TestNG-test-OrangeHRM Test 1-3] WARN  BaseClass - This is an warning message
2026-09-10 11:56:32 [TestNG-test-OrangeHRM Test 1-3] INFO  ActionDriver - WebDriver instance is created for : ActionDriver
2026-09-10 11:56:32 [TestNG-test-OrangeHRM Test 1-3] INFO  BaseClass - ActionDriver Initialize form Thread 28
2026-09-10 11:56:33 [TestNG-test-OrangeHRM Test 1-1] INFO  BaseClass - WebDriver instance is closed for :  DummyClass
2026-09-10 11:56:33 [TestNG-test-OrangeHRM Test 1-3] INFO  ActionDriver - Value entered on Element with name: username is  Admin
2026-09-10 11:56:34 [TestNG-test-OrangeHRM Test 1-3] INFO  ActionDriver - Value entered on Element with name: password is  admin1234
2026-09-10 11:56:34 [TestNG-test-OrangeHRM Test 1-4] INFO  BaseClass - WebDriver Initialized and Browser Opened and Maximized
2026-09-10 11:56:34 [TestNG-test-OrangeHRM Test 1-4] TRACE BaseClass - This is a trace message
2026-09-10 11:56:34 [TestNG-test-OrangeHRM Test 1-4] DEBUG BaseClass - This is a debug message
2026-09-10 11:56:34 [TestNG-test-OrangeHRM Test 1-4] WARN  BaseClass - This is an warning message
2026-09-10 11:56:34 [TestNG-test-OrangeHRM Test 1-4] INFO  ActionDriver - WebDriver instance is created for : ActionDriver
2026-09-10 11:56:34 [TestNG-test-OrangeHRM Test 1-4] INFO  BaseClass - ActionDriver Initialize form Thread 29
2026-09-10 11:56:35 [TestNG-test-OrangeHRM Test 1-4] INFO  ActionDriver - Value entered on Element with name: username is  Admin
2026-09-10 11:56:36 [TestNG-test-OrangeHRM Test 1-4] INFO  ActionDriver - Value entered on Element with name: password is  admin123
2026-09-10 11:56:39 [TestNG-test-OrangeHRM Test 1-3] INFO  ActionDriver - Clicked on element  ---> : Element with text: Login
2026-09-10 11:56:40 [TestNG-test-OrangeHRM Test 1-3] INFO  ActionDriver - ERROR: Actual Text : Invalid credentials does not match | Expected Value: Invalid credentials1
2026-09-10 11:56:41 [TestNG-test-OrangeHRM Test 1-3] INFO  BaseClass - WebDriver instance is closed for :  LoginTest
2026-09-10 11:56:41 [TestNG-test-OrangeHRM Test 1-3] INFO  BaseClass - properties.config File Loaded successfully
2026-09-10 11:56:42 [TestNG-test-OrangeHRM Test 1-4] INFO  ActionDriver - Clicked on element  ---> : Element with text: Login
2026-09-10 11:56:43 [TestNG-test-OrangeHRM Test 1-3] INFO  BaseClass - ChromeDriver Instance Initialized successfully
2026-09-10 11:56:47 [TestNG-test-OrangeHRM Test 1-4] INFO  ActionDriver - Element : Unable to describe the element is displayed
2026-09-10 11:56:49 [TestNG-test-OrangeHRM Test 1-3] INFO  BaseClass - WebDriver Initialized and Browser Opened and Maximized
2026-09-10 11:56:49 [TestNG-test-OrangeHRM Test 1-3] TRACE BaseClass - This is a trace message
2026-09-10 11:56:49 [TestNG-test-OrangeHRM Test 1-3] DEBUG BaseClass - This is a debug message
2026-09-10 11:56:49 [TestNG-test-OrangeHRM Test 1-3] WARN  BaseClass - This is an warning message
2026-09-10 11:56:49 [TestNG-test-OrangeHRM Test 1-3] INFO  ActionDriver - WebDriver instance is created for : ActionDriver
2026-09-10 11:56:49 [TestNG-test-OrangeHRM Test 1-3] INFO  BaseClass - ActionDriver Initialize form Thread 28
2026-09-10 11:56:49 [TestNG-test-OrangeHRM Test 1-4] INFO  BaseClass - WebDriver instance is closed for :  HomeTest
2026-09-10 11:56:56 [TestNG-test-OrangeHRM Test 1-3] INFO  ActionDriver - Value entered on Element with name: username is  Admin
2026-09-10 11:56:57 [TestNG-test-OrangeHRM Test 1-3] INFO  ActionDriver - Value entered on Element with name: password is  admin123
2026-09-10 11:57:04 [TestNG-test-OrangeHRM Test 1-3] INFO  ActionDriver - Clicked on element  ---> : Element with text: Login
2026-09-10 11:57:08 [TestNG-test-OrangeHRM Test 1-3] INFO  ActionDriver - Element : Element with text: Admin is displayed
2026-09-10 11:57:09 [TestNG-test-OrangeHRM Test 1-3] INFO  ActionDriver - Clicked on element  ---> : Element with text: Shannon Jones
2026-09-10 11:57:14 [TestNG-test-OrangeHRM Test 1-3] INFO  ActionDriver - Clicked on element  ---> : Element with text: Logout
2026-09-10 11:57:17 [TestNG-test-OrangeHRM Test 1-3] INFO  BaseClass - WebDriver instance is closed for :  LoginTest
2026-09-10 12:00:03 [TestNG-test-OrangeHRM Test 1-1] INFO  BaseClass - properties.config File Loaded successfully
2026-09-10 12:00:03 [TestNG-test-OrangeHRM Test 1-4] INFO  BaseClass - properties.config File Loaded successfully
2026-09-10 12:00:03 [TestNG-test-OrangeHRM Test 1-3] INFO  BaseClass - properties.config File Loaded successfully
2026-09-10 12:00:03 [TestNG-test-OrangeHRM Test 1-2] INFO  BaseClass - properties.config File Loaded successfully
2026-09-10 12:00:20 [TestNG-test-OrangeHRM Test 1-4] INFO  BaseClass - ChromeDriver Instance Initialized successfully
2026-09-10 12:00:20 [TestNG-test-OrangeHRM Test 1-2] INFO  BaseClass - ChromeDriver Instance Initialized successfully
2026-09-10 12:00:32 [TestNG-test-OrangeHRM Test 1-3] INFO  BaseClass - ChromeDriver Instance Initialized successfully
2026-09-10 12:00:34 [TestNG-test-OrangeHRM Test 1-1] INFO  BaseClass - ChromeDriver Instance Initialized successfully
2026-09-10 12:00:35 [TestNG-test-OrangeHRM Test 1-4] INFO  BaseClass - WebDriver Initialized and Browser Opened and Maximized
2026-09-10 12:00:35 [TestNG-test-OrangeHRM Test 1-4] TRACE BaseClass - This is a trace message
2026-09-10 12:00:35 [TestNG-test-OrangeHRM Test 1-4] DEBUG BaseClass - This is a debug message
2026-09-10 12:00:35 [TestNG-test-OrangeHRM Test 1-4] WARN  BaseClass - This is an warning message
2026-09-10 12:00:35 [TestNG-test-OrangeHRM Test 1-4] INFO  ActionDriver - WebDriver instance is created for : ActionDriver
2026-09-10 12:00:35 [TestNG-test-OrangeHRM Test 1-4] INFO  BaseClass - ActionDriver Initialize form Thread 29
2026-09-10 12:00:38 [TestNG-test-OrangeHRM Test 1-3] INFO  BaseClass - WebDriver Initialized and Browser Opened and Maximized
2026-09-10 12:00:38 [TestNG-test-OrangeHRM Test 1-3] TRACE BaseClass - This is a trace message
2026-09-10 12:00:38 [TestNG-test-OrangeHRM Test 1-3] DEBUG BaseClass - This is a debug message
2026-09-10 12:00:38 [TestNG-test-OrangeHRM Test 1-3] WARN  BaseClass - This is an warning message
2026-09-10 12:00:38 [TestNG-test-OrangeHRM Test 1-3] INFO  ActionDriver - WebDriver instance is created for : ActionDriver
2026-09-10 12:00:38 [TestNG-test-OrangeHRM Test 1-3] INFO  BaseClass - ActionDriver Initialize form Thread 28
2026-09-10 12:00:50 [TestNG-test-OrangeHRM Test 1-2] INFO  BaseClass - WebDriver Initialized and Browser Opened and Maximized
2026-09-10 12:00:50 [TestNG-test-OrangeHRM Test 1-2] TRACE BaseClass - This is a trace message
2026-09-10 12:00:50 [TestNG-test-OrangeHRM Test 1-2] DEBUG BaseClass - This is a debug message
2026-09-10 12:00:50 [TestNG-test-OrangeHRM Test 1-2] WARN  BaseClass - This is an warning message
2026-09-10 12:00:50 [TestNG-test-OrangeHRM Test 1-2] INFO  ActionDriver - WebDriver instance is created for : ActionDriver
2026-09-10 12:00:50 [TestNG-test-OrangeHRM Test 1-2] INFO  BaseClass - ActionDriver Initialize form Thread 27
2026-09-10 12:00:51 [TestNG-test-OrangeHRM Test 1-2] INFO  BaseClass - WebDriver instance is closed for :  DummyClass2
2026-09-10 12:00:52 [TestNG-test-OrangeHRM Test 1-1] INFO  BaseClass - WebDriver Initialized and Browser Opened and Maximized
2026-09-10 12:00:52 [TestNG-test-OrangeHRM Test 1-1] TRACE BaseClass - This is a trace message
2026-09-10 12:00:52 [TestNG-test-OrangeHRM Test 1-1] DEBUG BaseClass - This is a debug message
2026-09-10 12:00:52 [TestNG-test-OrangeHRM Test 1-1] WARN  BaseClass - This is an warning message
2026-09-10 12:00:52 [TestNG-test-OrangeHRM Test 1-1] INFO  ActionDriver - WebDriver instance is created for : ActionDriver
2026-09-10 12:00:52 [TestNG-test-OrangeHRM Test 1-1] INFO  BaseClass - ActionDriver Initialize form Thread 26
2026-09-10 12:00:52 [TestNG-test-OrangeHRM Test 1-4] INFO  ActionDriver - Border applied on Element with name: username with color green
2026-09-10 12:00:53 [TestNG-test-OrangeHRM Test 1-4] INFO  ActionDriver - Value entered on Element with name: username is  Admin
2026-09-10 12:00:53 [TestNG-test-OrangeHRM Test 1-4] INFO  ActionDriver - Border applied on Element with name: password with color green
2026-09-10 12:00:54 [TestNG-test-OrangeHRM Test 1-4] INFO  ActionDriver - Value entered on Element with name: password is  admin123
2026-09-10 12:00:54 [TestNG-test-OrangeHRM Test 1-4] INFO  ActionDriver - Border applied on Element with text: Login with color green
2026-09-10 12:00:54 [TestNG-test-OrangeHRM Test 1-4] INFO  ActionDriver - Clicked on element  ---> : Element with text: Login
2026-09-10 12:00:55 [TestNG-test-OrangeHRM Test 1-1] INFO  BaseClass - WebDriver instance is closed for :  DummyClass
2026-09-10 12:00:56 [TestNG-test-OrangeHRM Test 1-3] INFO  ActionDriver - Border applied on Element with name: username with color green
2026-09-10 12:00:56 [TestNG-test-OrangeHRM Test 1-3] INFO  ActionDriver - Value entered on Element with name: username is  Admin
2026-09-10 12:00:56 [TestNG-test-OrangeHRM Test 1-3] INFO  ActionDriver - Border applied on Element with name: password with color green
2026-09-10 12:00:56 [TestNG-test-OrangeHRM Test 1-3] INFO  ActionDriver - Value entered on Element with name: password is  admin1234
2026-09-10 12:00:56 [TestNG-test-OrangeHRM Test 1-3] INFO  ActionDriver - Border applied on Element with text: Login with color green
2026-09-10 12:00:56 [TestNG-test-OrangeHRM Test 1-3] INFO  ActionDriver - Clicked on element  ---> : Element with text: Login
2026-09-10 12:01:08 [TestNG-test-OrangeHRM Test 1-3] INFO  ActionDriver - ERROR: Actual Text : Invalid credentials does not match | Expected Value: Invalid credentials1
2026-09-10 12:01:09 [TestNG-test-OrangeHRM Test 1-3] INFO  ActionDriver - Border applied on Element with text: Invalid credentials with color red
2026-09-10 12:01:11 [TestNG-test-OrangeHRM Test 1-3] INFO  BaseClass - WebDriver instance is closed for :  LoginTest
2026-09-10 12:01:11 [TestNG-test-OrangeHRM Test 1-3] INFO  BaseClass - properties.config File Loaded successfully
2026-09-10 12:01:13 [TestNG-test-OrangeHRM Test 1-4] INFO  ActionDriver - Element : Unable to describe the element is displayed
2026-09-10 12:01:14 [TestNG-test-OrangeHRM Test 1-4] INFO  ActionDriver - Border applied on Unable to describe the element with color green
2026-09-10 12:01:15 [TestNG-test-OrangeHRM Test 1-4] INFO  BaseClass - WebDriver instance is closed for :  HomeTest
2026-09-10 12:01:17 [TestNG-test-OrangeHRM Test 1-3] INFO  BaseClass - ChromeDriver Instance Initialized successfully
2026-09-10 12:01:26 [TestNG-test-OrangeHRM Test 1-3] INFO  BaseClass - WebDriver Initialized and Browser Opened and Maximized
2026-09-10 12:01:26 [TestNG-test-OrangeHRM Test 1-3] TRACE BaseClass - This is a trace message
2026-09-10 12:01:26 [TestNG-test-OrangeHRM Test 1-3] DEBUG BaseClass - This is a debug message
2026-09-10 12:01:26 [TestNG-test-OrangeHRM Test 1-3] WARN  BaseClass - This is an warning message
2026-09-10 12:01:26 [TestNG-test-OrangeHRM Test 1-3] INFO  ActionDriver - WebDriver instance is created for : ActionDriver
2026-09-10 12:01:26 [TestNG-test-OrangeHRM Test 1-3] INFO  BaseClass - ActionDriver Initialize form Thread 28
2026-09-10 12:01:27 [TestNG-test-OrangeHRM Test 1-3] INFO  ActionDriver - Border applied on Element with name: username with color green
2026-09-10 12:01:27 [TestNG-test-OrangeHRM Test 1-3] INFO  ActionDriver - Value entered on Element with name: username is  Admin
2026-09-10 12:01:27 [TestNG-test-OrangeHRM Test 1-3] INFO  ActionDriver - Border applied on Element with name: password with color green
2026-09-10 12:01:27 [TestNG-test-OrangeHRM Test 1-3] INFO  ActionDriver - Value entered on Element with name: password is  admin123
2026-09-10 12:01:28 [TestNG-test-OrangeHRM Test 1-3] INFO  ActionDriver - Border applied on Element with text: Login with color green
2026-09-10 12:01:28 [TestNG-test-OrangeHRM Test 1-3] INFO  ActionDriver - Clicked on element  ---> : Element with text: Login
2026-09-10 12:01:35 [TestNG-test-OrangeHRM Test 1-3] INFO  ActionDriver - Element : Element with text: Admin is displayed
2026-09-10 12:01:35 [TestNG-test-OrangeHRM Test 1-3] INFO  ActionDriver - Border applied on Element with text: Admin with color green
2026-09-10 12:01:36 [TestNG-test-OrangeHRM Test 1-3] INFO  ActionDriver - Border applied on Element with text: Shannon Jones with color green
2026-09-10 12:01:36 [TestNG-test-OrangeHRM Test 1-3] INFO  ActionDriver - Clicked on element  ---> : Element with text: Shannon Jones
2026-09-10 12:01:37 [TestNG-test-OrangeHRM Test 1-3] INFO  ActionDriver - Border applied on Element with text: Logout with color green
2026-09-10 12:01:41 [TestNG-test-OrangeHRM Test 1-3] INFO  ActionDriver - Clicked on element  ---> : Element with text: Logout
2026-09-10 12:01:44 [TestNG-test-OrangeHRM Test 1-3] INFO  BaseClass - WebDriver instance is closed for :  LoginTest
2026-09-10 13:17:48 [TestNG-test-OrangeHRM Test 1-3] INFO  BaseClass - properties.config File Loaded successfully
2026-09-10 13:17:48 [TestNG-test-OrangeHRM Test 1-2] INFO  BaseClass - properties.config File Loaded successfully
2026-09-10 13:17:48 [TestNG-test-OrangeHRM Test 1-4] INFO  BaseClass - properties.config File Loaded successfully
2026-09-10 13:17:48 [TestNG-test-OrangeHRM Test 1-1] INFO  BaseClass - properties.config File Loaded successfully
2026-09-10 13:18:15 [TestNG-test-OrangeHRM Test 1-3] INFO  BaseClass - ChromeDriver Instance Initialized successfully
2026-09-10 13:18:15 [TestNG-test-OrangeHRM Test 1-4] INFO  BaseClass - ChromeDriver Instance Initialized successfully
2026-09-10 13:18:26 [TestNG-test-OrangeHRM Test 1-1] INFO  BaseClass - ChromeDriver Instance Initialized successfully
2026-09-10 13:18:27 [TestNG-test-OrangeHRM Test 1-2] INFO  BaseClass - ChromeDriver Instance Initialized successfully
2026-09-10 13:18:53 [TestNG-test-OrangeHRM Test 1-2] INFO  BaseClass - WebDriver Initialized and Browser Opened and Maximized
2026-09-10 13:18:53 [TestNG-test-OrangeHRM Test 1-2] TRACE BaseClass - This is a trace message
2026-09-10 13:18:53 [TestNG-test-OrangeHRM Test 1-2] DEBUG BaseClass - This is a debug message
2026-09-10 13:18:53 [TestNG-test-OrangeHRM Test 1-2] WARN  BaseClass - This is an warning message
2026-09-10 13:18:54 [TestNG-test-OrangeHRM Test 1-2] INFO  ActionDriver - WebDriver instance is created for : ActionDriver
2026-09-10 13:18:54 [TestNG-test-OrangeHRM Test 1-2] INFO  BaseClass - ActionDriver Initialize form Thread 27
2026-09-10 13:18:57 [TestNG-test-OrangeHRM Test 1-2] INFO  BaseClass - WebDriver instance is closed for :  DummyClass2
2026-09-10 13:19:27 [TestNG-test-OrangeHRM Test 1-4] INFO  BaseClass - WebDriver Initialized and Browser Opened and Maximized
2026-09-10 13:19:27 [TestNG-test-OrangeHRM Test 1-4] TRACE BaseClass - This is a trace message
2026-09-10 13:19:27 [TestNG-test-OrangeHRM Test 1-4] DEBUG BaseClass - This is a debug message
2026-09-10 13:19:27 [TestNG-test-OrangeHRM Test 1-4] WARN  BaseClass - This is an warning message
2026-09-10 13:19:27 [TestNG-test-OrangeHRM Test 1-4] INFO  ActionDriver - WebDriver instance is created for : ActionDriver
2026-09-10 13:19:27 [TestNG-test-OrangeHRM Test 1-4] INFO  BaseClass - ActionDriver Initialize form Thread 29
2026-09-10 13:19:33 [TestNG-test-OrangeHRM Test 1-3] INFO  BaseClass - WebDriver Initialized and Browser Opened and Maximized
2026-09-10 13:19:33 [TestNG-test-OrangeHRM Test 1-3] TRACE BaseClass - This is a trace message
2026-09-10 13:19:33 [TestNG-test-OrangeHRM Test 1-3] DEBUG BaseClass - This is a debug message
2026-09-10 13:19:33 [TestNG-test-OrangeHRM Test 1-3] WARN  BaseClass - This is an warning message
2026-09-10 13:19:33 [TestNG-test-OrangeHRM Test 1-3] INFO  ActionDriver - WebDriver instance is created for : ActionDriver
2026-09-10 13:19:33 [TestNG-test-OrangeHRM Test 1-3] INFO  BaseClass - ActionDriver Initialize form Thread 28
2026-09-10 13:19:41 [TestNG-test-OrangeHRM Test 1-1] INFO  BaseClass - WebDriver Initialized and Browser Opened and Maximized
2026-09-10 13:19:41 [TestNG-test-OrangeHRM Test 1-1] TRACE BaseClass - This is a trace message
2026-09-10 13:19:41 [TestNG-test-OrangeHRM Test 1-1] DEBUG BaseClass - This is a debug message
2026-09-10 13:19:41 [TestNG-test-OrangeHRM Test 1-1] WARN  BaseClass - This is an warning message
2026-09-10 13:19:41 [TestNG-test-OrangeHRM Test 1-1] INFO  ActionDriver - WebDriver instance is created for : ActionDriver
2026-09-10 13:19:41 [TestNG-test-OrangeHRM Test 1-1] INFO  BaseClass - ActionDriver Initialize form Thread 26
2026-09-10 13:19:42 [TestNG-test-OrangeHRM Test 1-1] INFO  BaseClass - WebDriver instance is closed for :  DummyClass
2026-09-10 13:19:57 [TestNG-test-OrangeHRM Test 1-4] INFO  ActionDriver - Border applied on Element with name: username with color green
2026-09-10 13:19:57 [TestNG-test-OrangeHRM Test 1-3] INFO  ActionDriver - Border applied on Element with name: username with color green
2026-09-10 13:19:57 [TestNG-test-OrangeHRM Test 1-3] INFO  ActionDriver - Value entered on Unable to describe the element is  Admin
2026-09-10 13:19:57 [TestNG-test-OrangeHRM Test 1-4] INFO  ActionDriver - Value entered on Unable to describe the element is  Admin
2026-09-10 13:19:57 [TestNG-test-OrangeHRM Test 1-4] INFO  ActionDriver - Border applied on Element with name: password with color green
2026-09-10 13:19:57 [TestNG-test-OrangeHRM Test 1-3] INFO  ActionDriver - Border applied on Element with name: password with color green
2026-09-10 13:19:58 [TestNG-test-OrangeHRM Test 1-4] INFO  ActionDriver - Value entered on Element with name: password is  admin123
2026-09-10 13:19:58 [TestNG-test-OrangeHRM Test 1-3] INFO  ActionDriver - Value entered on Element with name: password is  admin1234
2026-09-10 13:19:58 [TestNG-test-OrangeHRM Test 1-4] INFO  ActionDriver - Border applied on Element with text: Login with color green
2026-09-10 13:19:58 [TestNG-test-OrangeHRM Test 1-3] INFO  ActionDriver - Border applied on Element with text: Login with color green
2026-09-10 13:19:59 [TestNG-test-OrangeHRM Test 1-4] INFO  ActionDriver - Clicked on element  ---> : Element with text: Login
2026-09-10 13:20:45 [TestNG-test-OrangeHRM Test 1-3] INFO  ActionDriver - Clicked on element  ---> : Element with text: Login
2026-09-10 13:21:04 [TestNG-test-OrangeHRM Test 1-4] INFO  ActionDriver - Element : Unable to describe the element is displayed
2026-09-10 13:21:04 [TestNG-test-OrangeHRM Test 1-4] INFO  ActionDriver - Border applied on Unable to describe the element with color green
2026-09-10 13:21:05 [TestNG-test-OrangeHRM Test 1-4] INFO  BaseClass - WebDriver instance is closed for :  HomeTest
2026-09-10 13:21:06 [TestNG-test-OrangeHRM Test 1-3] INFO  ActionDriver - ERROR: Actual Text : Invalid credentials does not match | Expected Value: Invalid credentials1
2026-09-10 13:21:06 [TestNG-test-OrangeHRM Test 1-3] INFO  ActionDriver - Border applied on Element with text: Invalid credentials with color red
2026-09-10 13:21:08 [TestNG-test-OrangeHRM Test 1-3] INFO  BaseClass - WebDriver instance is closed for :  LoginTest
2026-09-10 13:21:08 [TestNG-test-OrangeHRM Test 1-3] INFO  BaseClass - properties.config File Loaded successfully
2026-09-10 13:21:12 [TestNG-test-OrangeHRM Test 1-3] INFO  BaseClass - ChromeDriver Instance Initialized successfully
2026-09-10 13:21:55 [TestNG-test-OrangeHRM Test 1-3] INFO  BaseClass - WebDriver Initialized and Browser Opened and Maximized
2026-09-10 13:21:55 [TestNG-test-OrangeHRM Test 1-3] TRACE BaseClass - This is a trace message
2026-09-10 13:21:55 [TestNG-test-OrangeHRM Test 1-3] DEBUG BaseClass - This is a debug message
2026-09-10 13:21:55 [TestNG-test-OrangeHRM Test 1-3] WARN  BaseClass - This is an warning message
2026-09-10 13:21:55 [TestNG-test-OrangeHRM Test 1-3] INFO  ActionDriver - WebDriver instance is created for : ActionDriver
2026-09-10 13:21:55 [TestNG-test-OrangeHRM Test 1-3] INFO  BaseClass - ActionDriver Initialize form Thread 28
2026-09-10 13:21:55 [TestNG-test-OrangeHRM Test 1-3] INFO  ActionDriver - Border applied on Element with name: username with color green
2026-09-10 13:21:56 [TestNG-test-OrangeHRM Test 1-3] INFO  ActionDriver - Value entered on Element with name: username is  Admin
2026-09-10 13:21:56 [TestNG-test-OrangeHRM Test 1-3] INFO  ActionDriver - Border applied on Element with name: password with color green
2026-09-10 13:21:56 [TestNG-test-OrangeHRM Test 1-3] INFO  ActionDriver - Value entered on Element with name: password is  admin123
2026-09-10 13:21:56 [TestNG-test-OrangeHRM Test 1-3] INFO  ActionDriver - Border applied on Element with text: auth.login with color green
2026-09-10 13:21:57 [TestNG-test-OrangeHRM Test 1-3] INFO  ActionDriver - Clicked on element  ---> : Element with text: auth.login
2026-09-10 13:23:13 [TestNG-test-OrangeHRM Test 1-3] INFO  BaseClass - WebDriver instance is closed for :  LoginTest
2026-09-10 13:26:13 [TestNG-test-OrangeHRM Test 1-1] INFO  BaseClass - properties.config File Loaded successfully
2026-09-10 13:26:13 [TestNG-test-OrangeHRM Test 1-2] INFO  BaseClass - properties.config File Loaded successfully
2026-09-10 13:26:13 [TestNG-test-OrangeHRM Test 1-3] INFO  BaseClass - properties.config File Loaded successfully
2026-09-10 13:26:35 [TestNG-test-OrangeHRM Test 1-1] INFO  BaseClass - ChromeDriver Instance Initialized successfully
2026-09-10 13:26:35 [TestNG-test-OrangeHRM Test 1-2] INFO  BaseClass - ChromeDriver Instance Initialized successfully
2026-09-10 13:26:35 [TestNG-test-OrangeHRM Test 1-3] INFO  BaseClass - ChromeDriver Instance Initialized successfully
2026-09-10 13:27:02 [TestNG-test-OrangeHRM Test 1-1] INFO  BaseClass - WebDriver Initialized and Browser Opened and Maximized
2026-09-10 13:27:02 [TestNG-test-OrangeHRM Test 1-1] TRACE BaseClass - This is a trace message
2026-09-10 13:27:02 [TestNG-test-OrangeHRM Test 1-1] DEBUG BaseClass - This is a debug message
2026-09-10 13:27:02 [TestNG-test-OrangeHRM Test 1-1] WARN  BaseClass - This is an warning message
2026-09-10 13:27:02 [TestNG-test-OrangeHRM Test 1-1] INFO  ActionDriver - WebDriver instance is created for : ActionDriver
2026-09-10 13:27:02 [TestNG-test-OrangeHRM Test 1-1] INFO  BaseClass - ActionDriver Initialize form Thread 26
2026-09-10 13:27:11 [TestNG-test-OrangeHRM Test 1-2] INFO  BaseClass - WebDriver Initialized and Browser Opened and Maximized
2026-09-10 13:27:11 [TestNG-test-OrangeHRM Test 1-2] TRACE BaseClass - This is a trace message
2026-09-10 13:27:11 [TestNG-test-OrangeHRM Test 1-2] DEBUG BaseClass - This is a debug message
2026-09-10 13:27:11 [TestNG-test-OrangeHRM Test 1-2] WARN  BaseClass - This is an warning message
2026-09-10 13:27:11 [TestNG-test-OrangeHRM Test 1-2] INFO  ActionDriver - WebDriver instance is created for : ActionDriver
2026-09-10 13:27:11 [TestNG-test-OrangeHRM Test 1-2] INFO  BaseClass - ActionDriver Initialize form Thread 27
2026-09-10 13:27:12 [TestNG-test-OrangeHRM Test 1-2] INFO  BaseClass - WebDriver instance is closed for :  DummyClass2
2026-09-10 13:27:15 [TestNG-test-OrangeHRM Test 1-3] INFO  BaseClass - WebDriver Initialized and Browser Opened and Maximized
2026-09-10 13:27:15 [TestNG-test-OrangeHRM Test 1-3] TRACE BaseClass - This is a trace message
2026-09-10 13:27:15 [TestNG-test-OrangeHRM Test 1-3] DEBUG BaseClass - This is a debug message
2026-09-10 13:27:15 [TestNG-test-OrangeHRM Test 1-3] WARN  BaseClass - This is an warning message
2026-09-10 13:27:15 [TestNG-test-OrangeHRM Test 1-3] INFO  ActionDriver - WebDriver instance is created for : ActionDriver
2026-09-10 13:27:15 [TestNG-test-OrangeHRM Test 1-3] INFO  BaseClass - ActionDriver Initialize form Thread 28
2026-09-10 13:27:18 [TestNG-test-OrangeHRM Test 1-1] INFO  BaseClass - WebDriver instance is closed for :  DummyClass
2026-09-10 13:29:13 [TestNG-test-OrangeHRM Test 1-3] INFO  ActionDriver - Border applied on Element with name: username with color red
2026-09-10 13:29:13 [TestNG-test-OrangeHRM Test 1-3] INFO  ActionDriver - Border applied on Element with name: password with color green
2026-09-10 13:29:14 [TestNG-test-OrangeHRM Test 1-3] INFO  ActionDriver - Value entered on Element with name: password is  admin1234
2026-09-10 13:29:14 [TestNG-test-OrangeHRM Test 1-3] INFO  ActionDriver - Border applied on Element with text: Login with color green
2026-09-10 13:29:14 [TestNG-test-OrangeHRM Test 1-3] INFO  ActionDriver - Clicked on element  ---> : Element with text: Login
2026-09-10 13:29:40 [TestNG-test-OrangeHRM Test 1-3] INFO  BaseClass - WebDriver instance is closed for :  LoginTest
2026-09-10 13:29:40 [TestNG-test-OrangeHRM Test 1-3] INFO  BaseClass - properties.config File Loaded successfully
2026-09-10 13:29:43 [TestNG-test-OrangeHRM Test 1-3] INFO  BaseClass - ChromeDriver Instance Initialized successfully
2026-09-10 13:30:23 [TestNG-test-OrangeHRM Test 1-3] INFO  BaseClass - WebDriver Initialized and Browser Opened and Maximized
2026-09-10 13:30:23 [TestNG-test-OrangeHRM Test 1-3] TRACE BaseClass - This is a trace message
2026-09-10 13:30:23 [TestNG-test-OrangeHRM Test 1-3] DEBUG BaseClass - This is a debug message
2026-09-10 13:30:23 [TestNG-test-OrangeHRM Test 1-3] WARN  BaseClass - This is an warning message
2026-09-10 13:30:23 [TestNG-test-OrangeHRM Test 1-3] INFO  ActionDriver - WebDriver instance is created for : ActionDriver
2026-09-10 13:30:23 [TestNG-test-OrangeHRM Test 1-3] INFO  BaseClass - ActionDriver Initialize form Thread 28
2026-09-10 13:30:23 [TestNG-test-OrangeHRM Test 1-3] INFO  ActionDriver - Border applied on Element with name: username with color green
2026-09-10 13:30:23 [TestNG-test-OrangeHRM Test 1-3] INFO  ActionDriver - Value entered on Element with name: username is  Admin
2026-09-10 13:30:23 [TestNG-test-OrangeHRM Test 1-3] INFO  ActionDriver - Border applied on Element with name: password with color green
2026-09-10 13:30:23 [TestNG-test-OrangeHRM Test 1-3] INFO  ActionDriver - Value entered on Element with name: password is  admin123
2026-09-10 13:30:24 [TestNG-test-OrangeHRM Test 1-3] INFO  ActionDriver - Border applied on Element with text: auth.login with color green
2026-09-10 13:31:06 [TestNG-test-OrangeHRM Test 1-3] INFO  ActionDriver - Clicked on element  ---> : Element with text: auth.login
2026-09-10 13:31:24 [TestNG-test-OrangeHRM Test 1-3] INFO  ActionDriver - Element : Unable to describe the element is displayed
2026-09-10 13:31:24 [TestNG-test-OrangeHRM Test 1-3] INFO  ActionDriver - Border applied on Element with text: Admin with color green
2026-09-10 13:31:25 [TestNG-test-OrangeHRM Test 1-3] INFO  ActionDriver - Border applied on Element with text: manda user with color green
2026-09-10 13:31:25 [TestNG-test-OrangeHRM Test 1-3] INFO  ActionDriver - Clicked on element  ---> : Element with text: manda user
2026-09-10 13:31:25 [TestNG-test-OrangeHRM Test 1-3] INFO  ActionDriver - Border applied on Element with text: Logout with color green
2026-09-10 13:32:06 [TestNG-test-OrangeHRM Test 1-3] INFO  ActionDriver - Clicked on element  ---> : Element with text: Logout
2026-09-10 13:32:09 [TestNG-test-OrangeHRM Test 1-3] INFO  BaseClass - WebDriver instance is closed for :  LoginTest
2026-09-10 13:39:24 [TestNG-test-OrangeHRM Test 1-3] INFO  BaseClass - properties.config File Loaded successfully
2026-09-10 13:39:24 [TestNG-test-OrangeHRM Test 1-1] INFO  BaseClass - properties.config File Loaded successfully
2026-09-10 13:39:24 [TestNG-test-OrangeHRM Test 1-2] INFO  BaseClass - properties.config File Loaded successfully
2026-09-10 13:39:35 [TestNG-test-OrangeHRM Test 1-3] INFO  BaseClass - ChromeDriver Instance Initialized successfully
2026-09-10 13:39:35 [TestNG-test-OrangeHRM Test 1-2] INFO  BaseClass - ChromeDriver Instance Initialized successfully
2026-09-10 13:39:43 [TestNG-test-OrangeHRM Test 1-1] INFO  BaseClass - ChromeDriver Instance Initialized successfully
2026-09-10 13:40:48 [TestNG-test-OrangeHRM Test 1-2] INFO  BaseClass - WebDriver Initialized and Browser Opened and Maximized
2026-09-10 13:40:48 [TestNG-test-OrangeHRM Test 1-2] TRACE BaseClass - This is a trace message
2026-09-10 13:40:48 [TestNG-test-OrangeHRM Test 1-2] DEBUG BaseClass - This is a debug message
2026-09-10 13:40:48 [TestNG-test-OrangeHRM Test 1-2] WARN  BaseClass - This is an warning message
2026-09-10 13:40:48 [TestNG-test-OrangeHRM Test 1-2] INFO  ActionDriver - WebDriver instance is created for : ActionDriver
2026-09-10 13:40:48 [TestNG-test-OrangeHRM Test 1-2] INFO  BaseClass - ActionDriver Initialize form Thread 28
2026-09-10 13:40:50 [TestNG-test-OrangeHRM Test 1-3] INFO  BaseClass - WebDriver Initialized and Browser Opened and Maximized
2026-09-10 13:40:50 [TestNG-test-OrangeHRM Test 1-3] TRACE BaseClass - This is a trace message
2026-09-10 13:40:50 [TestNG-test-OrangeHRM Test 1-3] DEBUG BaseClass - This is a debug message
2026-09-10 13:40:50 [TestNG-test-OrangeHRM Test 1-3] WARN  BaseClass - This is an warning message
2026-09-10 13:40:50 [TestNG-test-OrangeHRM Test 1-3] INFO  ActionDriver - WebDriver instance is created for : ActionDriver
2026-09-10 13:40:50 [TestNG-test-OrangeHRM Test 1-3] INFO  BaseClass - ActionDriver Initialize form Thread 29
2026-09-10 13:40:51 [TestNG-test-OrangeHRM Test 1-2] INFO  BaseClass - WebDriver instance is closed for :  DummyClass2
2026-09-10 13:41:08 [TestNG-test-OrangeHRM Test 1-3] INFO  ActionDriver - Border applied on Element with name: username with color green
2026-09-10 13:41:08 [TestNG-test-OrangeHRM Test 1-3] INFO  ActionDriver - Value entered on Unable to describe the element is  Admin
2026-09-10 13:41:09 [TestNG-test-OrangeHRM Test 1-3] INFO  ActionDriver - Border applied on Element with name: password with color green
2026-09-10 13:41:09 [TestNG-test-OrangeHRM Test 1-3] INFO  ActionDriver - Value entered on Element with name: password is  admin1234
2026-09-10 13:41:09 [TestNG-test-OrangeHRM Test 1-3] INFO  ActionDriver - Border applied on Element with text: Login with color green
2026-09-10 13:41:18 [TestNG-test-OrangeHRM Test 1-1] INFO  BaseClass - WebDriver Initialized and Browser Opened and Maximized
2026-09-10 13:41:18 [TestNG-test-OrangeHRM Test 1-1] TRACE BaseClass - This is a trace message
2026-09-10 13:41:18 [TestNG-test-OrangeHRM Test 1-1] DEBUG BaseClass - This is a debug message
2026-09-10 13:41:18 [TestNG-test-OrangeHRM Test 1-1] WARN  BaseClass - This is an warning message
2026-09-10 13:41:18 [TestNG-test-OrangeHRM Test 1-1] INFO  ActionDriver - WebDriver instance is created for : ActionDriver
2026-09-10 13:41:18 [TestNG-test-OrangeHRM Test 1-1] INFO  BaseClass - ActionDriver Initialize form Thread 27
2026-09-10 13:41:22 [TestNG-test-OrangeHRM Test 1-1] INFO  BaseClass - WebDriver instance is closed for :  DummyClass
2026-09-10 13:41:50 [TestNG-test-OrangeHRM Test 1-3] INFO  ActionDriver - Clicked on element  ---> : Element with text: Login
2026-09-10 13:42:11 [TestNG-test-OrangeHRM Test 1-3] INFO  ActionDriver - ERROR: Actual Text : Invalid credentials does not match | Expected Value: Invalid credentials1
2026-09-10 13:42:11 [TestNG-test-OrangeHRM Test 1-3] INFO  ActionDriver - Border applied on Element with text: Invalid credentials with color red
2026-09-10 13:42:13 [TestNG-test-OrangeHRM Test 1-3] INFO  BaseClass - WebDriver instance is closed for :  LoginTest
2026-09-10 13:42:13 [TestNG-test-OrangeHRM Test 1-3] INFO  BaseClass - properties.config File Loaded successfully
2026-09-10 13:42:17 [TestNG-test-OrangeHRM Test 1-3] INFO  BaseClass - ChromeDriver Instance Initialized successfully
2026-09-10 14:22:51 [main] INFO  BaseClass - properties.config File Loaded successfully
2026-09-10 14:23:02 [main] INFO  BaseClass - ChromeDriver Instance Initialized successfully
2026-09-10 14:23:15 [main] INFO  BaseClass - WebDriver Initialized and Browser Opened and Maximized
2026-09-10 14:23:15 [main] TRACE BaseClass - This is a trace message
2026-09-10 14:23:15 [main] DEBUG BaseClass - This is a debug message
2026-09-10 14:23:15 [main] WARN  BaseClass - This is an warning message
2026-09-10 14:23:15 [main] INFO  ActionDriver - WebDriver instance is created for : ActionDriver
2026-09-10 14:23:15 [main] INFO  BaseClass - ActionDriver Initialize form Thread 1
2026-09-10 14:23:19 [main] INFO  BaseClass - WebDriver instance is closed for :  LoginTest
2026-09-10 14:31:12 [main] INFO  BaseClass - properties.config File Loaded successfully
2026-09-10 14:31:20 [main] INFO  BaseClass - ChromeDriver Instance Initialized successfully
2026-09-10 14:31:23 [main] INFO  BaseClass - WebDriver Initialized and Browser Opened and Maximized
2026-09-10 14:31:23 [main] TRACE BaseClass - This is a trace message
2026-09-10 14:31:23 [main] DEBUG BaseClass - This is a debug message
2026-09-10 14:31:23 [main] WARN  BaseClass - This is an warning message
2026-09-10 14:31:23 [main] INFO  ActionDriver - WebDriver instance is created for : ActionDriver
2026-09-10 14:31:23 [main] INFO  BaseClass - ActionDriver Initialize form Thread 1
2026-09-10 14:31:25 [main] INFO  BaseClass - WebDriver instance is closed for :  LoginTest
2026-09-10 14:32:32 [TestNG-test-OrangeHRM Test 1-1] INFO  BaseClass - properties.config File Loaded successfully
2026-09-10 14:32:40 [TestNG-test-OrangeHRM Test 1-1] INFO  BaseClass - ChromeDriver Instance Initialized successfully
2026-09-10 14:32:43 [TestNG-test-OrangeHRM Test 1-1] INFO  BaseClass - WebDriver Initialized and Browser Opened and Maximized
2026-09-10 14:32:43 [TestNG-test-OrangeHRM Test 1-1] TRACE BaseClass - This is a trace message
2026-09-10 14:32:43 [TestNG-test-OrangeHRM Test 1-1] DEBUG BaseClass - This is a debug message
2026-09-10 14:32:43 [TestNG-test-OrangeHRM Test 1-1] WARN  BaseClass - This is an warning message
2026-09-10 14:32:43 [TestNG-test-OrangeHRM Test 1-1] INFO  ActionDriver - WebDriver instance is created for : ActionDriver
2026-09-10 14:32:43 [TestNG-test-OrangeHRM Test 1-1] INFO  BaseClass - ActionDriver Initialize form Thread 24
2026-09-10 14:32:47 [TestNG-test-OrangeHRM Test 1-1] INFO  ActionDriver - Border applied on Element with name: username with color green
2026-09-10 14:32:48 [TestNG-test-OrangeHRM Test 1-1] INFO  ActionDriver - Value entered on Element with name: username is  Admin
2026-09-10 14:32:48 [TestNG-test-OrangeHRM Test 1-1] INFO  ActionDriver - Border applied on Element with name: password with color green
2026-09-10 14:32:48 [TestNG-test-OrangeHRM Test 1-1] INFO  ActionDriver - Value entered on Element with name: password is  admin1234
2026-09-10 14:32:48 [TestNG-test-OrangeHRM Test 1-1] INFO  ActionDriver - Border applied on Element with text: Login with color green
2026-09-10 14:32:50 [TestNG-test-OrangeHRM Test 1-1] INFO  ActionDriver - Clicked on element  ---> : Element with text: Login
2026-09-10 14:32:51 [TestNG-test-OrangeHRM Test 1-1] INFO  ActionDriver - ERROR: Actual Text : Invalid credentials does not match | Expected Value: Invalid credentials1
2026-09-10 14:32:51 [TestNG-test-OrangeHRM Test 1-1] INFO  ActionDriver - Border applied on Element with text: Invalid credentials with color red
2026-09-10 14:32:53 [TestNG-test-OrangeHRM Test 1-1] INFO  BaseClass - WebDriver instance is closed for :  LoginTest
2026-09-10 14:32:58 [TestNG-test-OrangeHRM Test 1-1] INFO  BaseClass - properties.config File Loaded successfully
2026-09-10 14:33:01 [TestNG-test-OrangeHRM Test 1-1] INFO  BaseClass - ChromeDriver Instance Initialized successfully
2026-09-10 14:33:09 [TestNG-test-OrangeHRM Test 1-1] INFO  BaseClass - WebDriver Initialized and Browser Opened and Maximized
2026-09-10 14:33:09 [TestNG-test-OrangeHRM Test 1-1] TRACE BaseClass - This is a trace message
2026-09-10 14:33:09 [TestNG-test-OrangeHRM Test 1-1] DEBUG BaseClass - This is a debug message
2026-09-10 14:33:09 [TestNG-test-OrangeHRM Test 1-1] WARN  BaseClass - This is an warning message
2026-09-10 14:33:09 [TestNG-test-OrangeHRM Test 1-1] INFO  ActionDriver - WebDriver instance is created for : ActionDriver
2026-09-10 14:33:09 [TestNG-test-OrangeHRM Test 1-1] INFO  BaseClass - ActionDriver Initialize form Thread 24
2026-09-10 14:33:09 [TestNG-test-OrangeHRM Test 1-1] INFO  ActionDriver - Border applied on Element with name: username with color green
2026-09-10 14:33:10 [TestNG-test-OrangeHRM Test 1-1] INFO  ActionDriver - Value entered on Element with name: username is  Admin
2026-09-10 14:33:10 [TestNG-test-OrangeHRM Test 1-1] INFO  ActionDriver - Border applied on Element with name: password with color green
2026-09-10 14:33:10 [TestNG-test-OrangeHRM Test 1-1] INFO  ActionDriver - Value entered on Element with name: password is  admin123
2026-09-10 14:33:10 [TestNG-test-OrangeHRM Test 1-1] INFO  ActionDriver - Border applied on Element with text: Login with color green
2026-09-10 14:33:12 [TestNG-test-OrangeHRM Test 1-1] INFO  ActionDriver - Clicked on element  ---> : Element with text: Login
2026-09-10 14:33:14 [TestNG-test-OrangeHRM Test 1-1] INFO  ActionDriver - Element : Element with text: Admin is displayed
2026-09-10 14:33:14 [TestNG-test-OrangeHRM Test 1-1] INFO  ActionDriver - Border applied on Element with text: Admin with color green
2026-09-10 14:33:14 [TestNG-test-OrangeHRM Test 1-1] INFO  ActionDriver - Border applied on Element with text: John Doe with color green
2026-09-10 14:33:15 [TestNG-test-OrangeHRM Test 1-1] INFO  ActionDriver - Clicked on element  ---> : Element with text: John Doe
2026-09-10 14:33:15 [TestNG-test-OrangeHRM Test 1-1] INFO  ActionDriver - Border applied on Element with text: Logout with color green
2026-09-10 14:33:17 [TestNG-test-OrangeHRM Test 1-1] INFO  ActionDriver - Clicked on element  ---> : Element with text: Logout
2026-09-10 14:33:20 [TestNG-test-OrangeHRM Test 1-1] INFO  BaseClass - WebDriver instance is closed for :  LoginTest
2026-09-10 15:35:47 [main] INFO  BaseClass - properties.config File Loaded successfully
2026-09-10 15:37:36 [main] INFO  BaseClass - properties.config File Loaded successfully
2026-09-10 15:37:43 [main] INFO  BaseClass - ChromeDriver Instance Initialized successfully
2026-09-10 15:37:48 [main] INFO  BaseClass - WebDriver Initialized and Browser Opened and Maximized
2026-09-10 15:37:48 [main] TRACE BaseClass - This is a trace message
2026-09-10 15:37:48 [main] DEBUG BaseClass - This is a debug message
2026-09-10 15:37:48 [main] WARN  BaseClass - This is an warning message
2026-09-10 15:37:48 [main] INFO  ActionDriver - WebDriver instance is created for : ActionDriver
2026-09-10 15:37:48 [main] INFO  BaseClass - ActionDriver Initialize form Thread 1
2026-09-10 15:37:57 [main] INFO  BaseClass - WebDriver instance is closed for :  DataLoginTest
2026-09-10 15:39:09 [main] INFO  BaseClass - properties.config File Loaded successfully
2026-09-10 15:39:14 [main] INFO  BaseClass - ChromeDriver Instance Initialized successfully
2026-09-10 15:39:19 [main] INFO  BaseClass - WebDriver Initialized and Browser Opened and Maximized
2026-09-10 15:39:19 [main] TRACE BaseClass - This is a trace message
2026-09-10 15:39:19 [main] DEBUG BaseClass - This is a debug message
2026-09-10 15:39:19 [main] WARN  BaseClass - This is an warning message
2026-09-10 15:39:19 [main] INFO  ActionDriver - WebDriver instance is created for : ActionDriver
2026-09-10 15:39:19 [main] INFO  BaseClass - ActionDriver Initialize form Thread 1
2026-09-10 15:39:20 [main] INFO  BaseClass - WebDriver instance is closed for :  DataLoginTest
2026-09-10 15:39:20 [main] INFO  BaseClass - properties.config File Loaded successfully
2026-09-10 15:39:22 [main] INFO  BaseClass - ChromeDriver Instance Initialized successfully
2026-09-10 15:41:06 [TestNG-test-OrangeHRM Test 1-1] INFO  BaseClass - properties.config File Loaded successfully
2026-09-10 15:41:17 [TestNG-test-OrangeHRM Test 1-1] INFO  BaseClass - ChromeDriver Instance Initialized successfully
2026-09-10 15:41:21 [TestNG-test-OrangeHRM Test 1-1] INFO  BaseClass - WebDriver Initialized and Browser Opened and Maximized
2026-09-10 15:41:21 [TestNG-test-OrangeHRM Test 1-1] TRACE BaseClass - This is a trace message
2026-09-10 15:41:21 [TestNG-test-OrangeHRM Test 1-1] DEBUG BaseClass - This is a debug message
2026-09-10 15:41:21 [TestNG-test-OrangeHRM Test 1-1] WARN  BaseClass - This is an warning message
2026-09-10 15:41:21 [TestNG-test-OrangeHRM Test 1-1] INFO  ActionDriver - WebDriver instance is created for : ActionDriver
2026-09-10 15:41:21 [TestNG-test-OrangeHRM Test 1-1] INFO  BaseClass - ActionDriver Initialize form Thread 25
2026-09-10 15:41:49 [TestNG-test-OrangeHRM Test 1-1] INFO  ActionDriver - Border applied on Element with name: username with color green
2026-09-10 15:41:49 [TestNG-test-OrangeHRM Test 1-1] INFO  ActionDriver - Value entered on Element with name: username is  admin
2026-09-10 15:41:49 [TestNG-test-OrangeHRM Test 1-1] INFO  ActionDriver - Border applied on Element with name: password with color green
2026-09-10 15:41:50 [TestNG-test-OrangeHRM Test 1-1] INFO  ActionDriver - Value entered on Element with name: password is  admin123
2026-09-10 15:41:50 [TestNG-test-OrangeHRM Test 1-1] INFO  ActionDriver - Border applied on Element with text: Login with color green
2026-09-10 15:41:56 [TestNG-test-OrangeHRM Test 1-1] INFO  ActionDriver - Clicked on element  ---> : Element with text: Login
2026-09-10 15:43:02 [TestNG-test-OrangeHRM Test 1-1] INFO  BaseClass - WebDriver instance is closed for :  DataLoginTest
2026-09-10 15:43:02 [TestNG-test-OrangeHRM Test 1-1] INFO  BaseClass - properties.config File Loaded successfully
2026-09-10 15:43:07 [TestNG-test-OrangeHRM Test 1-1] INFO  BaseClass - ChromeDriver Instance Initialized successfully
2026-09-10 15:43:51 [TestNG-test-OrangeHRM Test 1-1] INFO  BaseClass - WebDriver Initialized and Browser Opened and Maximized
2026-09-10 15:43:51 [TestNG-test-OrangeHRM Test 1-1] TRACE BaseClass - This is a trace message
2026-09-10 15:43:51 [TestNG-test-OrangeHRM Test 1-1] DEBUG BaseClass - This is a debug message
2026-09-10 15:43:51 [TestNG-test-OrangeHRM Test 1-1] WARN  BaseClass - This is an warning message
2026-09-10 15:43:51 [TestNG-test-OrangeHRM Test 1-1] INFO  ActionDriver - WebDriver instance is created for : ActionDriver
2026-09-10 15:43:51 [TestNG-test-OrangeHRM Test 1-1] INFO  BaseClass - ActionDriver Initialize form Thread 25
2026-09-10 15:43:51 [TestNG-test-OrangeHRM Test 1-1] INFO  ActionDriver - Border applied on Element with name: username with color green
2026-09-10 15:43:51 [TestNG-test-OrangeHRM Test 1-1] INFO  ActionDriver - Value entered on Element with name: username is  Admin
2026-09-10 15:43:52 [TestNG-test-OrangeHRM Test 1-1] INFO  ActionDriver - Border applied on Element with name: password with color green
2026-09-10 15:43:52 [TestNG-test-OrangeHRM Test 1-1] INFO  ActionDriver - Value entered on Element with name: password is  admin123
2026-09-10 15:43:52 [TestNG-test-OrangeHRM Test 1-1] INFO  ActionDriver - Border applied on Element with text: Login with color green
2026-09-10 15:43:57 [TestNG-test-OrangeHRM Test 1-1] INFO  ActionDriver - Clicked on element  ---> : Element with text: Login
2026-09-10 15:43:58 [TestNG-test-OrangeHRM Test 1-1] INFO  ActionDriver - Element : Element with text: Admin is displayed
2026-09-10 15:43:58 [TestNG-test-OrangeHRM Test 1-1] INFO  ActionDriver - Border applied on Element with text: Admin with color green
2026-09-10 15:43:59 [TestNG-test-OrangeHRM Test 1-1] INFO  ActionDriver - Border applied on Element with text: Eliza Lazzeri with color green
2026-09-10 15:43:59 [TestNG-test-OrangeHRM Test 1-1] INFO  ActionDriver - Clicked on element  ---> : Element with text: Eliza Lazzeri
2026-09-10 15:44:00 [TestNG-test-OrangeHRM Test 1-1] INFO  ActionDriver - Border applied on Element with text: Logout with color green
2026-09-10 15:44:03 [TestNG-test-OrangeHRM Test 1-1] INFO  ActionDriver - Clicked on element  ---> : Element with text: Logout
2026-09-10 15:44:06 [TestNG-test-OrangeHRM Test 1-1] INFO  BaseClass - WebDriver instance is closed for :  DataLoginTest
2026-09-10 15:44:48 [TestNG-test-OrangeHRM Test 1-1] INFO  BaseClass - properties.config File Loaded successfully
2026-09-10 15:44:53 [TestNG-test-OrangeHRM Test 1-1] INFO  BaseClass - ChromeDriver Instance Initialized successfully
2026-09-10 15:44:57 [TestNG-test-OrangeHRM Test 1-1] INFO  BaseClass - WebDriver Initialized and Browser Opened and Maximized
2026-09-10 15:44:58 [TestNG-test-OrangeHRM Test 1-1] TRACE BaseClass - This is a trace message
2026-09-10 15:44:58 [TestNG-test-OrangeHRM Test 1-1] DEBUG BaseClass - This is a debug message
2026-09-10 15:44:58 [TestNG-test-OrangeHRM Test 1-1] WARN  BaseClass - This is an warning message
2026-09-10 15:44:58 [TestNG-test-OrangeHRM Test 1-1] INFO  ActionDriver - WebDriver instance is created for : ActionDriver
2026-09-10 15:44:58 [TestNG-test-OrangeHRM Test 1-1] INFO  BaseClass - ActionDriver Initialize form Thread 28
2026-09-10 15:45:26 [TestNG-test-OrangeHRM Test 1-1] INFO  ActionDriver - Border applied on Element with name: username with color green
2026-09-10 15:45:27 [TestNG-test-OrangeHRM Test 1-1] INFO  ActionDriver - Value entered on Element with name: username is  admin
2026-09-10 15:45:27 [TestNG-test-OrangeHRM Test 1-1] INFO  ActionDriver - Border applied on Element with name: password with color green
2026-09-10 15:45:27 [TestNG-test-OrangeHRM Test 1-1] INFO  ActionDriver - Value entered on Element with name: password is  admin123
2026-09-10 15:45:27 [TestNG-test-OrangeHRM Test 1-1] INFO  ActionDriver - Border applied on Element with text: Login with color green
2026-09-10 15:45:27 [TestNG-test-OrangeHRM Test 1-1] INFO  ActionDriver - Clicked on element  ---> : Element with text: Login
2026-09-10 15:45:42 [TestNG-test-OrangeHRM Test 1-1] INFO  BaseClass - WebDriver instance is closed for :  DataLoginTest
2026-09-10 15:47:49 [TestNG-test-OrangeHRM Test 1-1] INFO  BaseClass - properties.config File Loaded successfully
2026-09-10 15:47:55 [TestNG-test-OrangeHRM Test 1-1] INFO  BaseClass - ChromeDriver Instance Initialized successfully
2026-09-10 15:47:59 [TestNG-test-OrangeHRM Test 1-1] INFO  BaseClass - WebDriver Initialized and Browser Opened and Maximized
2026-09-10 15:47:59 [TestNG-test-OrangeHRM Test 1-1] TRACE BaseClass - This is a trace message
2026-09-10 15:47:59 [TestNG-test-OrangeHRM Test 1-1] DEBUG BaseClass - This is a debug message
2026-09-10 15:47:59 [TestNG-test-OrangeHRM Test 1-1] WARN  BaseClass - This is an warning message
2026-09-10 15:48:00 [TestNG-test-OrangeHRM Test 1-1] INFO  ActionDriver - WebDriver instance is created for : ActionDriver
2026-09-10 15:48:00 [TestNG-test-OrangeHRM Test 1-1] INFO  BaseClass - ActionDriver Initialize form Thread 24
2026-09-10 15:48:36 [TestNG-test-OrangeHRM Test 1-1] INFO  ActionDriver - Border applied on Element with name: username with color green
2026-09-10 15:48:37 [TestNG-test-OrangeHRM Test 1-1] INFO  ActionDriver - Value entered on Element with name: username is  admin123
2026-09-10 15:48:38 [TestNG-test-OrangeHRM Test 1-1] INFO  ActionDriver - Border applied on Element with name: password with color green
2026-09-10 15:48:39 [TestNG-test-OrangeHRM Test 1-1] INFO  ActionDriver - Value entered on Element with name: password is  admin123
2026-09-10 15:48:41 [TestNG-test-OrangeHRM Test 1-1] INFO  ActionDriver - Border applied on Element with text: Login with color green
2026-09-10 15:48:42 [TestNG-test-OrangeHRM Test 1-1] INFO  ActionDriver - Clicked on element  ---> : Element with text: Login
2026-09-10 15:48:46 [TestNG-test-OrangeHRM Test 1-1] INFO  ActionDriver - ERROR: Actual Text : Invalid credentials does not match | Expected Value: Invalid credentials1
2026-09-10 15:48:46 [TestNG-test-OrangeHRM Test 1-1] INFO  ActionDriver - Border applied on Element with text: Invalid credentials with color red
2026-09-10 15:48:47 [TestNG-test-OrangeHRM Test 1-1] INFO  BaseClass - WebDriver instance is closed for :  DataLoginTest
2026-09-10 15:48:47 [TestNG-test-OrangeHRM Test 1-1] INFO  BaseClass - properties.config File Loaded successfully
2026-09-10 15:48:50 [TestNG-test-OrangeHRM Test 1-1] INFO  BaseClass - ChromeDriver Instance Initialized successfully
2026-09-10 15:49:31 [TestNG-test-OrangeHRM Test 1-1] INFO  BaseClass - WebDriver Initialized and Browser Opened and Maximized
2026-09-10 15:49:31 [TestNG-test-OrangeHRM Test 1-1] TRACE BaseClass - This is a trace message
2026-09-10 15:49:31 [TestNG-test-OrangeHRM Test 1-1] DEBUG BaseClass - This is a debug message
2026-09-10 15:49:31 [TestNG-test-OrangeHRM Test 1-1] WARN  BaseClass - This is an warning message
2026-09-10 15:49:31 [TestNG-test-OrangeHRM Test 1-1] INFO  ActionDriver - WebDriver instance is created for : ActionDriver
2026-09-10 15:49:31 [TestNG-test-OrangeHRM Test 1-1] INFO  BaseClass - ActionDriver Initialize form Thread 24
2026-09-10 15:49:32 [TestNG-test-OrangeHRM Test 1-1] INFO  ActionDriver - Border applied on Element with name: username with color green
2026-09-10 15:49:32 [TestNG-test-OrangeHRM Test 1-1] INFO  ActionDriver - Value entered on Element with name: username is  Admin
2026-09-10 15:49:33 [TestNG-test-OrangeHRM Test 1-1] INFO  ActionDriver - Border applied on Element with name: password with color green
2026-09-10 15:49:33 [TestNG-test-OrangeHRM Test 1-1] INFO  ActionDriver - Value entered on Element with name: password is  admin123
2026-09-10 15:49:33 [TestNG-test-OrangeHRM Test 1-1] INFO  ActionDriver - Border applied on Element with text: Login with color green
2026-09-10 15:49:33 [TestNG-test-OrangeHRM Test 1-1] INFO  ActionDriver - Clicked on element  ---> : Element with text: Login
2026-09-10 15:49:37 [TestNG-test-OrangeHRM Test 1-1] INFO  ActionDriver - Element : Element with text: Admin is displayed
2026-09-10 15:49:37 [TestNG-test-OrangeHRM Test 1-1] INFO  ActionDriver - Border applied on Element with text: Admin with color green
2026-09-10 15:49:37 [TestNG-test-OrangeHRM Test 1-1] INFO  ActionDriver - Border applied on Element with text: Eliza Lazzeri with color green
2026-09-10 15:49:37 [TestNG-test-OrangeHRM Test 1-1] INFO  ActionDriver - Clicked on element  ---> : Element with text: Eliza Lazzeri
2026-09-10 15:49:38 [TestNG-test-OrangeHRM Test 1-1] INFO  ActionDriver - Border applied on Element with text: Logout with color green
2026-09-10 15:49:41 [TestNG-test-OrangeHRM Test 1-1] INFO  ActionDriver - Clicked on element  ---> : Element with text: Logout
2026-09-10 15:49:44 [TestNG-test-OrangeHRM Test 1-1] INFO  BaseClass - WebDriver instance is closed for :  DataLoginTest
2026-09-10 17:01:01 [TestNG-test-OrangeHRM Test 1-1] INFO  BaseClass - properties.config File Loaded successfully
2026-09-10 17:01:01 [TestNG-test-OrangeHRM Test 1-2] INFO  BaseClass - properties.config File Loaded successfully
2026-09-10 17:01:19 [TestNG-test-OrangeHRM Test 1-2] INFO  BaseClass - ChromeDriver Instance Initialized successfully
2026-09-10 17:01:19 [TestNG-test-OrangeHRM Test 1-1] INFO  BaseClass - ChromeDriver Instance Initialized successfully
2026-09-10 17:01:27 [TestNG-test-OrangeHRM Test 1-2] INFO  BaseClass - WebDriver Initialized and Browser Opened and Maximized
2026-09-10 17:01:27 [TestNG-test-OrangeHRM Test 1-2] TRACE BaseClass - This is a trace message
2026-09-10 17:01:27 [TestNG-test-OrangeHRM Test 1-2] DEBUG BaseClass - This is a debug message
2026-09-10 17:01:27 [TestNG-test-OrangeHRM Test 1-2] WARN  BaseClass - This is an warning message
2026-09-10 17:01:27 [TestNG-test-OrangeHRM Test 1-2] INFO  ActionDriver - WebDriver instance is created for : ActionDriver
2026-09-10 17:01:27 [TestNG-test-OrangeHRM Test 1-2] INFO  BaseClass - ActionDriver Initialize form Thread 26
2026-09-10 17:01:27 [TestNG-test-OrangeHRM Test 1-1] INFO  BaseClass - WebDriver Initialized and Browser Opened and Maximized
2026-09-10 17:01:27 [TestNG-test-OrangeHRM Test 1-1] TRACE BaseClass - This is a trace message
2026-09-10 17:01:27 [TestNG-test-OrangeHRM Test 1-1] DEBUG BaseClass - This is a debug message
2026-09-10 17:01:27 [TestNG-test-OrangeHRM Test 1-1] WARN  BaseClass - This is an warning message
2026-09-10 17:01:27 [TestNG-test-OrangeHRM Test 1-1] INFO  ActionDriver - WebDriver instance is created for : ActionDriver
2026-09-10 17:01:27 [TestNG-test-OrangeHRM Test 1-1] INFO  BaseClass - ActionDriver Initialize form Thread 25
2026-09-10 17:01:29 [TestNG-test-OrangeHRM Test 1-2] INFO  ActionDriver - Border applied on Element with name: username with color green
2026-09-10 17:01:29 [TestNG-test-OrangeHRM Test 1-1] INFO  ActionDriver - Border applied on Element with name: username with color green
2026-09-10 17:01:30 [TestNG-test-OrangeHRM Test 1-1] INFO  ActionDriver - Value entered on Element with name: username is  orangehrm_chaker
2026-09-10 17:01:30 [TestNG-test-OrangeHRM Test 1-2] INFO  ActionDriver - Value entered on Element with name: username is  orangehrm_chaker
2026-09-10 17:01:30 [TestNG-test-OrangeHRM Test 1-1] INFO  ActionDriver - Border applied on Element with name: password with color green
2026-09-10 17:01:30 [TestNG-test-OrangeHRM Test 1-2] INFO  ActionDriver - Border applied on Element with name: password with color green
2026-09-10 17:01:30 [TestNG-test-OrangeHRM Test 1-2] INFO  ActionDriver - Value entered on Element with name: password is  AdminOrangeHRM12@!
2026-09-10 17:01:30 [TestNG-test-OrangeHRM Test 1-1] INFO  ActionDriver - Value entered on Element with name: password is  AdminOrangeHRM12@!!
2026-09-10 17:01:31 [TestNG-test-OrangeHRM Test 1-2] INFO  ActionDriver - Border applied on Element with text: Login with color green
2026-09-10 17:01:31 [TestNG-test-OrangeHRM Test 1-1] INFO  ActionDriver - Border applied on Element with text: Login with color green
2026-09-10 17:01:34 [TestNG-test-OrangeHRM Test 1-1] INFO  ActionDriver - Clicked on element  ---> : Element with text: Login
2026-09-10 17:01:35 [TestNG-test-OrangeHRM Test 1-2] INFO  ActionDriver - Clicked on element  ---> : Element with text: Login
2026-09-10 17:01:36 [TestNG-test-OrangeHRM Test 1-1] INFO  ActionDriver - Actual Text : Invalid credentials match to | Expected Value: Invalid credentials
2026-09-10 17:01:36 [TestNG-test-OrangeHRM Test 1-1] INFO  ActionDriver - Border applied on Element with text: Invalid credentials with color green
2026-09-10 17:01:38 [TestNG-test-OrangeHRM Test 1-2] INFO  ActionDriver - Element : Unable to describe the element is displayed
2026-09-10 17:01:38 [TestNG-test-OrangeHRM Test 1-2] INFO  ActionDriver - Border applied on Unable to describe the element with color green
2026-09-10 17:01:38 [TestNG-test-OrangeHRM Test 1-1] INFO  BaseClass - WebDriver instance is closed for :  LoginTest
2026-09-10 17:01:38 [TestNG-test-OrangeHRM Test 1-1] INFO  BaseClass - properties.config File Loaded successfully
2026-09-10 17:01:42 [TestNG-test-OrangeHRM Test 1-1] INFO  BaseClass - ChromeDriver Instance Initialized successfully
2026-09-10 17:01:42 [TestNG-test-OrangeHRM Test 1-2] INFO  BaseClass - WebDriver instance is closed for :  HomeTest
2026-09-10 17:01:47 [TestNG-test-OrangeHRM Test 1-1] INFO  BaseClass - WebDriver Initialized and Browser Opened and Maximized
2026-09-10 17:01:47 [TestNG-test-OrangeHRM Test 1-1] TRACE BaseClass - This is a trace message
2026-09-10 17:01:47 [TestNG-test-OrangeHRM Test 1-1] DEBUG BaseClass - This is a debug message
2026-09-10 17:01:47 [TestNG-test-OrangeHRM Test 1-1] WARN  BaseClass - This is an warning message
2026-09-10 17:01:47 [TestNG-test-OrangeHRM Test 1-1] INFO  ActionDriver - WebDriver instance is created for : ActionDriver
2026-09-10 17:01:47 [TestNG-test-OrangeHRM Test 1-1] INFO  BaseClass - ActionDriver Initialize form Thread 25
2026-09-10 17:01:47 [TestNG-test-OrangeHRM Test 1-1] INFO  ActionDriver - Border applied on Element with name: username with color green
2026-09-10 17:01:47 [TestNG-test-OrangeHRM Test 1-1] INFO  ActionDriver - Value entered on Element with name: username is  orangehrm_chaker
2026-09-10 17:01:48 [TestNG-test-OrangeHRM Test 1-1] INFO  ActionDriver - Border applied on Element with name: password with color green
2026-09-10 17:01:48 [TestNG-test-OrangeHRM Test 1-1] INFO  ActionDriver - Value entered on Element with name: password is  AdminOrangeHRM12@!
2026-09-10 17:01:48 [TestNG-test-OrangeHRM Test 1-1] INFO  ActionDriver - Border applied on Element with text: Login with color green
2026-09-10 17:01:48 [TestNG-test-OrangeHRM Test 1-1] INFO  ActionDriver - Clicked on element  ---> : Element with text: Login
2026-09-10 17:01:52 [TestNG-test-OrangeHRM Test 1-1] INFO  ActionDriver - Element : Element with text: Admin is displayed
2026-09-10 17:01:52 [TestNG-test-OrangeHRM Test 1-1] INFO  ActionDriver - Border applied on Element with text: Admin with color green
2026-09-10 17:01:53 [TestNG-test-OrangeHRM Test 1-1] INFO  ActionDriver - Border applied on Element with text: Chaker Ben Said with color green
2026-09-10 17:01:53 [TestNG-test-OrangeHRM Test 1-1] INFO  ActionDriver - Clicked on element  ---> : Element with text: Chaker Ben Said
2026-09-10 17:01:54 [TestNG-test-OrangeHRM Test 1-1] INFO  ActionDriver - Border applied on Element with text: Logout with color green
2026-09-10 17:01:58 [TestNG-test-OrangeHRM Test 1-1] INFO  ActionDriver - Clicked on element  ---> : Element with text: Logout
2026-09-10 17:02:03 [TestNG-test-OrangeHRM Test 1-1] INFO  BaseClass - WebDriver instance is closed for :  LoginTest
2026-09-11 12:21:04 [TestNG-test-OrangeHRM Test 1-1] INFO  BaseClass - properties.config File Loaded successfully
2026-09-11 12:21:17 [TestNG-test-OrangeHRM Test 1-1] INFO  BaseClass - ChromeDriver Instance Initialized successfully
2026-09-11 12:21:21 [TestNG-test-OrangeHRM Test 1-1] INFO  BaseClass - WebDriver Initialized and Browser Opened and Maximized
2026-09-11 12:21:21 [TestNG-test-OrangeHRM Test 1-1] TRACE BaseClass - This is a trace message
2026-09-11 12:21:21 [TestNG-test-OrangeHRM Test 1-1] DEBUG BaseClass - This is a debug message
2026-09-11 12:21:21 [TestNG-test-OrangeHRM Test 1-1] WARN  BaseClass - This is an warning message
2026-09-11 12:21:21 [TestNG-test-OrangeHRM Test 1-1] INFO  ActionDriver - WebDriver instance is created for : ActionDriver
2026-09-11 12:21:21 [TestNG-test-OrangeHRM Test 1-1] INFO  BaseClass - ActionDriver Initialize form Thread 23
2026-09-11 12:21:21 [TestNG-test-OrangeHRM Test 1-1] INFO  ActionDriver - Border applied on Element with name: username with color green
2026-09-11 12:21:21 [TestNG-test-OrangeHRM Test 1-1] INFO  ActionDriver - Value entered on Element with name: username is  orangehrm_chaker
2026-09-11 12:21:21 [TestNG-test-OrangeHRM Test 1-1] INFO  ActionDriver - Border applied on Element with name: password with color green
2026-09-11 12:21:21 [TestNG-test-OrangeHRM Test 1-1] INFO  ActionDriver - Value entered on Element with name: password is  AdminOrangeHRM12@!
2026-09-11 12:21:22 [TestNG-test-OrangeHRM Test 1-1] INFO  ActionDriver - Border applied on Element with text: Login with color green
2026-09-11 12:21:24 [TestNG-test-OrangeHRM Test 1-1] INFO  ActionDriver - Clicked on element  ---> : Element with text: Login
2026-09-11 12:21:26 [TestNG-test-OrangeHRM Test 1-1] INFO  ActionDriver - Border applied on Element with text: PIM with color green
2026-09-11 12:21:30 [TestNG-test-OrangeHRM Test 1-1] INFO  ActionDriver - Clicked on element  ---> : Element with text: PIM
2026-09-11 12:21:30 [TestNG-test-OrangeHRM Test 1-1] INFO  ActionDriver - Border applied on Element with placeholder: Type for hints... with color green
2026-09-11 12:21:31 [TestNG-test-OrangeHRM Test 1-1] INFO  ActionDriver - Value entered on Element with placeholder: Type for hints... is  alice
2026-09-11 12:23:02 [TestNG-test-OrangeHRM Test 1-1] INFO  ActionDriver - Border applied on Element with text: Alice Marie with color green
2026-09-11 12:23:03 [TestNG-test-OrangeHRM Test 1-1] INFO  ActionDriver - ERROR: Actual Text : Alice Marie does not match | Expected Value: null null
2026-09-11 12:23:04 [TestNG-test-OrangeHRM Test 1-1] INFO  ActionDriver - Border applied on Element with text: Alice Marie with color red
2026-09-11 12:23:05 [TestNG-test-OrangeHRM Test 1-1] INFO  BaseClass - WebDriver instance is closed for :  DBVerificationTest
2026-09-11 12:24:13 [TestNG-test-OrangeHRM Test 1-1] INFO  BaseClass - properties.config File Loaded successfully
2026-09-11 12:24:16 [TestNG-test-OrangeHRM Test 1-1] INFO  BaseClass - ChromeDriver Instance Initialized successfully
2026-09-11 12:24:20 [TestNG-test-OrangeHRM Test 1-1] INFO  BaseClass - WebDriver Initialized and Browser Opened and Maximized
2026-09-11 12:24:20 [TestNG-test-OrangeHRM Test 1-1] TRACE BaseClass - This is a trace message
2026-09-11 12:24:20 [TestNG-test-OrangeHRM Test 1-1] DEBUG BaseClass - This is a debug message
2026-09-11 12:24:20 [TestNG-test-OrangeHRM Test 1-1] WARN  BaseClass - This is an warning message
2026-09-11 12:24:20 [TestNG-test-OrangeHRM Test 1-1] INFO  ActionDriver - WebDriver instance is created for : ActionDriver
2026-09-11 12:24:20 [TestNG-test-OrangeHRM Test 1-1] INFO  BaseClass - ActionDriver Initialize form Thread 22
2026-09-11 12:24:21 [TestNG-test-OrangeHRM Test 1-1] INFO  ActionDriver - Border applied on Element with name: username with color green
2026-09-11 12:24:22 [TestNG-test-OrangeHRM Test 1-1] INFO  ActionDriver - Value entered on Element with name: username is  orangehrm_chaker
2026-09-11 12:24:22 [TestNG-test-OrangeHRM Test 1-1] INFO  ActionDriver - Border applied on Element with name: password with color green
2026-09-11 12:24:22 [TestNG-test-OrangeHRM Test 1-1] INFO  ActionDriver - Value entered on Element with name: password is  AdminOrangeHRM12@!
2026-09-11 12:24:22 [TestNG-test-OrangeHRM Test 1-1] INFO  ActionDriver - Border applied on Element with text: Login with color green
2026-09-11 12:24:24 [TestNG-test-OrangeHRM Test 1-1] INFO  ActionDriver - Clicked on element  ---> : Element with text: Login
2026-09-11 12:24:25 [TestNG-test-OrangeHRM Test 1-1] INFO  ActionDriver - Border applied on Element with text: PIM with color green
2026-09-11 12:24:28 [TestNG-test-OrangeHRM Test 1-1] INFO  ActionDriver - Clicked on element  ---> : Element with text: PIM
2026-09-11 12:24:29 [TestNG-test-OrangeHRM Test 1-1] INFO  ActionDriver - Border applied on Element with placeholder: Type for hints... with color green
2026-09-11 12:24:29 [TestNG-test-OrangeHRM Test 1-1] INFO  ActionDriver - Value entered on Element with placeholder: Type for hints... is  alice
2026-09-11 12:24:29 [TestNG-test-OrangeHRM Test 1-1] INFO  ActionDriver - Border applied on Element with placeholder: Type for hints... with color green
2026-09-11 12:24:29 [TestNG-test-OrangeHRM Test 1-1] INFO  ActionDriver - Value entered on Element with placeholder: Type for hints... is  
2026-09-11 12:26:00 [TestNG-test-OrangeHRM Test 1-1] INFO  ActionDriver - Border applied on Element with text: Alice Marie with color green
2026-09-11 12:26:02 [TestNG-test-OrangeHRM Test 1-1] INFO  ActionDriver - ERROR: Actual Text : Alice Marie does not match | Expected Value: null null
2026-09-11 12:26:02 [TestNG-test-OrangeHRM Test 1-1] INFO  ActionDriver - Border applied on Element with text: Alice Marie with color red
2026-09-11 12:26:03 [TestNG-test-OrangeHRM Test 1-1] INFO  BaseClass - WebDriver instance is closed for :  DBVerificationTest
2026-09-11 12:26:32 [TestNG-test-OrangeHRM Test 1-1] INFO  BaseClass - properties.config File Loaded successfully
2026-09-11 12:26:37 [TestNG-test-OrangeHRM Test 1-1] INFO  BaseClass - ChromeDriver Instance Initialized successfully
2026-09-11 12:26:41 [TestNG-test-OrangeHRM Test 1-1] INFO  BaseClass - WebDriver Initialized and Browser Opened and Maximized
2026-09-11 12:26:41 [TestNG-test-OrangeHRM Test 1-1] TRACE BaseClass - This is a trace message
2026-09-11 12:26:41 [TestNG-test-OrangeHRM Test 1-1] DEBUG BaseClass - This is a debug message
2026-09-11 12:26:41 [TestNG-test-OrangeHRM Test 1-1] WARN  BaseClass - This is an warning message
2026-09-11 12:26:41 [TestNG-test-OrangeHRM Test 1-1] INFO  ActionDriver - WebDriver instance is created for : ActionDriver
2026-09-11 12:26:41 [TestNG-test-OrangeHRM Test 1-1] INFO  BaseClass - ActionDriver Initialize form Thread 23
2026-09-11 12:26:44 [TestNG-test-OrangeHRM Test 1-1] INFO  ActionDriver - Border applied on Element with name: username with color green
2026-09-11 12:26:44 [TestNG-test-OrangeHRM Test 1-1] INFO  ActionDriver - Value entered on Element with name: username is  orangehrm_chaker
2026-09-11 12:26:44 [TestNG-test-OrangeHRM Test 1-1] INFO  ActionDriver - Border applied on Element with name: password with color green
2026-09-11 12:26:45 [TestNG-test-OrangeHRM Test 1-1] INFO  ActionDriver - Value entered on Element with name: password is  AdminOrangeHRM12@!
2026-09-11 12:26:45 [TestNG-test-OrangeHRM Test 1-1] INFO  ActionDriver - Border applied on Element with text: Login with color green
2026-09-11 12:26:49 [TestNG-test-OrangeHRM Test 1-1] INFO  ActionDriver - Clicked on element  ---> : Element with text: Login
2026-09-11 12:26:50 [TestNG-test-OrangeHRM Test 1-1] INFO  ActionDriver - Border applied on Element with text: PIM with color green
2026-09-11 12:26:55 [TestNG-test-OrangeHRM Test 1-1] INFO  ActionDriver - Clicked on element  ---> : Element with text: PIM
2026-09-11 12:26:55 [TestNG-test-OrangeHRM Test 1-1] INFO  ActionDriver - Border applied on Element with placeholder: Type for hints... with color green
2026-09-11 12:26:55 [TestNG-test-OrangeHRM Test 1-1] INFO  ActionDriver - Value entered on Element with placeholder: Type for hints... is  alice
2026-09-11 12:26:56 [TestNG-test-OrangeHRM Test 1-1] INFO  ActionDriver - Border applied on Element with text: Search with color green
2026-09-11 12:26:56 [TestNG-test-OrangeHRM Test 1-1] INFO  ActionDriver - Clicked on element  ---> : Element with text: Search
2026-09-11 12:26:56 [TestNG-test-OrangeHRM Test 1-1] INFO  ActionDriver - Border applied on Element with text: Alice Marie with color green
2026-09-11 12:26:57 [TestNG-test-OrangeHRM Test 1-1] INFO  ActionDriver - ERROR: Actual Text : Alice Marie does not match | Expected Value: null null
2026-09-11 12:26:58 [TestNG-test-OrangeHRM Test 1-1] INFO  ActionDriver - Border applied on Element with text: Alice Marie with color red
2026-09-11 12:26:58 [TestNG-test-OrangeHRM Test 1-1] INFO  BaseClass - WebDriver instance is closed for :  DBVerificationTest
2026-09-11 12:28:32 [TestNG-test-OrangeHRM Test 1-1] INFO  BaseClass - properties.config File Loaded successfully
2026-09-11 12:28:39 [TestNG-test-OrangeHRM Test 1-1] INFO  BaseClass - ChromeDriver Instance Initialized successfully
2026-09-11 12:28:43 [TestNG-test-OrangeHRM Test 1-1] INFO  BaseClass - WebDriver Initialized and Browser Opened and Maximized
2026-09-11 12:28:43 [TestNG-test-OrangeHRM Test 1-1] TRACE BaseClass - This is a trace message
2026-09-11 12:28:43 [TestNG-test-OrangeHRM Test 1-1] DEBUG BaseClass - This is a debug message
2026-09-11 12:28:43 [TestNG-test-OrangeHRM Test 1-1] WARN  BaseClass - This is an warning message
2026-09-11 12:28:43 [TestNG-test-OrangeHRM Test 1-1] INFO  ActionDriver - WebDriver instance is created for : ActionDriver
2026-09-11 12:28:43 [TestNG-test-OrangeHRM Test 1-1] INFO  BaseClass - ActionDriver Initialize form Thread 23
2026-09-11 12:28:43 [TestNG-test-OrangeHRM Test 1-1] INFO  ActionDriver - Border applied on Element with name: username with color green
2026-09-11 12:28:44 [TestNG-test-OrangeHRM Test 1-1] INFO  ActionDriver - Value entered on Element with name: username is  orangehrm_chaker
2026-09-11 12:28:44 [TestNG-test-OrangeHRM Test 1-1] INFO  ActionDriver - Border applied on Element with name: password with color green
2026-09-11 12:28:44 [TestNG-test-OrangeHRM Test 1-1] INFO  ActionDriver - Value entered on Element with name: password is  AdminOrangeHRM12@!
2026-09-11 12:28:44 [TestNG-test-OrangeHRM Test 1-1] INFO  ActionDriver - Border applied on Element with text: Login with color green
2026-09-11 12:28:44 [TestNG-test-OrangeHRM Test 1-1] INFO  ActionDriver - Clicked on element  ---> : Element with text: Login
2026-09-11 12:28:46 [TestNG-test-OrangeHRM Test 1-1] INFO  ActionDriver - Border applied on Element with text: PIM with color green
2026-09-11 12:28:49 [TestNG-test-OrangeHRM Test 1-1] INFO  ActionDriver - Clicked on element  ---> : Element with text: PIM
2026-09-11 12:28:49 [TestNG-test-OrangeHRM Test 1-1] INFO  ActionDriver - Border applied on Element with placeholder: Type for hints... with color green
2026-09-11 12:28:49 [TestNG-test-OrangeHRM Test 1-1] INFO  ActionDriver - Value entered on Element with placeholder: Type for hints... is  alice
2026-09-11 12:28:49 [TestNG-test-OrangeHRM Test 1-1] INFO  ActionDriver - Border applied on Element with text: Search with color green
2026-09-11 12:28:50 [TestNG-test-OrangeHRM Test 1-1] INFO  ActionDriver - Clicked on element  ---> : Element with text: Search
2026-09-11 12:28:50 [TestNG-test-OrangeHRM Test 1-1] INFO  ActionDriver - Border applied on Element with text: Alice Marie with color green
2026-09-11 12:28:51 [TestNG-test-OrangeHRM Test 1-1] INFO  ActionDriver - ERROR: Actual Text : Alice Marie does not match | Expected Value: null null
2026-09-11 12:28:51 [TestNG-test-OrangeHRM Test 1-1] INFO  ActionDriver - Border applied on Element with text: Alice Marie with color red
2026-09-11 12:28:52 [TestNG-test-OrangeHRM Test 1-1] INFO  BaseClass - WebDriver instance is closed for :  DBVerificationTest
2026-09-11 12:30:51 [TestNG-test-OrangeHRM Test 1-1] INFO  BaseClass - properties.config File Loaded successfully
2026-09-11 12:30:57 [TestNG-test-OrangeHRM Test 1-1] INFO  BaseClass - ChromeDriver Instance Initialized successfully
2026-09-11 12:31:02 [TestNG-test-OrangeHRM Test 1-1] INFO  BaseClass - WebDriver Initialized and Browser Opened and Maximized
2026-09-11 12:31:02 [TestNG-test-OrangeHRM Test 1-1] TRACE BaseClass - This is a trace message
2026-09-11 12:31:02 [TestNG-test-OrangeHRM Test 1-1] DEBUG BaseClass - This is a debug message
2026-09-11 12:31:02 [TestNG-test-OrangeHRM Test 1-1] WARN  BaseClass - This is an warning message
2026-09-11 12:31:02 [TestNG-test-OrangeHRM Test 1-1] INFO  ActionDriver - WebDriver instance is created for : ActionDriver
2026-09-11 12:31:02 [TestNG-test-OrangeHRM Test 1-1] INFO  BaseClass - ActionDriver Initialize form Thread 22
2026-09-11 12:31:02 [TestNG-test-OrangeHRM Test 1-1] INFO  ActionDriver - Border applied on Element with name: username with color green
2026-09-11 12:31:02 [TestNG-test-OrangeHRM Test 1-1] INFO  ActionDriver - Value entered on Element with name: username is  orangehrm_chaker
2026-09-11 12:31:02 [TestNG-test-OrangeHRM Test 1-1] INFO  ActionDriver - Border applied on Element with name: password with color green
2026-09-11 12:31:02 [TestNG-test-OrangeHRM Test 1-1] INFO  ActionDriver - Value entered on Element with name: password is  AdminOrangeHRM12@!
2026-09-11 12:31:03 [TestNG-test-OrangeHRM Test 1-1] INFO  ActionDriver - Border applied on Element with text: Login with color green
2026-09-11 12:31:03 [TestNG-test-OrangeHRM Test 1-1] INFO  ActionDriver - Clicked on element  ---> : Element with text: Login
2026-09-11 12:31:05 [TestNG-test-OrangeHRM Test 1-1] INFO  ActionDriver - Border applied on Element with text: PIM with color green
2026-09-11 12:31:07 [TestNG-test-OrangeHRM Test 1-1] INFO  ActionDriver - Clicked on element  ---> : Element with text: PIM
2026-09-11 12:31:08 [TestNG-test-OrangeHRM Test 1-1] INFO  ActionDriver - Border applied on Element with placeholder: Type for hints... with color green
2026-09-11 12:31:08 [TestNG-test-OrangeHRM Test 1-1] INFO  ActionDriver - Value entered on Element with placeholder: Type for hints... is  alice
2026-09-11 12:31:08 [TestNG-test-OrangeHRM Test 1-1] INFO  ActionDriver - Border applied on Element with text: Search with color green
2026-09-11 12:31:08 [TestNG-test-OrangeHRM Test 1-1] INFO  ActionDriver - Clicked on element  ---> : Element with text: Search
2026-09-11 12:31:09 [TestNG-test-OrangeHRM Test 1-1] INFO  ActionDriver - Border applied on Element with text: Alice Marie with color green
2026-09-11 12:31:10 [TestNG-test-OrangeHRM Test 1-1] INFO  ActionDriver - ERROR: Actual Text : Alice Marie does not match | Expected Value: null null
2026-09-11 12:31:10 [TestNG-test-OrangeHRM Test 1-1] INFO  ActionDriver - Border applied on Element with text: Alice Marie with color red
2026-09-11 12:31:11 [TestNG-test-OrangeHRM Test 1-1] INFO  BaseClass - WebDriver instance is closed for :  DBVerificationTest
2026-09-11 12:32:29 [TestNG-test-OrangeHRM Test 1-1] INFO  BaseClass - properties.config File Loaded successfully
2026-09-11 12:32:33 [TestNG-test-OrangeHRM Test 1-1] INFO  BaseClass - ChromeDriver Instance Initialized successfully
2026-09-11 12:32:37 [TestNG-test-OrangeHRM Test 1-1] INFO  BaseClass - WebDriver Initialized and Browser Opened and Maximized
2026-09-11 12:32:37 [TestNG-test-OrangeHRM Test 1-1] TRACE BaseClass - This is a trace message
2026-09-11 12:32:37 [TestNG-test-OrangeHRM Test 1-1] DEBUG BaseClass - This is a debug message
2026-09-11 12:32:37 [TestNG-test-OrangeHRM Test 1-1] WARN  BaseClass - This is an warning message
2026-09-11 12:32:37 [TestNG-test-OrangeHRM Test 1-1] INFO  ActionDriver - WebDriver instance is created for : ActionDriver
2026-09-11 12:32:37 [TestNG-test-OrangeHRM Test 1-1] INFO  BaseClass - ActionDriver Initialize form Thread 22
2026-09-11 12:32:38 [TestNG-test-OrangeHRM Test 1-1] INFO  ActionDriver - Border applied on Element with name: username with color green
2026-09-11 12:32:38 [TestNG-test-OrangeHRM Test 1-1] INFO  ActionDriver - Value entered on Element with name: username is  orangehrm_chaker
2026-09-11 12:32:38 [TestNG-test-OrangeHRM Test 1-1] INFO  ActionDriver - Border applied on Element with name: password with color green
2026-09-11 12:32:38 [TestNG-test-OrangeHRM Test 1-1] INFO  ActionDriver - Value entered on Element with name: password is  AdminOrangeHRM12@!
2026-09-11 12:32:38 [TestNG-test-OrangeHRM Test 1-1] INFO  ActionDriver - Border applied on Element with text: Login with color green
2026-09-11 12:32:39 [TestNG-test-OrangeHRM Test 1-1] INFO  ActionDriver - Clicked on element  ---> : Element with text: Login
2026-09-11 12:32:40 [TestNG-test-OrangeHRM Test 1-1] INFO  ActionDriver - Border applied on Element with text: PIM with color green
2026-09-11 12:32:42 [TestNG-test-OrangeHRM Test 1-1] INFO  ActionDriver - Clicked on element  ---> : Element with text: PIM
2026-09-11 12:32:43 [TestNG-test-OrangeHRM Test 1-1] INFO  ActionDriver - Border applied on Element with placeholder: Type for hints... with color green
2026-09-11 12:32:43 [TestNG-test-OrangeHRM Test 1-1] INFO  ActionDriver - Value entered on Element with placeholder: Type for hints... is  alice
2026-09-11 12:32:43 [TestNG-test-OrangeHRM Test 1-1] INFO  ActionDriver - Border applied on Element with text: Search with color green
2026-09-11 12:32:43 [TestNG-test-OrangeHRM Test 1-1] INFO  ActionDriver - Clicked on element  ---> : Element with text: Search
2026-09-11 12:32:43 [TestNG-test-OrangeHRM Test 1-1] INFO  ActionDriver - Border applied on Element with text: Alice Marie with color green
2026-09-11 12:32:44 [TestNG-test-OrangeHRM Test 1-1] INFO  ActionDriver - Actual Text : Alice Marie match to | Expected Value: Alice Marie
2026-09-11 12:32:45 [TestNG-test-OrangeHRM Test 1-1] INFO  ActionDriver - Border applied on Element with text: Alice Marie with color green
2026-09-11 12:32:45 [TestNG-test-OrangeHRM Test 1-1] INFO  ActionDriver - Actual Text : Dubois match to | Expected Value: Dubois
2026-09-11 12:32:45 [TestNG-test-OrangeHRM Test 1-1] INFO  ActionDriver - Border applied on Element with text: Dubois with color green
2026-09-11 12:32:45 [TestNG-test-OrangeHRM Test 1-1] INFO  BaseClass - WebDriver instance is closed for :  DBVerificationTest
2026-09-11 12:48:48 [TestNG-test-OrangeHRM Test 1-1] INFO  BaseClass - properties.config File Loaded successfully
2026-09-11 12:48:52 [TestNG-test-OrangeHRM Test 1-1] INFO  BaseClass - ChromeDriver Instance Initialized successfully
2026-09-11 12:48:56 [TestNG-test-OrangeHRM Test 1-1] INFO  BaseClass - WebDriver Initialized and Browser Opened and Maximized
2026-09-11 12:48:56 [TestNG-test-OrangeHRM Test 1-1] TRACE BaseClass - This is a trace message
2026-09-11 12:48:56 [TestNG-test-OrangeHRM Test 1-1] DEBUG BaseClass - This is a debug message
2026-09-11 12:48:56 [TestNG-test-OrangeHRM Test 1-1] WARN  BaseClass - This is an warning message
2026-09-11 12:48:57 [TestNG-test-OrangeHRM Test 1-1] INFO  ActionDriver - WebDriver instance is created for : ActionDriver
2026-09-11 12:48:57 [TestNG-test-OrangeHRM Test 1-1] INFO  BaseClass - ActionDriver Initialize form Thread 23
2026-09-11 12:48:58 [TestNG-test-OrangeHRM Test 1-1] INFO  ActionDriver - Border applied on Element with name: username with color green
2026-09-11 12:48:58 [TestNG-test-OrangeHRM Test 1-1] INFO  ActionDriver - Value entered on Element with name: username is  orangehrm_chaker
2026-09-11 12:48:59 [TestNG-test-OrangeHRM Test 1-1] INFO  ActionDriver - Border applied on Element with name: password with color green
2026-09-11 12:48:59 [TestNG-test-OrangeHRM Test 1-1] INFO  ActionDriver - Value entered on Element with name: password is  AdminOrangeHRM12@!
2026-09-11 12:48:59 [TestNG-test-OrangeHRM Test 1-1] INFO  ActionDriver - Border applied on Element with text: Login with color green
2026-09-11 12:49:05 [TestNG-test-OrangeHRM Test 1-1] INFO  ActionDriver - Clicked on element  ---> : Element with text: Login
2026-09-11 12:49:06 [TestNG-test-OrangeHRM Test 1-1] INFO  ActionDriver - Border applied on Element with text: PIM with color green
2026-09-11 12:49:13 [TestNG-test-OrangeHRM Test 1-1] INFO  ActionDriver - Clicked on element  ---> : Element with text: PIM
2026-09-11 12:49:14 [TestNG-test-OrangeHRM Test 1-1] INFO  ActionDriver - Border applied on Element with placeholder: Type for hints... with color green
2026-09-11 12:49:14 [TestNG-test-OrangeHRM Test 1-1] INFO  ActionDriver - Value entered on Element with placeholder: Type for hints... is  alice
2026-09-11 12:49:14 [TestNG-test-OrangeHRM Test 1-1] INFO  ActionDriver - Border applied on Element with text: Search with color green
2026-09-11 12:49:14 [TestNG-test-OrangeHRM Test 1-1] INFO  ActionDriver - Clicked on element  ---> : Element with text: Search
2026-09-11 12:49:14 [TestNG-test-OrangeHRM Test 1-1] INFO  ActionDriver - Border applied on Element with text: Alice Marie with color green
2026-09-11 12:49:15 [TestNG-test-OrangeHRM Test 1-1] INFO  ActionDriver - Actual Text : Alice Marie match to | Expected Value: Alice Marie
2026-09-11 12:49:15 [TestNG-test-OrangeHRM Test 1-1] INFO  ActionDriver - Border applied on Element with text: Alice Marie with color green
2026-09-11 12:49:15 [TestNG-test-OrangeHRM Test 1-1] INFO  ActionDriver - Actual Text : Dubois match to | Expected Value: Dubois
2026-09-11 12:49:16 [TestNG-test-OrangeHRM Test 1-1] INFO  ActionDriver - Border applied on Element with text: Dubois with color green
2026-09-11 12:49:16 [TestNG-test-OrangeHRM Test 1-1] INFO  BaseClass - WebDriver instance is closed for :  DBVerificationTest
2026-09-11 13:03:27 [TestNG-test-OrangeHRM Test 1-1] INFO  BaseClass - properties.config File Loaded successfully
2026-09-11 13:03:31 [TestNG-test-OrangeHRM Test 1-1] INFO  BaseClass - ChromeDriver Instance Initialized successfully
2026-09-11 13:03:35 [TestNG-test-OrangeHRM Test 1-1] INFO  BaseClass - WebDriver Initialized and Browser Opened and Maximized
2026-09-11 13:03:35 [TestNG-test-OrangeHRM Test 1-1] TRACE BaseClass - This is a trace message
2026-09-11 13:03:35 [TestNG-test-OrangeHRM Test 1-1] DEBUG BaseClass - This is a debug message
2026-09-11 13:03:35 [TestNG-test-OrangeHRM Test 1-1] WARN  BaseClass - This is an warning message
2026-09-11 13:03:35 [TestNG-test-OrangeHRM Test 1-1] INFO  ActionDriver - WebDriver instance is created for : ActionDriver
2026-09-11 13:03:35 [TestNG-test-OrangeHRM Test 1-1] INFO  BaseClass - ActionDriver Initialize form Thread 23
2026-09-11 13:03:36 [TestNG-test-OrangeHRM Test 1-1] INFO  ActionDriver - Border applied on Element with name: username with color green
2026-09-11 13:03:36 [TestNG-test-OrangeHRM Test 1-1] INFO  ActionDriver - Value entered on Element with name: username is  orangehrm_chaker
2026-09-11 13:03:36 [TestNG-test-OrangeHRM Test 1-1] INFO  ActionDriver - Border applied on Element with name: password with color green
2026-09-11 13:03:36 [TestNG-test-OrangeHRM Test 1-1] INFO  ActionDriver - Value entered on Element with name: password is  AdminOrangeHRM12@!
2026-09-11 13:03:36 [TestNG-test-OrangeHRM Test 1-1] INFO  ActionDriver - Border applied on Element with text: Login with color green
2026-09-11 13:03:38 [TestNG-test-OrangeHRM Test 1-1] INFO  ActionDriver - Clicked on element  ---> : Element with text: Login
2026-09-11 13:03:39 [TestNG-test-OrangeHRM Test 1-1] INFO  ActionDriver - Border applied on Element with text: PIM with color green
2026-09-11 13:03:42 [TestNG-test-OrangeHRM Test 1-1] INFO  ActionDriver - Clicked on element  ---> : Element with text: PIM
2026-09-11 13:03:43 [TestNG-test-OrangeHRM Test 1-1] INFO  ActionDriver - Border applied on Element with placeholder: Type for hints... with color green
2026-09-11 13:03:43 [TestNG-test-OrangeHRM Test 1-1] INFO  ActionDriver - Value entered on Element with placeholder: Type for hints... is  alice
2026-09-11 13:03:44 [TestNG-test-OrangeHRM Test 1-1] INFO  ActionDriver - Border applied on Element with text: Search with color green
2026-09-11 13:03:44 [TestNG-test-OrangeHRM Test 1-1] INFO  ActionDriver - Clicked on element  ---> : Element with text: Search
2026-09-11 13:03:44 [TestNG-test-OrangeHRM Test 1-1] INFO  ActionDriver - Border applied on Element with text: Alice Marie with color green
2026-09-11 13:03:46 [TestNG-test-OrangeHRM Test 1-1] INFO  ActionDriver - ERROR: Actual Text : Alice Marie does not match | Expected Value: AlicetestMarie
2026-09-11 13:03:47 [TestNG-test-OrangeHRM Test 1-1] INFO  ActionDriver - Border applied on Element with text: Alice Marie with color red
2026-09-11 13:03:49 [TestNG-test-OrangeHRM Test 1-1] INFO  BaseClass - WebDriver instance is closed for :  DBVerificationTest
2026-09-11 13:20:18 [main] INFO  BaseClass - properties.config File Loaded successfully
2026-09-11 13:20:22 [main] INFO  BaseClass - ChromeDriver Instance Initialized successfully
2026-09-11 13:20:27 [main] INFO  BaseClass - WebDriver Initialized and Browser Opened and Maximized
2026-09-11 13:20:27 [main] TRACE BaseClass - This is a trace message
2026-09-11 13:20:27 [main] DEBUG BaseClass - This is a debug message
2026-09-11 13:20:27 [main] WARN  BaseClass - This is an warning message
2026-09-11 13:20:27 [main] INFO  ActionDriver - WebDriver instance is created for : ActionDriver
2026-09-11 13:20:27 [main] INFO  BaseClass - ActionDriver Initialize form Thread 1
2026-09-11 13:20:27 [main] INFO  BaseClass - WebDriver instance is closed for :  DBVerificationTest
2026-09-11 13:21:21 [TestNG-test-OrangeHRM Test 1-1] INFO  BaseClass - properties.config File Loaded successfully
2026-09-11 13:21:31 [TestNG-test-OrangeHRM Test 1-1] INFO  BaseClass - ChromeDriver Instance Initialized successfully
2026-09-11 13:21:35 [TestNG-test-OrangeHRM Test 1-1] INFO  BaseClass - WebDriver Initialized and Browser Opened and Maximized
2026-09-11 13:21:35 [TestNG-test-OrangeHRM Test 1-1] TRACE BaseClass - This is a trace message
2026-09-11 13:21:35 [TestNG-test-OrangeHRM Test 1-1] DEBUG BaseClass - This is a debug message
2026-09-11 13:21:35 [TestNG-test-OrangeHRM Test 1-1] WARN  BaseClass - This is an warning message
2026-09-11 13:21:35 [TestNG-test-OrangeHRM Test 1-1] INFO  ActionDriver - WebDriver instance is created for : ActionDriver
2026-09-11 13:21:35 [TestNG-test-OrangeHRM Test 1-1] INFO  BaseClass - ActionDriver Initialize form Thread 23
2026-09-11 13:21:36 [TestNG-test-OrangeHRM Test 1-1] INFO  ActionDriver - Border applied on Element with name: username with color green
2026-09-11 13:21:36 [TestNG-test-OrangeHRM Test 1-1] INFO  ActionDriver - Value entered on Element with name: username is  orangehrm_chaker
2026-09-11 13:21:36 [TestNG-test-OrangeHRM Test 1-1] INFO  ActionDriver - Border applied on Element with name: password with color green
2026-09-11 13:21:36 [TestNG-test-OrangeHRM Test 1-1] INFO  ActionDriver - Value entered on Element with name: password is  AdminOrangeHRM12@!
2026-09-11 13:21:37 [TestNG-test-OrangeHRM Test 1-1] INFO  ActionDriver - Border applied on Element with text: Login with color green
2026-09-11 13:21:39 [TestNG-test-OrangeHRM Test 1-1] INFO  ActionDriver - Clicked on element  ---> : Element with text: Login
2026-09-11 13:21:39 [TestNG-test-OrangeHRM Test 1-1] INFO  ActionDriver - Border applied on Element with text: PIM with color green
2026-09-11 13:21:43 [TestNG-test-OrangeHRM Test 1-1] INFO  ActionDriver - Clicked on element  ---> : Element with text: PIM
2026-09-11 13:21:43 [TestNG-test-OrangeHRM Test 1-1] INFO  ActionDriver - Border applied on Element with placeholder: Type for hints... with color green
2026-09-11 13:21:43 [TestNG-test-OrangeHRM Test 1-1] INFO  ActionDriver - Value entered on Element with placeholder: Type for hints... is  alice
2026-09-11 13:21:44 [TestNG-test-OrangeHRM Test 1-1] INFO  ActionDriver - Border applied on Element with text: Search with color green
2026-09-11 13:21:44 [TestNG-test-OrangeHRM Test 1-1] INFO  ActionDriver - Clicked on element  ---> : Element with text: Search
2026-09-11 13:21:44 [TestNG-test-OrangeHRM Test 1-1] INFO  ActionDriver - Border applied on Element with text: Alice Marie with color green
2026-09-11 13:21:44 [TestNG-test-OrangeHRM Test 1-1] INFO  DBConnection - Starting DB Connection ...
2026-09-11 13:21:45 [TestNG-test-OrangeHRM Test 1-1] INFO  DBConnection - DB Connection Successful ! 
2026-09-11 13:21:45 [TestNG-test-OrangeHRM Test 1-1] INFO  DBConnection - Executing query : SELECT emp_firstname, emp_middle_name, emp_lastname FROM hs_hr_employee WHERE employee_id = 3.0
2026-09-11 13:21:45 [TestNG-test-OrangeHRM Test 1-1] INFO  DBConnection - Query Executing Successfully !
2026-09-11 13:21:45 [TestNG-test-OrangeHRM Test 1-1] INFO  DBConnection - Employees Data Fetch : {firstName=Alice, lastName=Dubois, middleName=Marie}
2026-09-11 13:21:45 [TestNG-test-OrangeHRM Test 1-1] INFO  ActionDriver - ERROR: Actual Text : Alice Marie does not match | Expected Value: AlicetestMarie
2026-09-11 13:21:45 [TestNG-test-OrangeHRM Test 1-1] INFO  ActionDriver - Border applied on Element with text: Alice Marie with color red
2026-09-11 13:21:47 [TestNG-test-OrangeHRM Test 1-1] INFO  BaseClass - WebDriver instance is closed for :  DBVerificationTest
2026-09-11 13:24:12 [TestNG-test-OrangeHRM Test 1-1] INFO  BaseClass - properties.config File Loaded successfully
2026-09-11 13:24:16 [TestNG-test-OrangeHRM Test 1-1] INFO  BaseClass - ChromeDriver Instance Initialized successfully
2026-09-11 13:24:19 [TestNG-test-OrangeHRM Test 1-1] INFO  BaseClass - WebDriver Initialized and Browser Opened and Maximized
2026-09-11 13:24:19 [TestNG-test-OrangeHRM Test 1-1] TRACE BaseClass - This is a trace message
2026-09-11 13:24:19 [TestNG-test-OrangeHRM Test 1-1] DEBUG BaseClass - This is a debug message
2026-09-11 13:24:19 [TestNG-test-OrangeHRM Test 1-1] WARN  BaseClass - This is an warning message
2026-09-11 13:24:19 [TestNG-test-OrangeHRM Test 1-1] INFO  ActionDriver - WebDriver instance is created for : ActionDriver
2026-09-11 13:24:19 [TestNG-test-OrangeHRM Test 1-1] INFO  BaseClass - ActionDriver Initialize form Thread 23
2026-09-11 13:24:20 [TestNG-test-OrangeHRM Test 1-1] INFO  ActionDriver - Border applied on Element with name: username with color green
2026-09-11 13:24:20 [TestNG-test-OrangeHRM Test 1-1] INFO  ActionDriver - Value entered on Element with name: username is  orangehrm_chaker
2026-09-11 13:24:20 [TestNG-test-OrangeHRM Test 1-1] INFO  ActionDriver - Border applied on Element with name: password with color green
2026-09-11 13:24:20 [TestNG-test-OrangeHRM Test 1-1] INFO  ActionDriver - Value entered on Element with name: password is  AdminOrangeHRM12@!
2026-09-11 13:24:21 [TestNG-test-OrangeHRM Test 1-1] INFO  ActionDriver - Border applied on Element with text: Login with color green
2026-09-11 13:24:24 [TestNG-test-OrangeHRM Test 1-1] INFO  ActionDriver - Clicked on element  ---> : Element with text: Login
2026-09-11 13:24:24 [TestNG-test-OrangeHRM Test 1-1] INFO  ActionDriver - Border applied on Element with text: PIM with color green
2026-09-11 13:24:28 [TestNG-test-OrangeHRM Test 1-1] INFO  ActionDriver - Clicked on element  ---> : Element with text: PIM
2026-09-11 13:24:28 [TestNG-test-OrangeHRM Test 1-1] INFO  ActionDriver - Border applied on Element with placeholder: Type for hints... with color green
2026-09-11 13:24:28 [TestNG-test-OrangeHRM Test 1-1] INFO  ActionDriver - Value entered on Element with placeholder: Type for hints... is  alice
2026-09-11 13:24:28 [TestNG-test-OrangeHRM Test 1-1] INFO  ActionDriver - Border applied on Element with text: Search with color green
2026-09-11 13:24:29 [TestNG-test-OrangeHRM Test 1-1] INFO  ActionDriver - Clicked on element  ---> : Element with text: Search
2026-09-11 13:24:29 [TestNG-test-OrangeHRM Test 1-1] INFO  ActionDriver - Border applied on Element with text: Alice Marie with color green
2026-09-11 13:24:29 [TestNG-test-OrangeHRM Test 1-1] INFO  DBConnection - Starting DB Connection ...
2026-09-11 13:24:30 [TestNG-test-OrangeHRM Test 1-1] INFO  DBConnection - DB Connection Successful ! 
2026-09-11 13:24:30 [TestNG-test-OrangeHRM Test 1-1] INFO  DBConnection - Executing query : SELECT emp_firstname, emp_middle_name, emp_lastname FROM hs_hr_employee WHERE employee_id = 3.0
2026-09-11 13:24:30 [TestNG-test-OrangeHRM Test 1-1] INFO  DBConnection - Query Executing Successfully !
2026-09-11 13:24:30 [TestNG-test-OrangeHRM Test 1-1] INFO  DBConnection - Employees Data Fetch : {firstName=Alice, lastName=Dubois, middleName=Marie}
2026-09-11 13:24:30 [TestNG-test-OrangeHRM Test 1-1] INFO  ActionDriver - ERROR: Actual Text : Alice Marie does not match | Expected Value: AlicetestMarie
2026-09-11 13:24:30 [TestNG-test-OrangeHRM Test 1-1] INFO  ActionDriver - Border applied on Element with text: Alice Marie with color red
2026-09-11 13:24:30 [TestNG-test-OrangeHRM Test 1-1] INFO  ActionDriver - Actual Text : Dubois match to | Expected Value: Dubois
2026-09-11 13:24:31 [TestNG-test-OrangeHRM Test 1-1] INFO  ActionDriver - Border applied on Element with text: Dubois with color green
2026-09-11 13:24:31 [TestNG-test-OrangeHRM Test 1-1] INFO  BaseClass - WebDriver instance is closed for :  DBVerificationTest
2026-09-11 15:44:31 [TestNG-test-OrangeHRM Test 1-1] INFO  BaseClass - properties.config File Loaded successfully
2026-09-11 15:44:41 [TestNG-test-OrangeHRM Test 1-1] INFO  BaseClass - ChromeDriver Instance Initialized successfully
2026-09-11 15:45:23 [TestNG-test-OrangeHRM Test 1-1] INFO  BaseClass - properties.config File Loaded successfully
2026-09-11 15:45:28 [TestNG-test-OrangeHRM Test 1-1] INFO  BaseClass - ChromeDriver Instance Initialized successfully
2026-09-11 15:45:40 [TestNG-test-OrangeHRM Test 1-1] INFO  BaseClass - WebDriver Initialized and Browser Opened and Maximized
2026-09-11 15:45:40 [TestNG-test-OrangeHRM Test 1-1] TRACE BaseClass - This is a trace message
2026-09-11 15:45:40 [TestNG-test-OrangeHRM Test 1-1] DEBUG BaseClass - This is a debug message
2026-09-11 15:45:40 [TestNG-test-OrangeHRM Test 1-1] WARN  BaseClass - This is an warning message
2026-09-11 15:45:40 [TestNG-test-OrangeHRM Test 1-1] INFO  ActionDriver - WebDriver instance is created for : ActionDriver
2026-09-11 15:45:40 [TestNG-test-OrangeHRM Test 1-1] INFO  BaseClass - ActionDriver Initialize form Thread 37
2026-09-11 15:47:14 [TestNG-test-OrangeHRM Test 1-1] INFO  DBConnection - Starting DB Connection ...
2026-09-11 15:47:15 [TestNG-test-OrangeHRM Test 1-1] INFO  BaseClass - WebDriver instance is closed for :  DBVerificationTest
2026-09-11 15:53:44 [TestNG-test-OrangeHRM Test 1-1] INFO  BaseClass - properties.config File Loaded successfully
2026-09-11 15:53:50 [TestNG-test-OrangeHRM Test 1-1] INFO  BaseClass - ChromeDriver Instance Initialized successfully
2026-09-11 15:53:55 [TestNG-test-OrangeHRM Test 1-1] INFO  BaseClass - WebDriver Initialized and Browser Opened and Maximized
2026-09-11 15:53:55 [TestNG-test-OrangeHRM Test 1-1] TRACE BaseClass - This is a trace message
2026-09-11 15:53:55 [TestNG-test-OrangeHRM Test 1-1] DEBUG BaseClass - This is a debug message
2026-09-11 15:53:55 [TestNG-test-OrangeHRM Test 1-1] WARN  BaseClass - This is an warning message
2026-09-11 15:53:55 [TestNG-test-OrangeHRM Test 1-1] INFO  ActionDriver - WebDriver instance is created for : ActionDriver
2026-09-11 15:53:55 [TestNG-test-OrangeHRM Test 1-1] INFO  BaseClass - ActionDriver Initialize form Thread 37
2026-09-11 15:53:55 [TestNG-test-OrangeHRM Test 1-1] INFO  ActionDriver - Border applied on Element with name: username with color green
2026-09-11 15:53:55 [TestNG-test-OrangeHRM Test 1-1] INFO  ActionDriver - Value entered on Element with name: username is  orangehrm_chaker
2026-09-11 15:53:56 [TestNG-test-OrangeHRM Test 1-1] INFO  ActionDriver - Border applied on Element with name: password with color green
2026-09-11 15:53:56 [TestNG-test-OrangeHRM Test 1-1] INFO  ActionDriver - Value entered on Element with name: password is  AdminOrangeHRM12@!
2026-09-11 15:53:56 [TestNG-test-OrangeHRM Test 1-1] INFO  ActionDriver - Border applied on Element with text: Login with color green
2026-09-11 15:53:57 [TestNG-test-OrangeHRM Test 1-1] INFO  ActionDriver - Clicked on element  ---> : Element with text: Login
2026-09-11 15:53:58 [TestNG-test-OrangeHRM Test 1-1] INFO  ActionDriver - Border applied on Element with text: PIM with color green
2026-09-11 15:54:01 [TestNG-test-OrangeHRM Test 1-1] INFO  ActionDriver - Clicked on element  ---> : Element with text: PIM
2026-09-11 15:54:01 [TestNG-test-OrangeHRM Test 1-1] INFO  ActionDriver - Border applied on Element with placeholder: Type for hints... with color green
2026-09-11 15:54:01 [TestNG-test-OrangeHRM Test 1-1] INFO  ActionDriver - Value entered on Element with placeholder: Type for hints... is  alice
2026-09-11 15:54:01 [TestNG-test-OrangeHRM Test 1-1] INFO  ActionDriver - Border applied on Element with text: Search with color green
2026-09-11 15:54:01 [TestNG-test-OrangeHRM Test 1-1] INFO  ActionDriver - Clicked on element  ---> : Element with text: Search
2026-09-11 15:54:02 [TestNG-test-OrangeHRM Test 1-1] INFO  ActionDriver - Border applied on Element with text: Alice Marie with color green
2026-09-11 15:54:02 [TestNG-test-OrangeHRM Test 1-1] INFO  DBConnection - Starting DB Connection ...
2026-09-11 15:54:03 [TestNG-test-OrangeHRM Test 1-1] INFO  DBConnection - DB Connection Successful ! 
2026-09-11 15:54:03 [TestNG-test-OrangeHRM Test 1-1] INFO  DBConnection - Executing query : SELECT emp_firstname, emp_middle_name, emp_lastname FROM hs_hr_employee WHERE employee_id = 3.0
2026-09-11 15:54:03 [TestNG-test-OrangeHRM Test 1-1] INFO  DBConnection - Query Executing Successfully !
2026-09-11 15:54:03 [TestNG-test-OrangeHRM Test 1-1] INFO  DBConnection - Employees Data Fetch : {firstName=Alice, lastName=Dubois, middleName=Marie}
2026-09-11 15:54:03 [TestNG-test-OrangeHRM Test 1-1] INFO  ActionDriver - ERROR: Actual Text : Alice Marie does not match | Expected Value: AlicetestMarie
2026-09-11 15:54:03 [TestNG-test-OrangeHRM Test 1-1] INFO  ActionDriver - Border applied on Element with text: Alice Marie with color red
2026-09-11 15:54:03 [TestNG-test-OrangeHRM Test 1-1] INFO  ActionDriver - Actual Text : Dubois match to | Expected Value: Dubois
2026-09-11 15:54:04 [TestNG-test-OrangeHRM Test 1-1] INFO  ActionDriver - Border applied on Element with text: Dubois with color green
2026-09-11 15:54:04 [TestNG-test-OrangeHRM Test 1-1] INFO  BaseClass - WebDriver instance is closed for :  DBVerificationTest
2026-09-11 15:58:20 [TestNG-test-OrangeHRM Test 1-1] INFO  BaseClass - properties.config File Loaded successfully
2026-09-11 15:58:26 [TestNG-test-OrangeHRM Test 1-1] INFO  BaseClass - ChromeDriver Instance Initialized successfully
2026-09-11 15:58:30 [TestNG-test-OrangeHRM Test 1-1] INFO  BaseClass - WebDriver Initialized and Browser Opened and Maximized
2026-09-11 15:58:30 [TestNG-test-OrangeHRM Test 1-1] TRACE BaseClass - This is a trace message
2026-09-11 15:58:30 [TestNG-test-OrangeHRM Test 1-1] DEBUG BaseClass - This is a debug message
2026-09-11 15:58:30 [TestNG-test-OrangeHRM Test 1-1] WARN  BaseClass - This is an warning message
2026-09-11 15:58:30 [TestNG-test-OrangeHRM Test 1-1] INFO  ActionDriver - WebDriver instance is created for : ActionDriver
2026-09-11 15:58:30 [TestNG-test-OrangeHRM Test 1-1] INFO  BaseClass - ActionDriver Initialize form Thread 37
2026-09-11 15:58:30 [TestNG-test-OrangeHRM Test 1-1] INFO  ActionDriver - Border applied on Element with name: username with color green
2026-09-11 15:58:30 [TestNG-test-OrangeHRM Test 1-1] INFO  ActionDriver - Value entered on Element with name: username is  orangehrm_chaker
2026-09-11 15:58:30 [TestNG-test-OrangeHRM Test 1-1] INFO  ActionDriver - Border applied on Element with name: password with color green
2026-09-11 15:58:31 [TestNG-test-OrangeHRM Test 1-1] INFO  ActionDriver - Value entered on Element with name: password is  AdminOrangeHRM12@!
2026-09-11 15:58:31 [TestNG-test-OrangeHRM Test 1-1] INFO  ActionDriver - Border applied on Element with text: Login with color green
2026-09-11 15:58:32 [TestNG-test-OrangeHRM Test 1-1] INFO  ActionDriver - Clicked on element  ---> : Element with text: Login
2026-09-11 15:58:33 [TestNG-test-OrangeHRM Test 1-1] INFO  ActionDriver - Border applied on Element with text: PIM with color green
2026-09-11 15:58:36 [TestNG-test-OrangeHRM Test 1-1] INFO  ActionDriver - Clicked on element  ---> : Element with text: PIM
2026-09-11 15:58:36 [TestNG-test-OrangeHRM Test 1-1] INFO  ActionDriver - Border applied on Element with placeholder: Type for hints... with color green
2026-09-11 15:58:37 [TestNG-test-OrangeHRM Test 1-1] INFO  ActionDriver - Value entered on Element with placeholder: Type for hints... is  alice
2026-09-11 15:58:37 [TestNG-test-OrangeHRM Test 1-1] INFO  ActionDriver - Border applied on Element with text: Search with color green
2026-09-11 15:58:37 [TestNG-test-OrangeHRM Test 1-1] INFO  ActionDriver - Clicked on element  ---> : Element with text: Search
2026-09-11 15:58:37 [TestNG-test-OrangeHRM Test 1-1] INFO  ActionDriver - Border applied on Element with text: Alice Marie with color green
2026-09-11 15:58:37 [TestNG-test-OrangeHRM Test 1-1] INFO  DBConnection - Starting DB Connection ...
2026-09-11 15:58:38 [TestNG-test-OrangeHRM Test 1-1] INFO  DBConnection - DB Connection Successful ! 
2026-09-11 15:58:38 [TestNG-test-OrangeHRM Test 1-1] INFO  DBConnection - Executing query : SELECT emp_firstname, emp_middle_name, emp_lastname FROM hs_hr_employee WHERE employee_id = 3.0
2026-09-11 15:58:38 [TestNG-test-OrangeHRM Test 1-1] INFO  DBConnection - Query Executing Successfully !
2026-09-11 15:58:38 [TestNG-test-OrangeHRM Test 1-1] INFO  DBConnection - Employees Data Fetch : {firstName=Alice, lastName=Dubois, middleName=Marie}
2026-09-11 15:58:38 [TestNG-test-OrangeHRM Test 1-1] INFO  ActionDriver - Actual Text : Alice Marie match to | Expected Value: Alice Marie
2026-09-11 15:58:38 [TestNG-test-OrangeHRM Test 1-1] INFO  ActionDriver - Border applied on Element with text: Alice Marie with color green
2026-09-11 15:58:38 [TestNG-test-OrangeHRM Test 1-1] INFO  ActionDriver - Actual Text : Dubois match to | Expected Value: Dubois
2026-09-11 15:58:39 [TestNG-test-OrangeHRM Test 1-1] INFO  ActionDriver - Border applied on Element with text: Dubois with color green
2026-09-11 15:58:39 [TestNG-test-OrangeHRM Test 1-1] INFO  BaseClass - WebDriver instance is closed for :  DBVerificationTest
2026-09-11 17:35:40 [TestNG-test-OrangeHRM Test 1-1] INFO  BaseClass - properties.config File Loaded successfully
2026-09-11 17:35:54 [TestNG-test-OrangeHRM Test 1-1] INFO  BaseClass - ChromeDriver Instance Initialized successfully
2026-09-11 17:36:05 [TestNG-test-OrangeHRM Test 1-1] INFO  BaseClass - WebDriver Initialized and Browser Opened and Maximized
2026-09-11 17:36:05 [TestNG-test-OrangeHRM Test 1-1] TRACE BaseClass - This is a trace message
2026-09-11 17:36:05 [TestNG-test-OrangeHRM Test 1-1] DEBUG BaseClass - This is a debug message
2026-09-11 17:36:05 [TestNG-test-OrangeHRM Test 1-1] WARN  BaseClass - This is an warning message
2026-09-11 17:36:05 [TestNG-test-OrangeHRM Test 1-1] INFO  ActionDriver - WebDriver instance is created for : ActionDriver
2026-09-11 17:36:05 [TestNG-test-OrangeHRM Test 1-1] INFO  BaseClass - ActionDriver Initialize form Thread 37
2026-09-11 17:36:05 [TestNG-test-OrangeHRM Test 1-1] INFO  ActionDriver - WebDriver instance is created for : ActionDriver
2026-09-11 17:36:05 [TestNG-test-OrangeHRM Test 1-1] INFO  ActionDriver - Maximized a Browser !
2026-09-11 17:37:25 [TestNG-test-OrangeHRM Test 1-1] INFO  BaseClass - properties.config File Loaded successfully
2026-09-11 17:37:31 [TestNG-test-OrangeHRM Test 1-1] INFO  BaseClass - ChromeDriver Instance Initialized successfully
2026-09-11 17:37:36 [TestNG-test-OrangeHRM Test 1-1] INFO  BaseClass - WebDriver Initialized and Browser Opened and Maximized
2026-09-11 17:37:36 [TestNG-test-OrangeHRM Test 1-1] TRACE BaseClass - This is a trace message
2026-09-11 17:37:36 [TestNG-test-OrangeHRM Test 1-1] DEBUG BaseClass - This is a debug message
2026-09-11 17:37:36 [TestNG-test-OrangeHRM Test 1-1] WARN  BaseClass - This is an warning message
2026-09-11 17:37:36 [TestNG-test-OrangeHRM Test 1-1] INFO  ActionDriver - WebDriver instance is created for : ActionDriver
2026-09-11 17:37:36 [TestNG-test-OrangeHRM Test 1-1] INFO  BaseClass - ActionDriver Initialize form Thread 37
2026-09-11 17:37:36 [TestNG-test-OrangeHRM Test 1-1] INFO  ActionDriver - WebDriver instance is created for : ActionDriver
2026-09-11 17:37:37 [TestNG-test-OrangeHRM Test 1-1] INFO  ActionDriver - Maximized a Browser !
2026-09-11 17:37:37 [TestNG-test-OrangeHRM Test 1-1] INFO  ActionDriver - Border applied on Element with name: username with color green
2026-09-11 17:37:37 [TestNG-test-OrangeHRM Test 1-1] INFO  ActionDriver - Value entered on Element with name: username is  orangehrm_chaker
2026-09-11 17:37:37 [TestNG-test-OrangeHRM Test 1-1] INFO  ActionDriver - Border applied on Element with name: password with color green
2026-09-11 17:37:38 [TestNG-test-OrangeHRM Test 1-1] INFO  ActionDriver - Value entered on Element with name: password is  AdminOrangeHRM12@!
2026-09-11 17:37:38 [TestNG-test-OrangeHRM Test 1-1] INFO  ActionDriver - Border applied on Element with text: Login with color green
2026-09-11 17:37:40 [TestNG-test-OrangeHRM Test 1-1] INFO  ActionDriver - Clicked on element  ---> : Element with text: Login
2026-09-11 17:37:41 [TestNG-test-OrangeHRM Test 1-1] INFO  ActionDriver - Element : Unable to describe the element is displayed
2026-09-11 17:37:41 [TestNG-test-OrangeHRM Test 1-1] INFO  ActionDriver - Border applied on Unable to describe the element with color green
2026-09-11 17:37:42 [TestNG-test-OrangeHRM Test 1-1] INFO  BaseClass - WebDriver instance is closed for :  HomeTest
2026-09-11 17:38:47 [TestNG-test-OrangeHRM Test 1-2] INFO  BaseClass - properties.config File Loaded successfully
2026-09-11 17:38:49 [TestNG-test-OrangeHRM Test 1-1] INFO  BaseClass - properties.config File Loaded successfully
2026-09-11 17:38:56 [TestNG-test-OrangeHRM Test 1-1] INFO  BaseClass - ChromeDriver Instance Initialized successfully
2026-09-11 17:38:56 [TestNG-test-OrangeHRM Test 1-2] INFO  BaseClass - ChromeDriver Instance Initialized successfully
2026-09-11 17:38:59 [TestNG-test-OrangeHRM Test 1-2] INFO  BaseClass - WebDriver Initialized and Browser Opened and Maximized
2026-09-11 17:38:59 [TestNG-test-OrangeHRM Test 1-1] INFO  BaseClass - WebDriver Initialized and Browser Opened and Maximized
2026-09-11 17:38:59 [TestNG-test-OrangeHRM Test 1-2] TRACE BaseClass - This is a trace message
2026-09-11 17:38:59 [TestNG-test-OrangeHRM Test 1-1] TRACE BaseClass - This is a trace message
2026-09-11 17:38:59 [TestNG-test-OrangeHRM Test 1-2] DEBUG BaseClass - This is a debug message
2026-09-11 17:38:59 [TestNG-test-OrangeHRM Test 1-1] DEBUG BaseClass - This is a debug message
2026-09-11 17:38:59 [TestNG-test-OrangeHRM Test 1-1] WARN  BaseClass - This is an warning message
2026-09-11 17:38:59 [TestNG-test-OrangeHRM Test 1-2] WARN  BaseClass - This is an warning message
2026-09-11 17:38:59 [TestNG-test-OrangeHRM Test 1-1] INFO  ActionDriver - WebDriver instance is created for : ActionDriver
2026-09-11 17:38:59 [TestNG-test-OrangeHRM Test 1-2] INFO  ActionDriver - WebDriver instance is created for : ActionDriver
2026-09-11 17:38:59 [TestNG-test-OrangeHRM Test 1-2] INFO  BaseClass - ActionDriver Initialize form Thread 39
2026-09-11 17:38:59 [TestNG-test-OrangeHRM Test 1-1] INFO  BaseClass - ActionDriver Initialize form Thread 38
2026-09-11 17:38:59 [TestNG-test-OrangeHRM Test 1-2] INFO  ActionDriver - WebDriver instance is created for : ActionDriver
2026-09-11 17:38:59 [TestNG-test-OrangeHRM Test 1-1] INFO  ActionDriver - WebDriver instance is created for : ActionDriver
2026-09-11 17:39:00 [TestNG-test-OrangeHRM Test 1-1] INFO  ActionDriver - Maximized a Browser !
2026-09-11 17:39:00 [TestNG-test-OrangeHRM Test 1-2] INFO  ActionDriver - Maximized a Browser !
2026-09-11 17:39:03 [TestNG-test-OrangeHRM Test 1-1] INFO  ActionDriver - Border applied on Element with name: username with color green
2026-09-11 17:39:04 [TestNG-test-OrangeHRM Test 1-2] INFO  ActionDriver - Border applied on Element with name: username with color green
2026-09-11 17:39:04 [TestNG-test-OrangeHRM Test 1-1] INFO  ActionDriver - Value entered on Element with name: username is  orangehrm_chaker
2026-09-11 17:39:05 [TestNG-test-OrangeHRM Test 1-2] INFO  ActionDriver - Value entered on Element with name: username is  orangehrm_chaker
2026-09-11 17:39:05 [TestNG-test-OrangeHRM Test 1-1] INFO  ActionDriver - Border applied on Element with name: password with color green
2026-09-11 17:39:05 [TestNG-test-OrangeHRM Test 1-2] INFO  ActionDriver - Border applied on Element with name: password with color green
2026-09-11 17:39:05 [TestNG-test-OrangeHRM Test 1-1] INFO  ActionDriver - Value entered on Element with name: password is  AdminOrangeHRM12@!
2026-09-11 17:39:05 [TestNG-test-OrangeHRM Test 1-2] INFO  ActionDriver - Value entered on Element with name: password is  AdminOrangeHRM12@!
2026-09-11 17:39:05 [TestNG-test-OrangeHRM Test 1-1] INFO  ActionDriver - Border applied on Element with text: Login with color green
2026-09-11 17:39:05 [TestNG-test-OrangeHRM Test 1-2] INFO  ActionDriver - Border applied on Element with text: Login with color green
2026-09-11 17:39:06 [TestNG-test-OrangeHRM Test 1-2] INFO  ActionDriver - Clicked on element  ---> : Element with text: Login
2026-09-11 17:39:10 [TestNG-test-OrangeHRM Test 1-1] INFO  ActionDriver - Clicked on element  ---> : Element with text: Login
2026-09-11 17:39:12 [TestNG-test-OrangeHRM Test 1-1] INFO  ActionDriver - Border applied on Element with text: PIM with color green
2026-09-11 17:39:15 [TestNG-test-OrangeHRM Test 1-2] INFO  ActionDriver - Element : Unable to describe the element is displayed
2026-09-11 17:39:15 [TestNG-test-OrangeHRM Test 1-2] INFO  ActionDriver - Border applied on Unable to describe the element with color green
2026-09-11 17:39:17 [TestNG-test-OrangeHRM Test 1-2] INFO  BaseClass - WebDriver instance is closed for :  HomeTest
2026-09-11 17:39:17 [TestNG-test-OrangeHRM Test 1-1] INFO  ActionDriver - Clicked on element  ---> : Element with text: PIM
2026-09-11 17:39:18 [TestNG-test-OrangeHRM Test 1-1] INFO  ActionDriver - Border applied on Element with placeholder: Type for hints... with color green
2026-09-11 17:39:18 [TestNG-test-OrangeHRM Test 1-1] INFO  ActionDriver - Value entered on Element with placeholder: Type for hints... is  alice
2026-09-11 17:39:18 [TestNG-test-OrangeHRM Test 1-1] INFO  ActionDriver - Border applied on Element with text: Search with color green
2026-09-11 17:39:19 [TestNG-test-OrangeHRM Test 1-1] INFO  ActionDriver - Clicked on element  ---> : Element with text: Search
2026-09-11 17:39:19 [TestNG-test-OrangeHRM Test 1-1] INFO  ActionDriver - Border applied on Element with text: Alice Marie with color green
2026-09-11 17:39:19 [TestNG-test-OrangeHRM Test 1-1] INFO  ActionDriver - Scrolled to element using JS : Element with text: Alice Marie
2026-09-11 17:39:19 [TestNG-test-OrangeHRM Test 1-1] INFO  DBConnection - Starting DB Connection ...
2026-09-11 17:39:20 [TestNG-test-OrangeHRM Test 1-1] INFO  DBConnection - DB Connection Successful ! 
2026-09-11 17:39:20 [TestNG-test-OrangeHRM Test 1-1] INFO  DBConnection - Executing query : SELECT emp_firstname, emp_middle_name, emp_lastname FROM hs_hr_employee WHERE employee_id = 3.0
2026-09-11 17:39:20 [TestNG-test-OrangeHRM Test 1-1] INFO  DBConnection - Query Executing Successfully !
2026-09-11 17:39:20 [TestNG-test-OrangeHRM Test 1-1] INFO  DBConnection - Employees Data Fetch : {firstName=Alice, lastName=Dubois, middleName=Marie}
2026-09-11 17:39:20 [TestNG-test-OrangeHRM Test 1-1] INFO  ActionDriver - Actual Text : Alice Marie match to | Expected Value: Alice Marie
2026-09-11 17:39:20 [TestNG-test-OrangeHRM Test 1-1] INFO  ActionDriver - Border applied on Element with text: Alice Marie with color green
2026-09-11 17:39:21 [TestNG-test-OrangeHRM Test 1-1] INFO  ActionDriver - Actual Text : Dubois match to | Expected Value: Dubois
2026-09-11 17:39:21 [TestNG-test-OrangeHRM Test 1-1] INFO  ActionDriver - Border applied on Element with text: Dubois with color green
2026-09-11 17:39:22 [TestNG-test-OrangeHRM Test 1-1] INFO  BaseClass - WebDriver instance is closed for :  DBVerificationTest
2026-09-11 17:43:25 [TestNG-test-OrangeHRM Test 1-2] INFO  BaseClass - properties.config File Loaded successfully
2026-09-11 17:43:27 [TestNG-test-OrangeHRM Test 1-1] INFO  BaseClass - properties.config File Loaded successfully
2026-09-11 17:43:32 [TestNG-test-OrangeHRM Test 1-2] INFO  BaseClass - ChromeDriver Instance Initialized successfully
2026-09-11 17:43:33 [TestNG-test-OrangeHRM Test 1-1] INFO  BaseClass - ChromeDriver Instance Initialized successfully
2026-09-11 17:43:38 [TestNG-test-OrangeHRM Test 1-2] INFO  BaseClass - WebDriver Initialized and Browser Opened and Maximized
2026-09-11 17:43:38 [TestNG-test-OrangeHRM Test 1-1] INFO  BaseClass - WebDriver Initialized and Browser Opened and Maximized
2026-09-11 17:43:38 [TestNG-test-OrangeHRM Test 1-2] TRACE BaseClass - This is a trace message
2026-09-11 17:43:38 [TestNG-test-OrangeHRM Test 1-1] TRACE BaseClass - This is a trace message
2026-09-11 17:43:38 [TestNG-test-OrangeHRM Test 1-2] DEBUG BaseClass - This is a debug message
2026-09-11 17:43:38 [TestNG-test-OrangeHRM Test 1-1] DEBUG BaseClass - This is a debug message
2026-09-11 17:43:38 [TestNG-test-OrangeHRM Test 1-2] WARN  BaseClass - This is an warning message
2026-09-11 17:43:38 [TestNG-test-OrangeHRM Test 1-1] WARN  BaseClass - This is an warning message
2026-09-11 17:43:38 [TestNG-test-OrangeHRM Test 1-1] INFO  ActionDriver - WebDriver instance is created for : ActionDriver
2026-09-11 17:43:38 [TestNG-test-OrangeHRM Test 1-2] INFO  ActionDriver - WebDriver instance is created for : ActionDriver
2026-09-11 17:43:38 [TestNG-test-OrangeHRM Test 1-1] INFO  BaseClass - ActionDriver Initialize form Thread 37
2026-09-11 17:43:38 [TestNG-test-OrangeHRM Test 1-2] INFO  BaseClass - ActionDriver Initialize form Thread 38
2026-09-11 17:43:38 [TestNG-test-OrangeHRM Test 1-1] INFO  ActionDriver - WebDriver instance is created for : ActionDriver
2026-09-11 17:43:38 [TestNG-test-OrangeHRM Test 1-2] INFO  ActionDriver - WebDriver instance is created for : ActionDriver
2026-09-11 17:43:38 [TestNG-test-OrangeHRM Test 1-2] INFO  ActionDriver - Maximized a Browser !
2026-09-11 17:43:38 [TestNG-test-OrangeHRM Test 1-1] INFO  ActionDriver - Maximized a Browser !
2026-09-11 17:43:39 [TestNG-test-OrangeHRM Test 1-1] INFO  ActionDriver - Border applied on Element with name: username with color green
2026-09-11 17:43:39 [TestNG-test-OrangeHRM Test 1-2] INFO  ActionDriver - Border applied on Element with name: username with color green
2026-09-11 17:43:39 [TestNG-test-OrangeHRM Test 1-1] INFO  ActionDriver - Value entered on Element with name: username is  orangehrm_chaker
2026-09-11 17:43:39 [TestNG-test-OrangeHRM Test 1-2] INFO  ActionDriver - Value entered on Element with name: username is  orangehrm_chaker
2026-09-11 17:43:39 [TestNG-test-OrangeHRM Test 1-1] INFO  ActionDriver - Border applied on Element with name: password with color green
2026-09-11 17:43:39 [TestNG-test-OrangeHRM Test 1-2] INFO  ActionDriver - Border applied on Element with name: password with color green
2026-09-11 17:43:39 [TestNG-test-OrangeHRM Test 1-1] INFO  ActionDriver - Value entered on Element with name: password is  AdminOrangeHRM12@!
2026-09-11 17:43:39 [TestNG-test-OrangeHRM Test 1-2] INFO  ActionDriver - Value entered on Element with name: password is  AdminOrangeHRM12@!
2026-09-11 17:43:40 [TestNG-test-OrangeHRM Test 1-1] INFO  ActionDriver - Border applied on Element with text: Login with color green
2026-09-11 17:43:40 [TestNG-test-OrangeHRM Test 1-2] INFO  ActionDriver - Border applied on Element with text: Login with color green
2026-09-11 17:43:40 [TestNG-test-OrangeHRM Test 1-1] INFO  ActionDriver - Clicked on element  ---> : Element with text: Login
2026-09-11 17:43:40 [TestNG-test-OrangeHRM Test 1-2] INFO  ActionDriver - Clicked on element  ---> : Element with text: Login
2026-09-11 17:43:44 [TestNG-test-OrangeHRM Test 1-1] INFO  ActionDriver - Border applied on Element with text: PIM with color green
2026-09-11 17:43:44 [TestNG-test-OrangeHRM Test 1-2] INFO  ActionDriver - Element : Unable to describe the element is displayed
2026-09-11 17:43:44 [TestNG-test-OrangeHRM Test 1-2] INFO  ActionDriver - Border applied on Unable to describe the element with color green
2026-09-11 17:43:45 [TestNG-test-OrangeHRM Test 1-2] INFO  BaseClass - WebDriver instance is closed for :  HomeTest
2026-09-11 17:43:48 [TestNG-test-OrangeHRM Test 1-1] INFO  ActionDriver - Clicked on element  ---> : Element with text: PIM
2026-09-11 17:43:49 [TestNG-test-OrangeHRM Test 1-1] INFO  ActionDriver - Border applied on Element with placeholder: Type for hints... with color green
2026-09-11 17:43:49 [TestNG-test-OrangeHRM Test 1-1] INFO  ActionDriver - Value entered on Element with placeholder: Type for hints... is  alice
2026-09-11 17:43:49 [TestNG-test-OrangeHRM Test 1-1] INFO  ActionDriver - Border applied on Element with text: Search with color green
2026-09-11 17:43:49 [TestNG-test-OrangeHRM Test 1-1] INFO  ActionDriver - Clicked on element  ---> : Element with text: Search
2026-09-11 17:43:50 [TestNG-test-OrangeHRM Test 1-1] INFO  ActionDriver - Border applied on Element with text: Alice Marie with color green
2026-09-11 17:43:50 [TestNG-test-OrangeHRM Test 1-1] INFO  ActionDriver - Scrolled to element using JS : Element with text: Alice Marie
2026-09-11 17:43:50 [TestNG-test-OrangeHRM Test 1-1] INFO  DBConnection - Starting DB Connection ...
2026-09-11 17:43:51 [TestNG-test-OrangeHRM Test 1-1] INFO  DBConnection - DB Connection Successful ! 
2026-09-11 17:43:51 [TestNG-test-OrangeHRM Test 1-1] INFO  DBConnection - Executing query : SELECT emp_firstname, emp_middle_name, emp_lastname FROM hs_hr_employee WHERE employee_id = 3.0
2026-09-11 17:43:51 [TestNG-test-OrangeHRM Test 1-1] INFO  DBConnection - Query Executing Successfully !
2026-09-11 17:43:51 [TestNG-test-OrangeHRM Test 1-1] INFO  DBConnection - Employees Data Fetch : {firstName=Alice, lastName=Dubois, middleName=Marie}
2026-09-11 17:43:51 [TestNG-test-OrangeHRM Test 1-1] INFO  ActionDriver - Actual Text : Alice Marie match to | Expected Value: Alice Marie
2026-09-11 17:43:51 [TestNG-test-OrangeHRM Test 1-1] INFO  ActionDriver - Border applied on Element with text: Alice Marie with color green
2026-09-11 17:43:51 [TestNG-test-OrangeHRM Test 1-1] INFO  ActionDriver - Actual Text : Dubois match to | Expected Value: Dubois
2026-09-11 17:43:51 [TestNG-test-OrangeHRM Test 1-1] INFO  ActionDriver - Border applied on Element with text: Dubois with color green
2026-09-11 17:43:52 [TestNG-test-OrangeHRM Test 1-1] INFO  BaseClass - WebDriver instance is closed for :  DBVerificationTest
2026-09-11 17:45:10 [TestNG-test-OrangeHRM Test 1-2] INFO  BaseClass - properties.config File Loaded successfully
2026-09-11 17:45:13 [TestNG-test-OrangeHRM Test 1-1] INFO  BaseClass - properties.config File Loaded successfully
2026-09-11 17:45:15 [TestNG-test-OrangeHRM Test 1-2] INFO  BaseClass - ChromeDriver Instance Initialized successfully
2026-09-11 17:45:16 [TestNG-test-OrangeHRM Test 1-1] INFO  BaseClass - ChromeDriver Instance Initialized successfully
2026-09-11 17:45:19 [TestNG-test-OrangeHRM Test 1-1] INFO  BaseClass - WebDriver Initialized and Browser Opened and Maximized
2026-09-11 17:45:19 [TestNG-test-OrangeHRM Test 1-1] TRACE BaseClass - This is a trace message
2026-09-11 17:45:19 [TestNG-test-OrangeHRM Test 1-1] DEBUG BaseClass - This is a debug message
2026-09-11 17:45:19 [TestNG-test-OrangeHRM Test 1-1] WARN  BaseClass - This is an warning message
2026-09-11 17:45:19 [TestNG-test-OrangeHRM Test 1-1] INFO  ActionDriver - WebDriver instance is created for : ActionDriver
2026-09-11 17:45:19 [TestNG-test-OrangeHRM Test 1-1] INFO  BaseClass - ActionDriver Initialize form Thread 25
2026-09-11 17:45:19 [TestNG-test-OrangeHRM Test 1-1] INFO  ActionDriver - WebDriver instance is created for : ActionDriver
2026-09-11 17:45:20 [TestNG-test-OrangeHRM Test 1-1] INFO  ActionDriver - Maximized a Browser !
2026-09-11 17:45:21 [TestNG-test-OrangeHRM Test 1-2] INFO  BaseClass - WebDriver Initialized and Browser Opened and Maximized
2026-09-11 17:45:21 [TestNG-test-OrangeHRM Test 1-2] TRACE BaseClass - This is a trace message
2026-09-11 17:45:21 [TestNG-test-OrangeHRM Test 1-2] DEBUG BaseClass - This is a debug message
2026-09-11 17:45:21 [TestNG-test-OrangeHRM Test 1-2] WARN  BaseClass - This is an warning message
2026-09-11 17:45:21 [TestNG-test-OrangeHRM Test 1-2] INFO  ActionDriver - WebDriver instance is created for : ActionDriver
2026-09-11 17:45:21 [TestNG-test-OrangeHRM Test 1-2] INFO  BaseClass - ActionDriver Initialize form Thread 26
2026-09-11 17:45:21 [TestNG-test-OrangeHRM Test 1-2] INFO  ActionDriver - WebDriver instance is created for : ActionDriver
2026-09-11 17:45:23 [TestNG-test-OrangeHRM Test 1-2] INFO  ActionDriver - Maximized a Browser !
2026-09-11 17:45:25 [TestNG-test-OrangeHRM Test 1-2] INFO  ActionDriver - Border applied on Element with name: username with color green
2026-09-11 17:45:25 [TestNG-test-OrangeHRM Test 1-1] INFO  ActionDriver - Border applied on Element with name: username with color green
2026-09-11 17:45:25 [TestNG-test-OrangeHRM Test 1-2] INFO  ActionDriver - Value entered on Element with name: username is  orangehrm_chaker
2026-09-11 17:45:25 [TestNG-test-OrangeHRM Test 1-1] INFO  ActionDriver - Value entered on Element with name: username is  orangehrm_chaker
2026-09-11 17:45:25 [TestNG-test-OrangeHRM Test 1-2] INFO  ActionDriver - Border applied on Element with name: password with color green
2026-09-11 17:45:25 [TestNG-test-OrangeHRM Test 1-1] INFO  ActionDriver - Border applied on Element with name: password with color green
2026-09-11 17:45:25 [TestNG-test-OrangeHRM Test 1-2] INFO  ActionDriver - Value entered on Element with name: password is  AdminOrangeHRM12@!
2026-09-11 17:45:25 [TestNG-test-OrangeHRM Test 1-1] INFO  ActionDriver - Value entered on Element with name: password is  AdminOrangeHRM12@!
2026-09-11 17:45:25 [TestNG-test-OrangeHRM Test 1-2] INFO  ActionDriver - Border applied on Element with text: Login with color green
2026-09-11 17:45:26 [TestNG-test-OrangeHRM Test 1-1] INFO  ActionDriver - Border applied on Element with text: Login with color green
2026-09-11 17:45:29 [TestNG-test-OrangeHRM Test 1-2] INFO  ActionDriver - Clicked on element  ---> : Element with text: Login
2026-09-11 17:45:29 [TestNG-test-OrangeHRM Test 1-1] INFO  ActionDriver - Clicked on element  ---> : Element with text: Login
2026-09-11 17:45:31 [TestNG-test-OrangeHRM Test 1-1] INFO  ActionDriver - Border applied on Element with text: PIM with color green
2026-09-11 17:45:31 [TestNG-test-OrangeHRM Test 1-2] INFO  ActionDriver - Element : Unable to describe the element is displayed
2026-09-11 17:45:31 [TestNG-test-OrangeHRM Test 1-2] INFO  ActionDriver - Border applied on Unable to describe the element with color green
2026-09-11 17:45:34 [TestNG-test-OrangeHRM Test 1-2] INFO  BaseClass - WebDriver instance is closed for :  HomeTest
2026-09-11 17:45:38 [TestNG-test-OrangeHRM Test 1-1] INFO  ActionDriver - Clicked on element  ---> : Element with text: PIM
2026-09-11 17:45:39 [TestNG-test-OrangeHRM Test 1-1] INFO  ActionDriver - Border applied on Element with placeholder: Type for hints... with color green
2026-09-11 17:45:39 [TestNG-test-OrangeHRM Test 1-1] INFO  ActionDriver - Value entered on Element with placeholder: Type for hints... is  alice
2026-09-11 17:45:39 [TestNG-test-OrangeHRM Test 1-1] INFO  ActionDriver - Border applied on Element with text: Search with color green
2026-09-11 17:45:39 [TestNG-test-OrangeHRM Test 1-1] INFO  ActionDriver - Clicked on element  ---> : Element with text: Search
2026-09-11 17:45:40 [TestNG-test-OrangeHRM Test 1-1] INFO  ActionDriver - Border applied on Element with text: Alice Marie with color green
2026-09-11 17:45:40 [TestNG-test-OrangeHRM Test 1-1] INFO  ActionDriver - Scrolled to element using JS : Element with text: Alice Marie
2026-09-11 17:45:40 [TestNG-test-OrangeHRM Test 1-1] INFO  DBConnection - Starting DB Connection ...
2026-09-11 17:45:41 [TestNG-test-OrangeHRM Test 1-1] INFO  DBConnection - DB Connection Successful ! 
2026-09-11 17:45:41 [TestNG-test-OrangeHRM Test 1-1] INFO  DBConnection - Executing query : SELECT emp_firstname, emp_middle_name, emp_lastname FROM hs_hr_employee WHERE employee_id = 3.0
2026-09-11 17:45:41 [TestNG-test-OrangeHRM Test 1-1] INFO  DBConnection - Query Executing Successfully !
2026-09-11 17:45:41 [TestNG-test-OrangeHRM Test 1-1] INFO  DBConnection - Employees Data Fetch : {firstName=Alice, lastName=Dubois, middleName=Marie}
2026-09-11 17:45:41 [TestNG-test-OrangeHRM Test 1-1] INFO  ActionDriver - Actual Text : Alice Marie match to | Expected Value: Alice Marie
2026-09-11 17:45:41 [TestNG-test-OrangeHRM Test 1-1] INFO  ActionDriver - Border applied on Element with text: Alice Marie with color green
2026-09-11 17:45:41 [TestNG-test-OrangeHRM Test 1-1] INFO  ActionDriver - Actual Text : Dubois match to | Expected Value: Dubois
2026-09-11 17:45:41 [TestNG-test-OrangeHRM Test 1-1] INFO  ActionDriver - Border applied on Element with text: Dubois with color green
2026-09-11 17:45:42 [TestNG-test-OrangeHRM Test 1-1] INFO  BaseClass - WebDriver instance is closed for :  DBVerificationTest
2026-09-11 18:15:33 [TestNG-test-OrangeHRM Test 1-4] INFO  BaseClass - properties.config File Loaded successfully
2026-09-11 18:15:33 [TestNG-test-OrangeHRM Test 1-5] INFO  BaseClass - properties.config File Loaded successfully
2026-09-11 18:15:34 [TestNG-test-OrangeHRM Test 1-3] INFO  BaseClass - properties.config File Loaded successfully
2026-09-11 18:15:34 [TestNG-test-OrangeHRM Test 1-1] INFO  BaseClass - properties.config File Loaded successfully
2026-09-11 18:15:39 [TestNG-test-OrangeHRM Test 1-4] INFO  BaseClass - ChromeDriver Instance Initialized successfully
2026-09-11 18:15:39 [TestNG-test-OrangeHRM Test 1-5] INFO  BaseClass - ChromeDriver Instance Initialized successfully
2026-09-11 18:15:43 [TestNG-test-OrangeHRM Test 1-2] INFO  BaseClass - properties.config File Loaded successfully
2026-09-11 18:15:46 [TestNG-test-OrangeHRM Test 1-5] INFO  BaseClass - WebDriver Initialized and Browser Opened and Maximized
2026-09-11 18:15:46 [TestNG-test-OrangeHRM Test 1-5] TRACE BaseClass - This is a trace message
2026-09-11 18:15:46 [TestNG-test-OrangeHRM Test 1-4] INFO  BaseClass - WebDriver Initialized and Browser Opened and Maximized
2026-09-11 18:15:46 [TestNG-test-OrangeHRM Test 1-4] TRACE BaseClass - This is a trace message
2026-09-11 18:15:46 [TestNG-test-OrangeHRM Test 1-5] DEBUG BaseClass - This is a debug message
2026-09-11 18:15:46 [TestNG-test-OrangeHRM Test 1-5] WARN  BaseClass - This is an warning message
2026-09-11 18:15:46 [TestNG-test-OrangeHRM Test 1-4] DEBUG BaseClass - This is a debug message
2026-09-11 18:15:46 [TestNG-test-OrangeHRM Test 1-4] WARN  BaseClass - This is an warning message
2026-09-11 18:15:46 [TestNG-test-OrangeHRM Test 1-5] INFO  ActionDriver - WebDriver instance is created for : ActionDriver
2026-09-11 18:15:46 [TestNG-test-OrangeHRM Test 1-5] INFO  BaseClass - ActionDriver Initialize form Thread 32
2026-09-11 18:15:46 [TestNG-test-OrangeHRM Test 1-4] INFO  ActionDriver - WebDriver instance is created for : ActionDriver
2026-09-11 18:15:46 [TestNG-test-OrangeHRM Test 1-5] INFO  ActionDriver - WebDriver instance is created for : ActionDriver
2026-09-11 18:15:46 [TestNG-test-OrangeHRM Test 1-4] INFO  BaseClass - ActionDriver Initialize form Thread 31
2026-09-11 18:15:46 [TestNG-test-OrangeHRM Test 1-4] INFO  ActionDriver - WebDriver instance is created for : ActionDriver
2026-09-11 18:15:47 [TestNG-test-OrangeHRM Test 1-5] INFO  ActionDriver - Maximized a Browser !
2026-09-11 18:15:47 [TestNG-test-OrangeHRM Test 1-4] INFO  ActionDriver - Maximized a Browser !
2026-09-11 18:15:48 [TestNG-test-OrangeHRM Test 1-3] INFO  BaseClass - ChromeDriver Instance Initialized successfully
2026-09-11 18:15:50 [TestNG-test-OrangeHRM Test 1-5] INFO  BaseClass - WebDriver instance is closed for :  DummyClass2
2026-09-11 18:15:50 [TestNG-test-OrangeHRM Test 1-5] INFO  BaseClass - properties.config File Loaded successfully
2026-09-11 18:15:50 [TestNG-test-OrangeHRM Test 1-4] INFO  BaseClass - WebDriver instance is closed for :  DummyClass
2026-09-11 18:15:52 [TestNG-test-OrangeHRM Test 1-5] INFO  BaseClass - ChromeDriver Instance Initialized successfully
2026-09-11 18:15:52 [TestNG-test-OrangeHRM Test 1-3] INFO  BaseClass - WebDriver Initialized and Browser Opened and Maximized
2026-09-11 18:15:52 [TestNG-test-OrangeHRM Test 1-3] TRACE BaseClass - This is a trace message
2026-09-11 18:15:52 [TestNG-test-OrangeHRM Test 1-3] DEBUG BaseClass - This is a debug message
2026-09-11 18:15:52 [TestNG-test-OrangeHRM Test 1-3] WARN  BaseClass - This is an warning message
2026-09-11 18:15:52 [TestNG-test-OrangeHRM Test 1-3] INFO  ActionDriver - WebDriver instance is created for : ActionDriver
2026-09-11 18:15:52 [TestNG-test-OrangeHRM Test 1-3] INFO  BaseClass - ActionDriver Initialize form Thread 30
2026-09-11 18:15:52 [TestNG-test-OrangeHRM Test 1-3] INFO  ActionDriver - WebDriver instance is created for : ActionDriver
2026-09-11 18:15:52 [TestNG-test-OrangeHRM Test 1-3] INFO  ActionDriver - Maximized a Browser !
2026-09-11 18:15:53 [TestNG-test-OrangeHRM Test 1-3] INFO  ActionDriver - Border applied on Element with name: username with color green
2026-09-11 18:15:53 [TestNG-test-OrangeHRM Test 1-3] INFO  ActionDriver - Value entered on Element with name: username is  admin123
2026-09-11 18:15:53 [TestNG-test-OrangeHRM Test 1-3] INFO  ActionDriver - Border applied on Element with name: password with color green
2026-09-11 18:15:53 [TestNG-test-OrangeHRM Test 1-3] INFO  ActionDriver - Value entered on Element with name: password is  admin123
2026-09-11 18:15:55 [TestNG-test-OrangeHRM Test 1-1] INFO  BaseClass - ChromeDriver Instance Initialized successfully
2026-09-11 18:15:55 [TestNG-test-OrangeHRM Test 1-3] INFO  ActionDriver - Border applied on Element with text: Login with color green
2026-09-11 18:15:56 [TestNG-test-OrangeHRM Test 1-5] INFO  BaseClass - WebDriver Initialized and Browser Opened and Maximized
2026-09-11 18:15:56 [TestNG-test-OrangeHRM Test 1-5] TRACE BaseClass - This is a trace message
2026-09-11 18:15:56 [TestNG-test-OrangeHRM Test 1-5] DEBUG BaseClass - This is a debug message
2026-09-11 18:15:56 [TestNG-test-OrangeHRM Test 1-5] WARN  BaseClass - This is an warning message
2026-09-11 18:15:56 [TestNG-test-OrangeHRM Test 1-5] INFO  ActionDriver - WebDriver instance is created for : ActionDriver
2026-09-11 18:15:56 [TestNG-test-OrangeHRM Test 1-5] INFO  BaseClass - ActionDriver Initialize form Thread 32
2026-09-11 18:15:56 [TestNG-test-OrangeHRM Test 1-5] INFO  ActionDriver - WebDriver instance is created for : ActionDriver
2026-09-11 18:15:56 [TestNG-test-OrangeHRM Test 1-5] INFO  ActionDriver - Maximized a Browser !
2026-09-11 18:15:59 [TestNG-test-OrangeHRM Test 1-1] INFO  BaseClass - WebDriver Initialized and Browser Opened and Maximized
2026-09-11 18:15:59 [TestNG-test-OrangeHRM Test 1-1] TRACE BaseClass - This is a trace message
2026-09-11 18:15:59 [TestNG-test-OrangeHRM Test 1-1] DEBUG BaseClass - This is a debug message
2026-09-11 18:15:59 [TestNG-test-OrangeHRM Test 1-1] WARN  BaseClass - This is an warning message
2026-09-11 18:15:59 [TestNG-test-OrangeHRM Test 1-1] INFO  ActionDriver - WebDriver instance is created for : ActionDriver
2026-09-11 18:15:59 [TestNG-test-OrangeHRM Test 1-1] INFO  BaseClass - ActionDriver Initialize form Thread 28
2026-09-11 18:15:59 [TestNG-test-OrangeHRM Test 1-1] INFO  ActionDriver - WebDriver instance is created for : ActionDriver
2026-09-11 18:15:59 [TestNG-test-OrangeHRM Test 1-2] INFO  BaseClass - ChromeDriver Instance Initialized successfully
2026-09-11 18:16:00 [TestNG-test-OrangeHRM Test 1-1] INFO  ActionDriver - Maximized a Browser !
2026-09-11 18:16:00 [TestNG-test-OrangeHRM Test 1-1] INFO  ActionDriver - Border applied on Element with name: username with color green
2026-09-11 18:16:00 [TestNG-test-OrangeHRM Test 1-1] INFO  ActionDriver - Value entered on Element with name: username is  orangehrm_chaker
2026-09-11 18:16:00 [TestNG-test-OrangeHRM Test 1-5] INFO  ActionDriver - Border applied on Element with name: username with color green
2026-09-11 18:16:00 [TestNG-test-OrangeHRM Test 1-5] INFO  ActionDriver - Value entered on Element with name: username is  orangehrm_chaker
2026-09-11 18:16:01 [TestNG-test-OrangeHRM Test 1-1] INFO  ActionDriver - Border applied on Element with name: password with color green
2026-09-11 18:16:01 [TestNG-test-OrangeHRM Test 1-1] INFO  ActionDriver - Value entered on Element with name: password is  AdminOrangeHRM12@!
2026-09-11 18:16:01 [TestNG-test-OrangeHRM Test 1-5] INFO  ActionDriver - Border applied on Element with name: password with color green
2026-09-11 18:16:02 [TestNG-test-OrangeHRM Test 1-5] INFO  ActionDriver - Value entered on Element with name: password is  AdminOrangeHRM12@!!
2026-09-11 18:16:02 [TestNG-test-OrangeHRM Test 1-1] INFO  ActionDriver - Border applied on Element with text: Login with color green
2026-09-11 18:16:02 [TestNG-test-OrangeHRM Test 1-3] INFO  ActionDriver - Clicked on element  ---> : Element with text: Login
2026-09-11 18:16:02 [TestNG-test-OrangeHRM Test 1-5] INFO  ActionDriver - Border applied on Element with text: Login with color green
2026-09-11 18:16:02 [TestNG-test-OrangeHRM Test 1-5] INFO  ActionDriver - Clicked on element  ---> : Element with text: Login
2026-09-11 18:16:03 [TestNG-test-OrangeHRM Test 1-3] INFO  ActionDriver - Actual Text : Invalid credentials match to | Expected Value: Invalid credentials
2026-09-11 18:16:03 [TestNG-test-OrangeHRM Test 1-3] INFO  ActionDriver - Border applied on Element with text: Invalid credentials with color green
2026-09-11 18:16:03 [TestNG-test-OrangeHRM Test 1-2] INFO  BaseClass - WebDriver Initialized and Browser Opened and Maximized
2026-09-11 18:16:03 [TestNG-test-OrangeHRM Test 1-2] TRACE BaseClass - This is a trace message
2026-09-11 18:16:03 [TestNG-test-OrangeHRM Test 1-2] DEBUG BaseClass - This is a debug message
2026-09-11 18:16:03 [TestNG-test-OrangeHRM Test 1-2] WARN  BaseClass - This is an warning message
2026-09-11 18:16:03 [TestNG-test-OrangeHRM Test 1-2] INFO  ActionDriver - WebDriver instance is created for : ActionDriver
2026-09-11 18:16:03 [TestNG-test-OrangeHRM Test 1-2] INFO  BaseClass - ActionDriver Initialize form Thread 29
2026-09-11 18:16:03 [TestNG-test-OrangeHRM Test 1-2] INFO  ActionDriver - WebDriver instance is created for : ActionDriver
2026-09-11 18:16:03 [TestNG-test-OrangeHRM Test 1-2] INFO  ActionDriver - Maximized a Browser !
2026-09-11 18:16:04 [TestNG-test-OrangeHRM Test 1-2] INFO  ActionDriver - Border applied on Element with name: username with color green
2026-09-11 18:16:04 [TestNG-test-OrangeHRM Test 1-2] INFO  ActionDriver - Value entered on Element with name: username is  orangehrm_chaker
2026-09-11 18:16:04 [TestNG-test-OrangeHRM Test 1-2] INFO  ActionDriver - Border applied on Element with name: password with color green
2026-09-11 18:16:04 [TestNG-test-OrangeHRM Test 1-2] INFO  ActionDriver - Value entered on Element with name: password is  AdminOrangeHRM12@!
2026-09-11 18:16:05 [TestNG-test-OrangeHRM Test 1-2] INFO  ActionDriver - Border applied on Element with text: Login with color green
2026-09-11 18:16:05 [TestNG-test-OrangeHRM Test 1-2] INFO  ActionDriver - Clicked on element  ---> : Element with text: Login
2026-09-11 18:16:05 [TestNG-test-OrangeHRM Test 1-1] INFO  ActionDriver - Clicked on element  ---> : Element with text: Login
2026-09-11 18:16:05 [TestNG-test-OrangeHRM Test 1-5] INFO  ActionDriver - Actual Text : Invalid credentials match to | Expected Value: Invalid credentials
2026-09-11 18:16:06 [TestNG-test-OrangeHRM Test 1-5] INFO  ActionDriver - Border applied on Element with text: Invalid credentials with color green
2026-09-11 18:16:06 [TestNG-test-OrangeHRM Test 1-3] INFO  BaseClass - WebDriver instance is closed for :  DataLoginTest
2026-09-11 18:16:06 [TestNG-test-OrangeHRM Test 1-3] INFO  BaseClass - properties.config File Loaded successfully
2026-09-11 18:16:06 [TestNG-test-OrangeHRM Test 1-5] INFO  BaseClass - WebDriver instance is closed for :  LoginTest
2026-09-11 18:16:06 [TestNG-test-OrangeHRM Test 1-5] INFO  BaseClass - properties.config File Loaded successfully
2026-09-11 18:16:08 [TestNG-test-OrangeHRM Test 1-1] INFO  ActionDriver - Border applied on Element with text: PIM with color green
2026-09-11 18:16:11 [TestNG-test-OrangeHRM Test 1-3] INFO  BaseClass - ChromeDriver Instance Initialized successfully
2026-09-11 18:16:17 [TestNG-test-OrangeHRM Test 1-5] INFO  BaseClass - ChromeDriver Instance Initialized successfully
2026-09-11 18:16:20 [TestNG-test-OrangeHRM Test 1-2] INFO  ActionDriver - Element : Unable to describe the element is displayed
2026-09-11 18:16:21 [TestNG-test-OrangeHRM Test 1-2] INFO  ActionDriver - Border applied on Unable to describe the element with color green
2026-09-11 18:16:24 [TestNG-test-OrangeHRM Test 1-5] INFO  BaseClass - WebDriver Initialized and Browser Opened and Maximized
2026-09-11 18:16:24 [TestNG-test-OrangeHRM Test 1-3] INFO  BaseClass - WebDriver Initialized and Browser Opened and Maximized
2026-09-11 18:16:24 [TestNG-test-OrangeHRM Test 1-5] TRACE BaseClass - This is a trace message
2026-09-11 18:16:24 [TestNG-test-OrangeHRM Test 1-3] TRACE BaseClass - This is a trace message
2026-09-11 18:16:24 [TestNG-test-OrangeHRM Test 1-3] DEBUG BaseClass - This is a debug message
2026-09-11 18:16:24 [TestNG-test-OrangeHRM Test 1-5] DEBUG BaseClass - This is a debug message
2026-09-11 18:16:24 [TestNG-test-OrangeHRM Test 1-5] WARN  BaseClass - This is an warning message
2026-09-11 18:16:24 [TestNG-test-OrangeHRM Test 1-3] WARN  BaseClass - This is an warning message
2026-09-11 18:16:24 [TestNG-test-OrangeHRM Test 1-5] INFO  ActionDriver - WebDriver instance is created for : ActionDriver
2026-09-11 18:16:24 [TestNG-test-OrangeHRM Test 1-5] INFO  BaseClass - ActionDriver Initialize form Thread 32
2026-09-11 18:16:24 [TestNG-test-OrangeHRM Test 1-3] INFO  ActionDriver - WebDriver instance is created for : ActionDriver
2026-09-11 18:16:24 [TestNG-test-OrangeHRM Test 1-5] INFO  ActionDriver - WebDriver instance is created for : ActionDriver
2026-09-11 18:16:24 [TestNG-test-OrangeHRM Test 1-3] INFO  BaseClass - ActionDriver Initialize form Thread 30
2026-09-11 18:16:24 [TestNG-test-OrangeHRM Test 1-3] INFO  ActionDriver - WebDriver instance is created for : ActionDriver
2026-09-11 18:16:25 [TestNG-test-OrangeHRM Test 1-3] INFO  ActionDriver - Maximized a Browser !
2026-09-11 18:16:25 [TestNG-test-OrangeHRM Test 1-5] INFO  ActionDriver - Maximized a Browser !
2026-09-11 18:16:25 [TestNG-test-OrangeHRM Test 1-3] INFO  ActionDriver - Border applied on Element with name: username with color green
2026-09-11 18:16:25 [TestNG-test-OrangeHRM Test 1-5] INFO  ActionDriver - Border applied on Element with name: username with color green
2026-09-11 18:16:26 [TestNG-test-OrangeHRM Test 1-3] INFO  ActionDriver - Value entered on Element with name: username is  Admin
2026-09-11 18:16:26 [TestNG-test-OrangeHRM Test 1-5] INFO  ActionDriver - Value entered on Element with name: username is  orangehrm_chaker
2026-09-11 18:16:26 [TestNG-test-OrangeHRM Test 1-1] INFO  ActionDriver - Clicked on element  ---> : Element with text: PIM
2026-09-11 18:16:26 [TestNG-test-OrangeHRM Test 1-5] INFO  ActionDriver - Border applied on Element with name: password with color green
2026-09-11 18:16:27 [TestNG-test-OrangeHRM Test 1-3] INFO  ActionDriver - Border applied on Element with name: password with color green
2026-09-11 18:16:27 [TestNG-test-OrangeHRM Test 1-5] INFO  ActionDriver - Value entered on Element with name: password is  AdminOrangeHRM12@!
2026-09-11 18:16:27 [TestNG-test-OrangeHRM Test 1-3] INFO  ActionDriver - Value entered on Element with name: password is  admin123
2026-09-11 18:16:27 [TestNG-test-OrangeHRM Test 1-5] INFO  ActionDriver - Border applied on Element with text: Login with color green
2026-09-11 18:16:27 [TestNG-test-OrangeHRM Test 1-3] INFO  ActionDriver - Border applied on Element with text: Login with color green
2026-09-11 18:16:28 [TestNG-test-OrangeHRM Test 1-1] INFO  ActionDriver - Border applied on Element with placeholder: Type for hints... with color green
2026-09-11 18:16:28 [TestNG-test-OrangeHRM Test 1-1] INFO  ActionDriver - Value entered on Element with placeholder: Type for hints... is  alice
2026-09-11 18:16:28 [TestNG-test-OrangeHRM Test 1-1] INFO  ActionDriver - Border applied on Element with text: Search with color green
2026-09-11 18:16:28 [TestNG-test-OrangeHRM Test 1-2] INFO  BaseClass - WebDriver instance is closed for :  HomeTest
2026-09-11 18:16:28 [TestNG-test-OrangeHRM Test 1-1] INFO  ActionDriver - Clicked on element  ---> : Element with text: Search
2026-09-11 18:16:29 [TestNG-test-OrangeHRM Test 1-3] INFO  ActionDriver - Clicked on element  ---> : Element with text: Login
2026-09-11 18:16:30 [TestNG-test-OrangeHRM Test 1-5] INFO  ActionDriver - Clicked on element  ---> : Element with text: Login
2026-09-11 18:16:31 [TestNG-test-OrangeHRM Test 1-1] INFO  ActionDriver - Border applied on Element with text: Alice Marie with color green
2026-09-11 18:16:31 [TestNG-test-OrangeHRM Test 1-1] INFO  ActionDriver - Scrolled to element using JS : Element with text: Alice Marie
2026-09-11 18:16:31 [TestNG-test-OrangeHRM Test 1-1] INFO  DBConnection - Starting DB Connection ...
2026-09-11 18:16:32 [TestNG-test-OrangeHRM Test 1-5] INFO  ActionDriver - Element : Element with text: Admin is displayed
2026-09-11 18:16:32 [TestNG-test-OrangeHRM Test 1-5] INFO  ActionDriver - Border applied on Element with text: Admin with color green
2026-09-11 18:16:32 [TestNG-test-OrangeHRM Test 1-5] INFO  ActionDriver - Border applied on Element with text: Chaker Ben Said with color green
2026-09-11 18:16:32 [TestNG-test-OrangeHRM Test 1-5] INFO  ActionDriver - Clicked on element  ---> : Element with text: Chaker Ben Said
2026-09-11 18:16:33 [TestNG-test-OrangeHRM Test 1-5] INFO  ActionDriver - Border applied on Element with text: Logout with color green
2026-09-11 18:16:34 [TestNG-test-OrangeHRM Test 1-1] INFO  DBConnection - DB Connection Successful ! 
2026-09-11 18:16:34 [TestNG-test-OrangeHRM Test 1-1] INFO  DBConnection - Executing query : SELECT emp_firstname, emp_middle_name, emp_lastname FROM hs_hr_employee WHERE employee_id = 3.0
2026-09-11 18:16:34 [TestNG-test-OrangeHRM Test 1-1] INFO  DBConnection - Query Executing Successfully !
2026-09-11 18:16:34 [TestNG-test-OrangeHRM Test 1-1] INFO  DBConnection - Employees Data Fetch : {firstName=Alice, lastName=Dubois, middleName=Marie}
2026-09-11 18:16:34 [TestNG-test-OrangeHRM Test 1-1] INFO  ActionDriver - Actual Text : Alice Marie match to | Expected Value: Alice Marie
2026-09-11 18:16:34 [TestNG-test-OrangeHRM Test 1-1] INFO  ActionDriver - Border applied on Element with text: Alice Marie with color green
2026-09-11 18:16:35 [TestNG-test-OrangeHRM Test 1-1] INFO  ActionDriver - Actual Text : Dubois match to | Expected Value: Dubois
2026-09-11 18:16:35 [TestNG-test-OrangeHRM Test 1-1] INFO  ActionDriver - Border applied on Element with text: Dubois with color green
2026-09-11 18:16:36 [TestNG-test-OrangeHRM Test 1-1] INFO  BaseClass - WebDriver instance is closed for :  DBVerificationTest
2026-09-11 18:16:36 [TestNG-test-OrangeHRM Test 1-5] INFO  ActionDriver - Clicked on element  ---> : Element with text: Logout
2026-09-11 18:16:39 [TestNG-test-OrangeHRM Test 1-5] INFO  BaseClass - WebDriver instance is closed for :  LoginTest
2026-09-11 18:17:46 [TestNG-test-OrangeHRM Test 1-3] INFO  BaseClass - WebDriver instance is closed for :  DataLoginTest
2026-09-11 18:17:46 [TestNG-test-OrangeHRM Test 1-3] INFO  BaseClass - properties.config File Loaded successfully
2026-09-11 18:17:48 [TestNG-test-OrangeHRM Test 1-3] INFO  BaseClass - ChromeDriver Instance Initialized successfully
2026-09-11 18:17:53 [TestNG-test-OrangeHRM Test 1-3] INFO  BaseClass - WebDriver Initialized and Browser Opened and Maximized
2026-09-11 18:17:53 [TestNG-test-OrangeHRM Test 1-3] TRACE BaseClass - This is a trace message
2026-09-11 18:17:53 [TestNG-test-OrangeHRM Test 1-3] DEBUG BaseClass - This is a debug message
2026-09-11 18:17:53 [TestNG-test-OrangeHRM Test 1-3] WARN  BaseClass - This is an warning message
2026-09-11 18:17:53 [TestNG-test-OrangeHRM Test 1-3] INFO  ActionDriver - WebDriver instance is created for : ActionDriver
2026-09-11 18:17:53 [TestNG-test-OrangeHRM Test 1-3] INFO  BaseClass - ActionDriver Initialize form Thread 30
2026-09-11 18:17:53 [TestNG-test-OrangeHRM Test 1-3] INFO  ActionDriver - WebDriver instance is created for : ActionDriver
2026-09-11 18:17:53 [TestNG-test-OrangeHRM Test 1-3] INFO  ActionDriver - Maximized a Browser !
2026-09-11 18:17:53 [TestNG-test-OrangeHRM Test 1-3] INFO  ActionDriver - Border applied on Element with name: username with color green
2026-09-11 18:17:53 [TestNG-test-OrangeHRM Test 1-3] INFO  ActionDriver - Value entered on Element with name: username is  Admin
2026-09-11 18:17:53 [TestNG-test-OrangeHRM Test 1-3] INFO  ActionDriver - Border applied on Element with name: password with color green
2026-09-11 18:17:54 [TestNG-test-OrangeHRM Test 1-3] INFO  ActionDriver - Value entered on Element with name: password is  admin123
2026-09-11 18:17:54 [TestNG-test-OrangeHRM Test 1-3] INFO  ActionDriver - Border applied on Element with text: Login with color green
2026-09-11 18:17:54 [TestNG-test-OrangeHRM Test 1-3] INFO  ActionDriver - Clicked on element  ---> : Element with text: Login
2026-09-11 18:19:11 [TestNG-test-OrangeHRM Test 1-3] INFO  BaseClass - WebDriver instance is closed for :  DataLoginTest
2026-09-11 18:19:11 [TestNG-test-OrangeHRM Test 1-3] INFO  BaseClass - properties.config File Loaded successfully
2026-09-11 18:19:15 [TestNG-test-OrangeHRM Test 1-3] INFO  BaseClass - ChromeDriver Instance Initialized successfully
2026-09-11 18:19:19 [TestNG-test-OrangeHRM Test 1-3] INFO  BaseClass - WebDriver Initialized and Browser Opened and Maximized
2026-09-11 18:19:19 [TestNG-test-OrangeHRM Test 1-3] TRACE BaseClass - This is a trace message
2026-09-11 18:19:19 [TestNG-test-OrangeHRM Test 1-3] DEBUG BaseClass - This is a debug message
2026-09-11 18:19:19 [TestNG-test-OrangeHRM Test 1-3] WARN  BaseClass - This is an warning message
2026-09-11 18:19:19 [TestNG-test-OrangeHRM Test 1-3] INFO  ActionDriver - WebDriver instance is created for : ActionDriver
2026-09-11 18:19:19 [TestNG-test-OrangeHRM Test 1-3] INFO  BaseClass - ActionDriver Initialize form Thread 30
2026-09-11 18:19:19 [TestNG-test-OrangeHRM Test 1-3] INFO  ActionDriver - WebDriver instance is created for : ActionDriver
2026-09-11 18:19:19 [TestNG-test-OrangeHRM Test 1-3] INFO  ActionDriver - Maximized a Browser !
2026-09-11 18:19:19 [TestNG-test-OrangeHRM Test 1-3] INFO  ActionDriver - Border applied on Element with name: username with color green
2026-09-11 18:19:19 [TestNG-test-OrangeHRM Test 1-3] INFO  ActionDriver - Value entered on Element with name: username is  Admin
2026-09-11 18:19:19 [TestNG-test-OrangeHRM Test 1-3] INFO  ActionDriver - Border applied on Element with name: password with color green
2026-09-11 18:19:20 [TestNG-test-OrangeHRM Test 1-3] INFO  ActionDriver - Value entered on Element with name: password is  admin123
2026-09-11 18:19:20 [TestNG-test-OrangeHRM Test 1-3] INFO  ActionDriver - Border applied on Element with text: Login with color green
2026-09-11 18:19:20 [TestNG-test-OrangeHRM Test 1-3] INFO  ActionDriver - Clicked on element  ---> : Element with text: Login
2026-09-11 18:20:39 [TestNG-test-OrangeHRM Test 1-3] INFO  BaseClass - WebDriver instance is closed for :  DataLoginTest
2026-09-11 18:25:51 [TestNG-test-OrangeHRM Test 1-4] INFO  BaseClass - properties.config File Loaded successfully
2026-09-11 18:25:51 [TestNG-test-OrangeHRM Test 1-5] INFO  BaseClass - properties.config File Loaded successfully
2026-09-11 18:25:53 [TestNG-test-OrangeHRM Test 1-3] INFO  BaseClass - properties.config File Loaded successfully
2026-09-11 18:25:53 [TestNG-test-OrangeHRM Test 1-1] INFO  BaseClass - properties.config File Loaded successfully
2026-09-11 18:26:00 [TestNG-test-OrangeHRM Test 1-4] INFO  BaseClass - ChromeDriver Instance Initialized successfully
2026-09-11 18:26:00 [TestNG-test-OrangeHRM Test 1-5] INFO  BaseClass - ChromeDriver Instance Initialized successfully
2026-09-11 18:26:00 [TestNG-test-OrangeHRM Test 1-3] INFO  BaseClass - ChromeDriver Instance Initialized successfully
2026-09-11 18:26:00 [TestNG-test-OrangeHRM Test 1-1] INFO  BaseClass - ChromeDriver Instance Initialized successfully
2026-09-11 18:26:10 [TestNG-test-OrangeHRM Test 1-2] INFO  BaseClass - properties.config File Loaded successfully
2026-09-11 18:26:10 [TestNG-test-OrangeHRM Test 1-4] INFO  BaseClass - WebDriver Initialized and Browser Opened and Maximized
2026-09-11 18:26:10 [TestNG-test-OrangeHRM Test 1-4] TRACE BaseClass - This is a trace message
2026-09-11 18:26:10 [TestNG-test-OrangeHRM Test 1-4] DEBUG BaseClass - This is a debug message
2026-09-11 18:26:10 [TestNG-test-OrangeHRM Test 1-4] WARN  BaseClass - This is an warning message
2026-09-11 18:26:10 [TestNG-test-OrangeHRM Test 1-4] INFO  ActionDriver - WebDriver instance is created for : ActionDriver
2026-09-11 18:26:10 [TestNG-test-OrangeHRM Test 1-4] INFO  BaseClass - ActionDriver Initialize form Thread 31
2026-09-11 18:26:10 [TestNG-test-OrangeHRM Test 1-4] INFO  ActionDriver - WebDriver instance is created for : ActionDriver
2026-09-11 18:26:10 [TestNG-test-OrangeHRM Test 1-4] INFO  ActionDriver - Maximized a Browser !
2026-09-11 18:26:11 [TestNG-test-OrangeHRM Test 1-5] INFO  BaseClass - WebDriver Initialized and Browser Opened and Maximized
2026-09-11 18:26:11 [TestNG-test-OrangeHRM Test 1-5] TRACE BaseClass - This is a trace message
2026-09-11 18:26:11 [TestNG-test-OrangeHRM Test 1-5] DEBUG BaseClass - This is a debug message
2026-09-11 18:26:11 [TestNG-test-OrangeHRM Test 1-5] WARN  BaseClass - This is an warning message
2026-09-11 18:26:11 [TestNG-test-OrangeHRM Test 1-5] INFO  ActionDriver - WebDriver instance is created for : ActionDriver
2026-09-11 18:26:11 [TestNG-test-OrangeHRM Test 1-5] INFO  BaseClass - ActionDriver Initialize form Thread 32
2026-09-11 18:26:11 [TestNG-test-OrangeHRM Test 1-5] INFO  ActionDriver - WebDriver instance is created for : ActionDriver
2026-09-11 18:26:11 [TestNG-test-OrangeHRM Test 1-5] INFO  ActionDriver - Maximized a Browser !
2026-09-11 18:26:11 [TestNG-test-OrangeHRM Test 1-1] INFO  BaseClass - WebDriver Initialized and Browser Opened and Maximized
2026-09-11 18:26:11 [TestNG-test-OrangeHRM Test 1-1] TRACE BaseClass - This is a trace message
2026-09-11 18:26:11 [TestNG-test-OrangeHRM Test 1-1] DEBUG BaseClass - This is a debug message
2026-09-11 18:26:11 [TestNG-test-OrangeHRM Test 1-1] WARN  BaseClass - This is an warning message
2026-09-11 18:26:11 [TestNG-test-OrangeHRM Test 1-1] INFO  ActionDriver - WebDriver instance is created for : ActionDriver
2026-09-11 18:26:11 [TestNG-test-OrangeHRM Test 1-1] INFO  BaseClass - ActionDriver Initialize form Thread 28
2026-09-11 18:26:11 [TestNG-test-OrangeHRM Test 1-1] INFO  ActionDriver - WebDriver instance is created for : ActionDriver
2026-09-11 18:26:11 [TestNG-test-OrangeHRM Test 1-1] INFO  ActionDriver - Maximized a Browser !
2026-09-11 18:26:13 [TestNG-test-OrangeHRM Test 1-1] INFO  ActionDriver - Border applied on Element with name: username with color green
2026-09-11 18:26:13 [TestNG-test-OrangeHRM Test 1-3] INFO  BaseClass - WebDriver Initialized and Browser Opened and Maximized
2026-09-11 18:26:13 [TestNG-test-OrangeHRM Test 1-3] TRACE BaseClass - This is a trace message
2026-09-11 18:26:13 [TestNG-test-OrangeHRM Test 1-3] DEBUG BaseClass - This is a debug message
2026-09-11 18:26:13 [TestNG-test-OrangeHRM Test 1-3] WARN  BaseClass - This is an warning message
2026-09-11 18:26:13 [TestNG-test-OrangeHRM Test 1-3] INFO  ActionDriver - WebDriver instance is created for : ActionDriver
2026-09-11 18:26:13 [TestNG-test-OrangeHRM Test 1-3] INFO  BaseClass - ActionDriver Initialize form Thread 30
2026-09-11 18:26:13 [TestNG-test-OrangeHRM Test 1-3] INFO  ActionDriver - WebDriver instance is created for : ActionDriver
2026-09-11 18:26:13 [TestNG-test-OrangeHRM Test 1-3] INFO  ActionDriver - Maximized a Browser !
2026-09-11 18:26:13 [TestNG-test-OrangeHRM Test 1-1] INFO  ActionDriver - Value entered on Element with name: username is  orangehrm_chaker
2026-09-11 18:26:15 [TestNG-test-OrangeHRM Test 1-2] INFO  BaseClass - ChromeDriver Instance Initialized successfully
2026-09-11 18:26:16 [TestNG-test-OrangeHRM Test 1-1] INFO  ActionDriver - Border applied on Element with name: password with color green
2026-09-11 18:26:16 [TestNG-test-OrangeHRM Test 1-3] INFO  ActionDriver - Border applied on Element with name: username with color green
2026-09-11 18:26:16 [TestNG-test-OrangeHRM Test 1-1] INFO  ActionDriver - Value entered on Element with name: password is  AdminOrangeHRM12@!
2026-09-11 18:26:16 [TestNG-test-OrangeHRM Test 1-3] INFO  ActionDriver - Value entered on Element with name: username is  orangehrm_chaker
2026-09-11 18:26:16 [TestNG-test-OrangeHRM Test 1-1] INFO  ActionDriver - Border applied on Element with text: Login with color green
2026-09-11 18:26:16 [TestNG-test-OrangeHRM Test 1-3] INFO  ActionDriver - Border applied on Element with name: password with color green
2026-09-11 18:26:16 [TestNG-test-OrangeHRM Test 1-1] INFO  ActionDriver - Clicked on element  ---> : Element with text: Login
2026-09-11 18:26:16 [TestNG-test-OrangeHRM Test 1-5] INFO  BaseClass - WebDriver instance is closed for :  DummyClass2
2026-09-11 18:26:17 [TestNG-test-OrangeHRM Test 1-5] INFO  BaseClass - properties.config File Loaded successfully
2026-09-11 18:26:17 [TestNG-test-OrangeHRM Test 1-3] INFO  ActionDriver - Value entered on Element with name: password is  AdminOrangeHRM12@!!
2026-09-11 18:26:17 [TestNG-test-OrangeHRM Test 1-3] INFO  ActionDriver - Border applied on Element with text: Login with color green
2026-09-11 18:26:19 [TestNG-test-OrangeHRM Test 1-5] INFO  BaseClass - ChromeDriver Instance Initialized successfully
2026-09-11 18:26:20 [TestNG-test-OrangeHRM Test 1-4] INFO  BaseClass - WebDriver instance is closed for :  DummyClass
2026-09-11 18:26:20 [TestNG-test-OrangeHRM Test 1-2] INFO  BaseClass - WebDriver Initialized and Browser Opened and Maximized
2026-09-11 18:26:20 [TestNG-test-OrangeHRM Test 1-2] TRACE BaseClass - This is a trace message
2026-09-11 18:26:20 [TestNG-test-OrangeHRM Test 1-2] DEBUG BaseClass - This is a debug message
2026-09-11 18:26:20 [TestNG-test-OrangeHRM Test 1-2] WARN  BaseClass - This is an warning message
2026-09-11 18:26:20 [TestNG-test-OrangeHRM Test 1-2] INFO  ActionDriver - WebDriver instance is created for : ActionDriver
2026-09-11 18:26:20 [TestNG-test-OrangeHRM Test 1-2] INFO  BaseClass - ActionDriver Initialize form Thread 29
2026-09-11 18:26:20 [TestNG-test-OrangeHRM Test 1-2] INFO  ActionDriver - WebDriver instance is created for : ActionDriver
2026-09-11 18:26:20 [TestNG-test-OrangeHRM Test 1-2] INFO  ActionDriver - Maximized a Browser !
2026-09-11 18:26:20 [TestNG-test-OrangeHRM Test 1-3] INFO  ActionDriver - Clicked on element  ---> : Element with text: Login
2026-09-11 18:26:21 [TestNG-test-OrangeHRM Test 1-2] INFO  ActionDriver - Border applied on Element with name: username with color green
2026-09-11 18:26:21 [TestNG-test-OrangeHRM Test 1-2] INFO  ActionDriver - Value entered on Element with name: username is  orangehrm_chaker
2026-09-11 18:26:21 [TestNG-test-OrangeHRM Test 1-2] INFO  ActionDriver - Border applied on Element with name: password with color green
2026-09-11 18:26:22 [TestNG-test-OrangeHRM Test 1-3] INFO  ActionDriver - Actual Text : Invalid credentials match to | Expected Value: Invalid credentials
2026-09-11 18:26:22 [TestNG-test-OrangeHRM Test 1-5] INFO  BaseClass - WebDriver Initialized and Browser Opened and Maximized
2026-09-11 18:26:22 [TestNG-test-OrangeHRM Test 1-5] TRACE BaseClass - This is a trace message
2026-09-11 18:26:22 [TestNG-test-OrangeHRM Test 1-5] DEBUG BaseClass - This is a debug message
2026-09-11 18:26:22 [TestNG-test-OrangeHRM Test 1-5] WARN  BaseClass - This is an warning message
2026-09-11 18:26:22 [TestNG-test-OrangeHRM Test 1-5] INFO  ActionDriver - WebDriver instance is created for : ActionDriver
2026-09-11 18:26:22 [TestNG-test-OrangeHRM Test 1-5] INFO  BaseClass - ActionDriver Initialize form Thread 32
2026-09-11 18:26:22 [TestNG-test-OrangeHRM Test 1-5] INFO  ActionDriver - WebDriver instance is created for : ActionDriver
2026-09-11 18:26:22 [TestNG-test-OrangeHRM Test 1-2] INFO  ActionDriver - Value entered on Element with name: password is  AdminOrangeHRM12@!
2026-09-11 18:26:22 [TestNG-test-OrangeHRM Test 1-5] INFO  ActionDriver - Maximized a Browser !
2026-09-11 18:26:23 [TestNG-test-OrangeHRM Test 1-1] INFO  ActionDriver - Border applied on Element with text: PIM with color green
2026-09-11 18:26:23 [TestNG-test-OrangeHRM Test 1-5] INFO  ActionDriver - Border applied on Element with name: username with color green
2026-09-11 18:26:23 [TestNG-test-OrangeHRM Test 1-3] INFO  ActionDriver - Border applied on Element with text: Invalid credentials with color green
2026-09-11 18:26:23 [TestNG-test-OrangeHRM Test 1-2] INFO  ActionDriver - Border applied on Element with text: Login with color green
2026-09-11 18:26:23 [TestNG-test-OrangeHRM Test 1-5] INFO  ActionDriver - Value entered on Element with name: username is  orangehrm_chaker
2026-09-11 18:26:24 [TestNG-test-OrangeHRM Test 1-5] INFO  ActionDriver - Border applied on Element with name: password with color green
2026-09-11 18:26:24 [TestNG-test-OrangeHRM Test 1-5] INFO  ActionDriver - Value entered on Element with name: password is  AdminOrangeHRM12@!!
2026-09-11 18:26:24 [TestNG-test-OrangeHRM Test 1-5] INFO  ActionDriver - Border applied on Element with text: Login with color green
2026-09-11 18:26:25 [TestNG-test-OrangeHRM Test 1-5] INFO  ActionDriver - Clicked on element  ---> : Element with text: Login
2026-09-11 18:26:25 [TestNG-test-OrangeHRM Test 1-3] INFO  BaseClass - WebDriver instance is closed for :  DataLoginTest
2026-09-11 18:26:25 [TestNG-test-OrangeHRM Test 1-3] INFO  BaseClass - properties.config File Loaded successfully
2026-09-11 18:26:27 [TestNG-test-OrangeHRM Test 1-2] INFO  ActionDriver - Clicked on element  ---> : Element with text: Login
2026-09-11 18:26:31 [TestNG-test-OrangeHRM Test 1-3] INFO  BaseClass - ChromeDriver Instance Initialized successfully
2026-09-11 18:26:34 [TestNG-test-OrangeHRM Test 1-5] INFO  ActionDriver - Actual Text : Invalid credentials match to | Expected Value: Invalid credentials
2026-09-11 18:26:34 [TestNG-test-OrangeHRM Test 1-1] INFO  ActionDriver - Clicked on element  ---> : Element with text: PIM
2026-09-11 18:26:34 [TestNG-test-OrangeHRM Test 1-2] INFO  ActionDriver - Element : Unable to describe the element is displayed
2026-09-11 18:26:35 [TestNG-test-OrangeHRM Test 1-2] INFO  ActionDriver - Border applied on Unable to describe the element with color green
2026-09-11 18:26:35 [TestNG-test-OrangeHRM Test 1-5] INFO  ActionDriver - Border applied on Element with text: Invalid credentials with color green
2026-09-11 18:26:36 [TestNG-test-OrangeHRM Test 1-3] INFO  BaseClass - WebDriver Initialized and Browser Opened and Maximized
2026-09-11 18:26:36 [TestNG-test-OrangeHRM Test 1-3] TRACE BaseClass - This is a trace message
2026-09-11 18:26:36 [TestNG-test-OrangeHRM Test 1-3] DEBUG BaseClass - This is a debug message
2026-09-11 18:26:36 [TestNG-test-OrangeHRM Test 1-3] WARN  BaseClass - This is an warning message
2026-09-11 18:26:36 [TestNG-test-OrangeHRM Test 1-3] INFO  ActionDriver - WebDriver instance is created for : ActionDriver
2026-09-11 18:26:36 [TestNG-test-OrangeHRM Test 1-3] INFO  BaseClass - ActionDriver Initialize form Thread 30
2026-09-11 18:26:36 [TestNG-test-OrangeHRM Test 1-3] INFO  ActionDriver - WebDriver instance is created for : ActionDriver
2026-09-11 18:26:36 [TestNG-test-OrangeHRM Test 1-1] INFO  ActionDriver - Border applied on Element with placeholder: Type for hints... with color green
2026-09-11 18:26:36 [TestNG-test-OrangeHRM Test 1-3] INFO  ActionDriver - Maximized a Browser !
2026-09-11 18:26:36 [TestNG-test-OrangeHRM Test 1-1] INFO  ActionDriver - Value entered on Element with placeholder: Type for hints... is  alice
2026-09-11 18:26:37 [TestNG-test-OrangeHRM Test 1-3] INFO  ActionDriver - Border applied on Element with name: username with color green
2026-09-11 18:26:37 [TestNG-test-OrangeHRM Test 1-1] INFO  ActionDriver - Border applied on Element with text: Search with color green
2026-09-11 18:26:37 [TestNG-test-OrangeHRM Test 1-3] INFO  ActionDriver - Value entered on Element with name: username is  orangehrm_chaker
2026-09-11 18:26:37 [TestNG-test-OrangeHRM Test 1-1] INFO  ActionDriver - Clicked on element  ---> : Element with text: Search
2026-09-11 18:26:37 [TestNG-test-OrangeHRM Test 1-3] INFO  ActionDriver - Border applied on Element with name: password with color green
2026-09-11 18:26:37 [TestNG-test-OrangeHRM Test 1-3] INFO  ActionDriver - Value entered on Element with name: password is  AdminOrangeHRM12@!
2026-09-11 18:26:38 [TestNG-test-OrangeHRM Test 1-3] INFO  ActionDriver - Border applied on Element with text: Login with color green
2026-09-11 18:26:38 [TestNG-test-OrangeHRM Test 1-1] INFO  ActionDriver - Border applied on Element with text: Alice Marie with color green
2026-09-11 18:26:38 [TestNG-test-OrangeHRM Test 1-1] INFO  ActionDriver - Scrolled to element using JS : Element with text: Alice Marie
2026-09-11 18:26:38 [TestNG-test-OrangeHRM Test 1-1] INFO  DBConnection - Starting DB Connection ...
2026-09-11 18:26:39 [TestNG-test-OrangeHRM Test 1-1] INFO  DBConnection - DB Connection Successful ! 
2026-09-11 18:26:39 [TestNG-test-OrangeHRM Test 1-1] INFO  DBConnection - Executing query : SELECT emp_firstname, emp_middle_name, emp_lastname FROM hs_hr_employee WHERE employee_id = 3.0
2026-09-11 18:26:39 [TestNG-test-OrangeHRM Test 1-1] INFO  DBConnection - Query Executing Successfully !
2026-09-11 18:26:39 [TestNG-test-OrangeHRM Test 1-1] INFO  DBConnection - Employees Data Fetch : {firstName=Alice, lastName=Dubois, middleName=Marie}
2026-09-11 18:26:39 [TestNG-test-OrangeHRM Test 1-1] INFO  ActionDriver - Actual Text : Alice Marie match to | Expected Value: Alice Marie
2026-09-11 18:26:39 [TestNG-test-OrangeHRM Test 1-5] INFO  BaseClass - WebDriver instance is closed for :  LoginTest
2026-09-11 18:26:39 [TestNG-test-OrangeHRM Test 1-5] INFO  BaseClass - properties.config File Loaded successfully
2026-09-11 18:26:40 [TestNG-test-OrangeHRM Test 1-1] INFO  ActionDriver - Border applied on Element with text: Alice Marie with color green
2026-09-11 18:26:40 [TestNG-test-OrangeHRM Test 1-2] INFO  BaseClass - WebDriver instance is closed for :  HomeTest
2026-09-11 18:26:40 [TestNG-test-OrangeHRM Test 1-1] INFO  ActionDriver - Actual Text : Dubois match to | Expected Value: Dubois
2026-09-11 18:26:40 [TestNG-test-OrangeHRM Test 1-1] INFO  ActionDriver - Border applied on Element with text: Dubois with color green
2026-09-11 18:26:40 [TestNG-test-OrangeHRM Test 1-3] INFO  ActionDriver - Clicked on element  ---> : Element with text: Login
2026-09-11 18:26:43 [TestNG-test-OrangeHRM Test 1-5] INFO  BaseClass - ChromeDriver Instance Initialized successfully
2026-09-11 18:26:44 [TestNG-test-OrangeHRM Test 1-3] INFO  ActionDriver - Element : Element with text: Admin is displayed
2026-09-11 18:26:45 [TestNG-test-OrangeHRM Test 1-3] INFO  ActionDriver - Border applied on Element with text: Admin with color green
2026-09-11 18:26:45 [TestNG-test-OrangeHRM Test 1-3] INFO  ActionDriver - Border applied on Element with text: Chaker Ben Said with color green
2026-09-11 18:26:46 [TestNG-test-OrangeHRM Test 1-3] INFO  ActionDriver - Clicked on element  ---> : Element with text: Chaker Ben Said
2026-09-11 18:26:46 [TestNG-test-OrangeHRM Test 1-1] INFO  BaseClass - WebDriver instance is closed for :  DBVerificationTest
2026-09-11 18:26:46 [TestNG-test-OrangeHRM Test 1-3] INFO  ActionDriver - Border applied on Element with text: Logout with color green
2026-09-11 18:26:48 [TestNG-test-OrangeHRM Test 1-5] INFO  BaseClass - WebDriver Initialized and Browser Opened and Maximized
2026-09-11 18:26:48 [TestNG-test-OrangeHRM Test 1-5] TRACE BaseClass - This is a trace message
2026-09-11 18:26:48 [TestNG-test-OrangeHRM Test 1-5] DEBUG BaseClass - This is a debug message
2026-09-11 18:26:48 [TestNG-test-OrangeHRM Test 1-5] WARN  BaseClass - This is an warning message
2026-09-11 18:26:48 [TestNG-test-OrangeHRM Test 1-5] INFO  ActionDriver - WebDriver instance is created for : ActionDriver
2026-09-11 18:26:48 [TestNG-test-OrangeHRM Test 1-5] INFO  BaseClass - ActionDriver Initialize form Thread 32
2026-09-11 18:26:48 [TestNG-test-OrangeHRM Test 1-5] INFO  ActionDriver - WebDriver instance is created for : ActionDriver
2026-09-11 18:26:48 [TestNG-test-OrangeHRM Test 1-5] INFO  ActionDriver - Maximized a Browser !
2026-09-11 18:26:48 [TestNG-test-OrangeHRM Test 1-3] INFO  ActionDriver - Clicked on element  ---> : Element with text: Logout
2026-09-11 18:26:48 [TestNG-test-OrangeHRM Test 1-5] INFO  ActionDriver - Border applied on Element with name: username with color green
2026-09-11 18:26:48 [TestNG-test-OrangeHRM Test 1-5] INFO  ActionDriver - Value entered on Element with name: username is  orangehrm_chaker
2026-09-11 18:26:48 [TestNG-test-OrangeHRM Test 1-5] INFO  ActionDriver - Border applied on Element with name: password with color green
2026-09-11 18:26:48 [TestNG-test-OrangeHRM Test 1-5] INFO  ActionDriver - Value entered on Element with name: password is  AdminOrangeHRM12@!
2026-09-11 18:26:49 [TestNG-test-OrangeHRM Test 1-5] INFO  ActionDriver - Border applied on Element with text: Login with color green
2026-09-11 18:26:49 [TestNG-test-OrangeHRM Test 1-5] INFO  ActionDriver - Clicked on element  ---> : Element with text: Login
2026-09-11 18:26:50 [TestNG-test-OrangeHRM Test 1-3] INFO  BaseClass - WebDriver instance is closed for :  DataLoginTest
2026-09-11 18:26:51 [TestNG-test-OrangeHRM Test 1-5] INFO  ActionDriver - Element : Element with text: Admin is displayed
2026-09-11 18:26:51 [TestNG-test-OrangeHRM Test 1-5] INFO  ActionDriver - Border applied on Element with text: Admin with color green
2026-09-11 18:26:51 [TestNG-test-OrangeHRM Test 1-5] INFO  ActionDriver - Border applied on Element with text: Chaker Ben Said with color green
2026-09-11 18:26:51 [TestNG-test-OrangeHRM Test 1-5] INFO  ActionDriver - Clicked on element  ---> : Element with text: Chaker Ben Said
2026-09-11 18:26:52 [TestNG-test-OrangeHRM Test 1-5] INFO  ActionDriver - Border applied on Element with text: Logout with color green
2026-09-11 18:26:54 [TestNG-test-OrangeHRM Test 1-5] INFO  ActionDriver - Clicked on element  ---> : Element with text: Logout
2026-09-11 18:26:56 [TestNG-test-OrangeHRM Test 1-5] INFO  BaseClass - WebDriver instance is closed for :  LoginTest
2026-09-14 10:05:42 [TestNG-test-OrangeHRM Test 1-4] INFO  BaseClass - properties.config File Loaded successfully
2026-09-14 10:05:42 [TestNG-test-OrangeHRM Test 1-5] INFO  BaseClass - properties.config File Loaded successfully
2026-09-14 10:05:44 [TestNG-test-OrangeHRM Test 1-1] INFO  BaseClass - properties.config File Loaded successfully
2026-09-14 10:05:44 [TestNG-test-OrangeHRM Test 1-3] INFO  BaseClass - properties.config File Loaded successfully
2026-09-14 10:05:50 [TestNG-test-OrangeHRM Test 1-2] INFO  BaseClass - properties.config File Loaded successfully
2026-09-14 10:06:14 [TestNG-test-OrangeHRM Test 1-3] INFO  BaseClass - ChromeDriver Instance Initialized successfully
2026-09-14 10:06:14 [TestNG-test-OrangeHRM Test 1-5] INFO  BaseClass - ChromeDriver Instance Initialized successfully
2026-09-14 10:06:19 [TestNG-test-OrangeHRM Test 1-2] INFO  BaseClass - ChromeDriver Instance Initialized successfully
2026-09-14 10:06:20 [TestNG-test-OrangeHRM Test 1-1] INFO  BaseClass - ChromeDriver Instance Initialized successfully
2026-09-14 10:06:20 [TestNG-test-OrangeHRM Test 1-4] INFO  BaseClass - ChromeDriver Instance Initialized successfully
2026-09-14 10:06:35 [TestNG-test-OrangeHRM Test 1-2] INFO  BaseClass - WebDriver Initialized and Browser Opened and Maximized
2026-09-14 10:06:35 [TestNG-test-OrangeHRM Test 1-2] TRACE BaseClass - This is a trace message
2026-09-14 10:06:35 [TestNG-test-OrangeHRM Test 1-3] INFO  BaseClass - WebDriver Initialized and Browser Opened and Maximized
2026-09-14 10:06:35 [TestNG-test-OrangeHRM Test 1-2] DEBUG BaseClass - This is a debug message
2026-09-14 10:06:35 [TestNG-test-OrangeHRM Test 1-3] TRACE BaseClass - This is a trace message
2026-09-14 10:06:35 [TestNG-test-OrangeHRM Test 1-2] WARN  BaseClass - This is an warning message
2026-09-14 10:06:35 [TestNG-test-OrangeHRM Test 1-3] DEBUG BaseClass - This is a debug message
2026-09-14 10:06:35 [TestNG-test-OrangeHRM Test 1-3] WARN  BaseClass - This is an warning message
2026-09-14 10:06:35 [TestNG-test-OrangeHRM Test 1-2] INFO  ActionDriver - WebDriver instance is created for : ActionDriver
2026-09-14 10:06:35 [TestNG-test-OrangeHRM Test 1-3] INFO  ActionDriver - WebDriver instance is created for : ActionDriver
2026-09-14 10:06:35 [TestNG-test-OrangeHRM Test 1-2] INFO  BaseClass - ActionDriver Initialize form Thread 28
2026-09-14 10:06:35 [TestNG-test-OrangeHRM Test 1-3] INFO  BaseClass - ActionDriver Initialize form Thread 29
2026-09-14 10:06:35 [TestNG-test-OrangeHRM Test 1-3] INFO  ActionDriver - WebDriver instance is created for : ActionDriver
2026-09-14 10:06:35 [TestNG-test-OrangeHRM Test 1-2] INFO  ActionDriver - WebDriver instance is created for : ActionDriver
2026-09-14 10:06:35 [TestNG-test-OrangeHRM Test 1-1] INFO  BaseClass - WebDriver Initialized and Browser Opened and Maximized
2026-09-14 10:06:35 [TestNG-test-OrangeHRM Test 1-1] TRACE BaseClass - This is a trace message
2026-09-14 10:06:35 [TestNG-test-OrangeHRM Test 1-1] DEBUG BaseClass - This is a debug message
2026-09-14 10:06:35 [TestNG-test-OrangeHRM Test 1-1] WARN  BaseClass - This is an warning message
2026-09-14 10:06:35 [TestNG-test-OrangeHRM Test 1-1] INFO  ActionDriver - WebDriver instance is created for : ActionDriver
2026-09-14 10:06:35 [TestNG-test-OrangeHRM Test 1-1] INFO  BaseClass - ActionDriver Initialize form Thread 27
2026-09-14 10:06:35 [TestNG-test-OrangeHRM Test 1-1] INFO  ActionDriver - WebDriver instance is created for : ActionDriver
2026-09-14 10:06:35 [TestNG-test-OrangeHRM Test 1-4] INFO  BaseClass - WebDriver Initialized and Browser Opened and Maximized
2026-09-14 10:06:35 [TestNG-test-OrangeHRM Test 1-4] TRACE BaseClass - This is a trace message
2026-09-14 10:06:35 [TestNG-test-OrangeHRM Test 1-4] DEBUG BaseClass - This is a debug message
2026-09-14 10:06:35 [TestNG-test-OrangeHRM Test 1-4] WARN  BaseClass - This is an warning message
2026-09-14 10:06:35 [TestNG-test-OrangeHRM Test 1-4] INFO  ActionDriver - WebDriver instance is created for : ActionDriver
2026-09-14 10:06:35 [TestNG-test-OrangeHRM Test 1-4] INFO  BaseClass - ActionDriver Initialize form Thread 30
2026-09-14 10:06:35 [TestNG-test-OrangeHRM Test 1-4] INFO  ActionDriver - WebDriver instance is created for : ActionDriver
2026-09-14 10:06:35 [TestNG-test-OrangeHRM Test 1-5] INFO  BaseClass - WebDriver Initialized and Browser Opened and Maximized
2026-09-14 10:06:35 [TestNG-test-OrangeHRM Test 1-5] TRACE BaseClass - This is a trace message
2026-09-14 10:06:35 [TestNG-test-OrangeHRM Test 1-5] DEBUG BaseClass - This is a debug message
2026-09-14 10:06:36 [TestNG-test-OrangeHRM Test 1-4] INFO  ActionDriver - Maximized a Browser !
2026-09-14 10:06:36 [TestNG-test-OrangeHRM Test 1-2] INFO  ActionDriver - Maximized a Browser !
2026-09-14 10:06:50 [TestNG-test-OrangeHRM Test 1-5] WARN  BaseClass - This is an warning message
2026-09-14 10:06:36 [TestNG-test-OrangeHRM Test 1-3] INFO  ActionDriver - Maximized a Browser !
2026-09-14 10:06:36 [TestNG-test-OrangeHRM Test 1-1] INFO  ActionDriver - Maximized a Browser !
2026-09-14 10:06:50 [TestNG-test-OrangeHRM Test 1-5] INFO  ActionDriver - WebDriver instance is created for : ActionDriver
2026-09-14 10:06:50 [TestNG-test-OrangeHRM Test 1-5] INFO  BaseClass - ActionDriver Initialize form Thread 31
2026-09-14 10:06:50 [TestNG-test-OrangeHRM Test 1-5] INFO  ActionDriver - WebDriver instance is created for : ActionDriver
2026-09-14 10:06:50 [TestNG-test-OrangeHRM Test 1-5] INFO  ActionDriver - Maximized a Browser !
2026-09-14 10:06:52 [TestNG-test-OrangeHRM Test 1-1] INFO  ActionDriver - Border applied on Element with name: username with color green
2026-09-14 10:06:52 [TestNG-test-OrangeHRM Test 1-2] INFO  ActionDriver - Border applied on Element with name: username with color green
2026-09-14 10:06:52 [TestNG-test-OrangeHRM Test 1-3] INFO  ActionDriver - Border applied on Element with name: username with color green
2026-09-14 10:06:52 [TestNG-test-OrangeHRM Test 1-2] INFO  ActionDriver - Value entered on Element with name: username is  orangehrm_chaker
2026-09-14 10:06:52 [TestNG-test-OrangeHRM Test 1-1] INFO  ActionDriver - Value entered on Element with name: username is  orangehrm_chaker
2026-09-14 10:06:52 [TestNG-test-OrangeHRM Test 1-3] INFO  ActionDriver - Value entered on Element with name: username is  orangehrm_chaker
2026-09-14 10:06:53 [TestNG-test-OrangeHRM Test 1-1] INFO  ActionDriver - Border applied on Element with name: password with color green
2026-09-14 10:06:53 [TestNG-test-OrangeHRM Test 1-3] INFO  ActionDriver - Border applied on Element with name: password with color green
2026-09-14 10:06:53 [TestNG-test-OrangeHRM Test 1-2] INFO  ActionDriver - Border applied on Element with name: password with color green
2026-09-14 10:06:53 [TestNG-test-OrangeHRM Test 1-1] INFO  ActionDriver - Value entered on Element with name: password is  AdminOrangeHRM12@!
2026-09-14 10:06:53 [TestNG-test-OrangeHRM Test 1-3] INFO  ActionDriver - Value entered on Element with name: password is  AdminOrangeHRM12@!!
2026-09-14 10:06:53 [TestNG-test-OrangeHRM Test 1-2] INFO  ActionDriver - Value entered on Element with name: password is  AdminOrangeHRM12@!
2026-09-14 10:06:54 [TestNG-test-OrangeHRM Test 1-1] INFO  ActionDriver - Border applied on Element with text: Login with color green
2026-09-14 10:06:54 [TestNG-test-OrangeHRM Test 1-2] INFO  ActionDriver - Border applied on Element with text: Login with color green
2026-09-14 10:06:54 [TestNG-test-OrangeHRM Test 1-3] INFO  ActionDriver - Border applied on Element with text: Login with color green
2026-09-14 10:06:58 [TestNG-test-OrangeHRM Test 1-3] INFO  ActionDriver - Clicked on element  ---> : Element with text: Login
2026-09-14 10:07:01 [TestNG-test-OrangeHRM Test 1-3] INFO  ActionDriver - Actual Text : Invalid credentials match to | Expected Value: Invalid credentials
2026-09-14 10:07:01 [TestNG-test-OrangeHRM Test 1-3] INFO  ActionDriver - Border applied on Element with text: Invalid credentials with color green
2026-09-14 10:07:03 [TestNG-test-OrangeHRM Test 1-1] INFO  ActionDriver - Clicked on element  ---> : Element with text: Login
2026-09-14 10:07:04 [TestNG-test-OrangeHRM Test 1-2] INFO  ActionDriver - Clicked on element  ---> : Element with text: Login
2026-09-14 10:07:07 [TestNG-test-OrangeHRM Test 1-5] INFO  BaseClass - WebDriver instance is closed for :  DummyClass2
2026-09-14 10:07:07 [TestNG-test-OrangeHRM Test 1-5] INFO  BaseClass - properties.config File Loaded successfully
2026-09-14 10:07:08 [TestNG-test-OrangeHRM Test 1-1] INFO  ActionDriver - Border applied on Element with class: oxd-text oxd-text--span oxd-main-menu-item--name with color green
2026-09-14 10:07:09 [TestNG-test-OrangeHRM Test 1-3] INFO  BaseClass - WebDriver instance is closed for :  DataLoginTest
2026-09-14 10:07:09 [TestNG-test-OrangeHRM Test 1-3] INFO  BaseClass - properties.config File Loaded successfully
2026-09-14 10:07:13 [TestNG-test-OrangeHRM Test 1-5] INFO  BaseClass - ChromeDriver Instance Initialized successfully
2026-09-14 10:07:16 [TestNG-test-OrangeHRM Test 1-4] INFO  BaseClass - WebDriver instance is closed for :  DummyClass
2026-09-14 10:07:16 [TestNG-test-OrangeHRM Test 1-3] INFO  BaseClass - ChromeDriver Instance Initialized successfully
2026-09-14 10:07:25 [TestNG-test-OrangeHRM Test 1-3] INFO  BaseClass - WebDriver Initialized and Browser Opened and Maximized
2026-09-14 10:07:25 [TestNG-test-OrangeHRM Test 1-3] TRACE BaseClass - This is a trace message
2026-09-14 10:07:25 [TestNG-test-OrangeHRM Test 1-3] DEBUG BaseClass - This is a debug message
2026-09-14 10:07:25 [TestNG-test-OrangeHRM Test 1-3] WARN  BaseClass - This is an warning message
2026-09-14 10:07:25 [TestNG-test-OrangeHRM Test 1-3] INFO  ActionDriver - WebDriver instance is created for : ActionDriver
2026-09-14 10:07:25 [TestNG-test-OrangeHRM Test 1-3] INFO  BaseClass - ActionDriver Initialize form Thread 29
2026-09-14 10:07:25 [TestNG-test-OrangeHRM Test 1-3] INFO  ActionDriver - WebDriver instance is created for : ActionDriver
2026-09-14 10:07:25 [TestNG-test-OrangeHRM Test 1-3] INFO  ActionDriver - Maximized a Browser !
2026-09-14 10:07:25 [TestNG-test-OrangeHRM Test 1-5] INFO  BaseClass - WebDriver Initialized and Browser Opened and Maximized
2026-09-14 10:07:25 [TestNG-test-OrangeHRM Test 1-5] TRACE BaseClass - This is a trace message
2026-09-14 10:07:25 [TestNG-test-OrangeHRM Test 1-5] DEBUG BaseClass - This is a debug message
2026-09-14 10:07:25 [TestNG-test-OrangeHRM Test 1-5] WARN  BaseClass - This is an warning message
2026-09-14 10:07:25 [TestNG-test-OrangeHRM Test 1-5] INFO  ActionDriver - WebDriver instance is created for : ActionDriver
2026-09-14 10:07:25 [TestNG-test-OrangeHRM Test 1-5] INFO  BaseClass - ActionDriver Initialize form Thread 31
2026-09-14 10:07:25 [TestNG-test-OrangeHRM Test 1-5] INFO  ActionDriver - WebDriver instance is created for : ActionDriver
2026-09-14 10:07:25 [TestNG-test-OrangeHRM Test 1-5] INFO  ActionDriver - Maximized a Browser !
2026-09-14 10:07:25 [TestNG-test-OrangeHRM Test 1-3] INFO  ActionDriver - Border applied on Element with name: username with color green
2026-09-14 10:07:25 [TestNG-test-OrangeHRM Test 1-5] INFO  ActionDriver - Border applied on Element with name: username with color green
2026-09-14 10:07:25 [TestNG-test-OrangeHRM Test 1-3] INFO  ActionDriver - Value entered on Element with name: username is  orangehrm_chaker
2026-09-14 10:07:26 [TestNG-test-OrangeHRM Test 1-5] INFO  ActionDriver - Value entered on Element with name: username is  orangehrm_chaker
2026-09-14 10:07:26 [TestNG-test-OrangeHRM Test 1-5] INFO  ActionDriver - Border applied on Element with name: password with color green
2026-09-14 10:07:26 [TestNG-test-OrangeHRM Test 1-3] INFO  ActionDriver - Border applied on Element with name: password with color green
2026-09-14 10:07:27 [TestNG-test-OrangeHRM Test 1-5] INFO  ActionDriver - Value entered on Element with name: password is  AdminOrangeHRM12@!!
2026-09-14 10:07:27 [TestNG-test-OrangeHRM Test 1-3] INFO  ActionDriver - Value entered on Element with name: password is  AdminOrangeHRM12@!
2026-09-14 10:07:27 [TestNG-test-OrangeHRM Test 1-5] INFO  ActionDriver - Border applied on Element with text: Login with color green
2026-09-14 10:07:27 [TestNG-test-OrangeHRM Test 1-3] INFO  ActionDriver - Border applied on Element with text: Login with color green
2026-09-14 10:07:33 [TestNG-test-OrangeHRM Test 1-2] INFO  ActionDriver - Element : Unable to describe the element is not displayed
2026-09-14 10:07:33 [TestNG-test-OrangeHRM Test 1-5] INFO  ActionDriver - Clicked on element  ---> : Element with text: Login
2026-09-14 10:07:33 [TestNG-test-OrangeHRM Test 1-2] INFO  ActionDriver - Border applied on Unable to describe the element with color red
2026-09-14 10:07:35 [TestNG-test-OrangeHRM Test 1-5] INFO  ActionDriver - Actual Text : Invalid credentials match to | Expected Value: Invalid credentials
2026-09-14 10:07:38 [TestNG-test-OrangeHRM Test 1-5] INFO  ActionDriver - Border applied on Element with text: Invalid credentials with color green
2026-09-14 10:07:39 [TestNG-test-OrangeHRM Test 1-3] INFO  ActionDriver - Clicked on element  ---> : Element with text: Login
2026-09-14 10:07:40 [TestNG-test-OrangeHRM Test 1-5] INFO  BaseClass - WebDriver instance is closed for :  LoginTest
2026-09-14 10:07:40 [TestNG-test-OrangeHRM Test 1-5] INFO  BaseClass - properties.config File Loaded successfully
2026-09-14 10:07:41 [TestNG-test-OrangeHRM Test 1-2] INFO  BaseClass - WebDriver instance is closed for :  HomeTest
2026-09-14 10:07:41 [TestNG-test-OrangeHRM Test 1-2] INFO  BaseClass - properties.config File Loaded successfully
2026-09-14 10:07:43 [TestNG-test-OrangeHRM Test 1-5] INFO  BaseClass - ChromeDriver Instance Initialized successfully
2026-09-14 10:07:46 [TestNG-test-OrangeHRM Test 1-2] INFO  BaseClass - ChromeDriver Instance Initialized successfully
2026-09-14 10:07:48 [TestNG-test-OrangeHRM Test 1-5] INFO  BaseClass - WebDriver Initialized and Browser Opened and Maximized
2026-09-14 10:07:48 [TestNG-test-OrangeHRM Test 1-5] TRACE BaseClass - This is a trace message
2026-09-14 10:07:48 [TestNG-test-OrangeHRM Test 1-5] DEBUG BaseClass - This is a debug message
2026-09-14 10:07:48 [TestNG-test-OrangeHRM Test 1-5] WARN  BaseClass - This is an warning message
2026-09-14 10:07:48 [TestNG-test-OrangeHRM Test 1-5] INFO  ActionDriver - WebDriver instance is created for : ActionDriver
2026-09-14 10:07:48 [TestNG-test-OrangeHRM Test 1-5] INFO  BaseClass - ActionDriver Initialize form Thread 31
2026-09-14 10:07:48 [TestNG-test-OrangeHRM Test 1-5] INFO  ActionDriver - WebDriver instance is created for : ActionDriver
2026-09-14 10:07:48 [TestNG-test-OrangeHRM Test 1-5] INFO  ActionDriver - Maximized a Browser !
2026-09-14 10:07:49 [TestNG-test-OrangeHRM Test 1-1] INFO  ActionDriver - Border applied on Element with class: oxd-text oxd-text--span oxd-main-menu-item--name with color red
2026-09-14 10:07:49 [TestNG-test-OrangeHRM Test 1-5] INFO  ActionDriver - Border applied on Element with name: username with color green
2026-09-14 10:07:50 [TestNG-test-OrangeHRM Test 1-5] INFO  ActionDriver - Value entered on Element with name: username is  orangehrm_chaker
2026-09-14 10:07:50 [TestNG-test-OrangeHRM Test 1-5] INFO  ActionDriver - Border applied on Element with name: password with color green
2026-09-14 10:07:50 [TestNG-test-OrangeHRM Test 1-5] INFO  ActionDriver - Value entered on Element with name: password is  AdminOrangeHRM12@!
2026-09-14 10:07:50 [TestNG-test-OrangeHRM Test 1-2] INFO  BaseClass - WebDriver Initialized and Browser Opened and Maximized
2026-09-14 10:07:50 [TestNG-test-OrangeHRM Test 1-2] TRACE BaseClass - This is a trace message
2026-09-14 10:07:50 [TestNG-test-OrangeHRM Test 1-2] DEBUG BaseClass - This is a debug message
2026-09-14 10:07:50 [TestNG-test-OrangeHRM Test 1-2] WARN  BaseClass - This is an warning message
2026-09-14 10:07:50 [TestNG-test-OrangeHRM Test 1-2] INFO  ActionDriver - WebDriver instance is created for : ActionDriver
2026-09-14 10:07:50 [TestNG-test-OrangeHRM Test 1-2] INFO  BaseClass - ActionDriver Initialize form Thread 28
2026-09-14 10:07:50 [TestNG-test-OrangeHRM Test 1-2] INFO  ActionDriver - WebDriver instance is created for : ActionDriver
2026-09-14 10:07:50 [TestNG-test-OrangeHRM Test 1-2] INFO  ActionDriver - Maximized a Browser !
2026-09-14 10:07:51 [TestNG-test-OrangeHRM Test 1-5] INFO  ActionDriver - Border applied on Element with text: Login with color green
2026-09-14 10:07:51 [TestNG-test-OrangeHRM Test 1-2] INFO  ActionDriver - Border applied on Element with name: username with color green
2026-09-14 10:07:51 [TestNG-test-OrangeHRM Test 1-5] INFO  ActionDriver - Clicked on element  ---> : Element with text: Login
2026-09-14 10:07:51 [TestNG-test-OrangeHRM Test 1-2] INFO  ActionDriver - Value entered on Element with name: username is  orangehrm_chaker
2026-09-14 10:07:51 [TestNG-test-OrangeHRM Test 1-2] INFO  ActionDriver - Border applied on Element with name: password with color green
2026-09-14 10:07:51 [TestNG-test-OrangeHRM Test 1-2] INFO  ActionDriver - Value entered on Element with name: password is  AdminOrangeHRM12@!
2026-09-14 10:07:51 [TestNG-test-OrangeHRM Test 1-2] INFO  ActionDriver - Border applied on Element with text: Login with color green
2026-09-14 10:07:53 [TestNG-test-OrangeHRM Test 1-2] INFO  ActionDriver - Clicked on element  ---> : Element with text: Login
2026-09-14 10:08:07 [TestNG-test-OrangeHRM Test 1-3] INFO  ActionDriver - Element : Element with class: oxd-text oxd-text--span oxd-main-menu-item--name is not displayed
2026-09-14 10:08:07 [TestNG-test-OrangeHRM Test 1-3] INFO  ActionDriver - Border applied on Element with class: oxd-text oxd-text--span oxd-main-menu-item--name with color red
2026-09-14 10:08:07 [TestNG-test-OrangeHRM Test 1-3] INFO  BaseClass - WebDriver instance is closed for :  DataLoginTest
2026-09-14 10:08:07 [TestNG-test-OrangeHRM Test 1-3] INFO  BaseClass - properties.config File Loaded successfully
2026-09-14 10:08:10 [TestNG-test-OrangeHRM Test 1-3] INFO  BaseClass - ChromeDriver Instance Initialized successfully
2026-09-14 10:08:13 [TestNG-test-OrangeHRM Test 1-3] INFO  BaseClass - WebDriver Initialized and Browser Opened and Maximized
2026-09-14 10:08:13 [TestNG-test-OrangeHRM Test 1-3] TRACE BaseClass - This is a trace message
2026-09-14 10:08:13 [TestNG-test-OrangeHRM Test 1-3] DEBUG BaseClass - This is a debug message
2026-09-14 10:08:13 [TestNG-test-OrangeHRM Test 1-3] WARN  BaseClass - This is an warning message
2026-09-14 10:08:13 [TestNG-test-OrangeHRM Test 1-3] INFO  ActionDriver - WebDriver instance is created for : ActionDriver
2026-09-14 10:08:13 [TestNG-test-OrangeHRM Test 1-3] INFO  BaseClass - ActionDriver Initialize form Thread 29
2026-09-14 10:08:13 [TestNG-test-OrangeHRM Test 1-3] INFO  ActionDriver - WebDriver instance is created for : ActionDriver
2026-09-14 10:08:14 [TestNG-test-OrangeHRM Test 1-3] INFO  ActionDriver - Maximized a Browser !
2026-09-14 10:08:16 [TestNG-test-OrangeHRM Test 1-3] INFO  ActionDriver - Border applied on Element with name: username with color green
2026-09-14 10:08:16 [TestNG-test-OrangeHRM Test 1-3] INFO  ActionDriver - Value entered on Element with name: username is  orangehrm_chaker
2026-09-14 10:08:16 [TestNG-test-OrangeHRM Test 1-3] INFO  ActionDriver - Border applied on Element with name: password with color green
2026-09-14 10:08:16 [TestNG-test-OrangeHRM Test 1-3] INFO  ActionDriver - Value entered on Element with name: password is  AdminOrangeHRM12@!
2026-09-14 10:08:16 [TestNG-test-OrangeHRM Test 1-3] INFO  ActionDriver - Border applied on Element with text: Login with color green
2026-09-14 10:08:17 [TestNG-test-OrangeHRM Test 1-3] INFO  ActionDriver - Clicked on element  ---> : Element with text: Login
2026-09-14 10:08:19 [TestNG-test-OrangeHRM Test 1-5] INFO  ActionDriver - Element : Element with class: oxd-text oxd-text--span oxd-main-menu-item--name is not displayed
2026-09-14 10:08:19 [TestNG-test-OrangeHRM Test 1-5] INFO  ActionDriver - Border applied on Element with class: oxd-text oxd-text--span oxd-main-menu-item--name with color red
2026-09-14 10:08:21 [TestNG-test-OrangeHRM Test 1-2] INFO  ActionDriver - Element : Unable to describe the element is not displayed
2026-09-14 10:08:21 [TestNG-test-OrangeHRM Test 1-2] INFO  ActionDriver - Border applied on Unable to describe the element with color red
2026-09-14 10:08:22 [TestNG-test-OrangeHRM Test 1-5] INFO  BaseClass - WebDriver instance is closed for :  LoginTest
2026-09-14 10:08:22 [TestNG-test-OrangeHRM Test 1-5] INFO  BaseClass - properties.config File Loaded successfully
2026-09-14 10:08:22 [TestNG-test-OrangeHRM Test 1-2] INFO  BaseClass - WebDriver instance is closed for :  HomeTest
2026-09-14 10:08:22 [TestNG-test-OrangeHRM Test 1-2] INFO  BaseClass - properties.config File Loaded successfully
2026-09-14 10:08:27 [TestNG-test-OrangeHRM Test 1-2] INFO  BaseClass - ChromeDriver Instance Initialized successfully
2026-09-14 10:08:28 [TestNG-test-OrangeHRM Test 1-5] INFO  BaseClass - ChromeDriver Instance Initialized successfully
2026-09-14 10:08:32 [TestNG-test-OrangeHRM Test 1-2] INFO  BaseClass - WebDriver Initialized and Browser Opened and Maximized
2026-09-14 10:08:32 [TestNG-test-OrangeHRM Test 1-2] TRACE BaseClass - This is a trace message
2026-09-14 10:08:32 [TestNG-test-OrangeHRM Test 1-2] DEBUG BaseClass - This is a debug message
2026-09-14 10:08:32 [TestNG-test-OrangeHRM Test 1-2] WARN  BaseClass - This is an warning message
2026-09-14 10:08:32 [TestNG-test-OrangeHRM Test 1-2] INFO  ActionDriver - WebDriver instance is created for : ActionDriver
2026-09-14 10:08:32 [TestNG-test-OrangeHRM Test 1-2] INFO  BaseClass - ActionDriver Initialize form Thread 28
2026-09-14 10:08:32 [TestNG-test-OrangeHRM Test 1-2] INFO  ActionDriver - WebDriver instance is created for : ActionDriver
2026-09-14 10:08:32 [TestNG-test-OrangeHRM Test 1-2] INFO  ActionDriver - Maximized a Browser !
2026-09-14 10:08:32 [TestNG-test-OrangeHRM Test 1-5] INFO  BaseClass - WebDriver Initialized and Browser Opened and Maximized
2026-09-14 10:08:32 [TestNG-test-OrangeHRM Test 1-5] TRACE BaseClass - This is a trace message
2026-09-14 10:08:32 [TestNG-test-OrangeHRM Test 1-5] DEBUG BaseClass - This is a debug message
2026-09-14 10:08:32 [TestNG-test-OrangeHRM Test 1-5] WARN  BaseClass - This is an warning message
2026-09-14 10:08:32 [TestNG-test-OrangeHRM Test 1-5] INFO  ActionDriver - WebDriver instance is created for : ActionDriver
2026-09-14 10:08:32 [TestNG-test-OrangeHRM Test 1-5] INFO  BaseClass - ActionDriver Initialize form Thread 31
2026-09-14 10:08:32 [TestNG-test-OrangeHRM Test 1-5] INFO  ActionDriver - WebDriver instance is created for : ActionDriver
2026-09-14 10:08:32 [TestNG-test-OrangeHRM Test 1-5] INFO  ActionDriver - Maximized a Browser !
2026-09-14 10:08:32 [TestNG-test-OrangeHRM Test 1-2] INFO  ActionDriver - Border applied on Element with name: username with color green
2026-09-14 10:08:33 [TestNG-test-OrangeHRM Test 1-5] INFO  ActionDriver - Border applied on Element with name: username with color green
2026-09-14 10:08:33 [TestNG-test-OrangeHRM Test 1-2] INFO  ActionDriver - Value entered on Element with name: username is  orangehrm_chaker
2026-09-14 10:08:33 [TestNG-test-OrangeHRM Test 1-5] INFO  ActionDriver - Value entered on Element with name: username is  orangehrm_chaker
2026-09-14 10:08:33 [TestNG-test-OrangeHRM Test 1-5] INFO  ActionDriver - Border applied on Element with name: password with color green
2026-09-14 10:08:33 [TestNG-test-OrangeHRM Test 1-2] INFO  ActionDriver - Border applied on Element with name: password with color green
2026-09-14 10:08:33 [TestNG-test-OrangeHRM Test 1-2] INFO  ActionDriver - Value entered on Element with name: password is  AdminOrangeHRM12@!
2026-09-14 10:08:33 [TestNG-test-OrangeHRM Test 1-5] INFO  ActionDriver - Value entered on Element with name: password is  AdminOrangeHRM12@!
2026-09-14 10:08:34 [TestNG-test-OrangeHRM Test 1-2] INFO  ActionDriver - Border applied on Element with text: Login with color green
2026-09-14 10:08:34 [TestNG-test-OrangeHRM Test 1-5] INFO  ActionDriver - Border applied on Element with text: Login with color green
2026-09-14 10:08:38 [TestNG-test-OrangeHRM Test 1-5] INFO  ActionDriver - Clicked on element  ---> : Element with text: Login
2026-09-14 10:08:38 [TestNG-test-OrangeHRM Test 1-2] INFO  ActionDriver - Clicked on element  ---> : Element with text: Login
2026-09-14 10:08:47 [TestNG-test-OrangeHRM Test 1-3] INFO  ActionDriver - Element : Element with class: oxd-text oxd-text--span oxd-main-menu-item--name is not displayed
2026-09-14 10:08:47 [TestNG-test-OrangeHRM Test 1-3] INFO  ActionDriver - Border applied on Element with class: oxd-text oxd-text--span oxd-main-menu-item--name with color red
2026-09-14 10:08:50 [TestNG-test-OrangeHRM Test 1-3] INFO  BaseClass - WebDriver instance is closed for :  DataLoginTest
2026-09-14 10:08:50 [TestNG-test-OrangeHRM Test 1-3] INFO  BaseClass - properties.config File Loaded successfully
2026-09-14 10:08:52 [TestNG-test-OrangeHRM Test 1-3] INFO  BaseClass - ChromeDriver Instance Initialized successfully
2026-09-14 10:08:55 [TestNG-test-OrangeHRM Test 1-3] INFO  BaseClass - WebDriver Initialized and Browser Opened and Maximized
2026-09-14 10:08:55 [TestNG-test-OrangeHRM Test 1-3] TRACE BaseClass - This is a trace message
2026-09-14 10:08:55 [TestNG-test-OrangeHRM Test 1-3] DEBUG BaseClass - This is a debug message
2026-09-14 10:08:55 [TestNG-test-OrangeHRM Test 1-3] WARN  BaseClass - This is an warning message
2026-09-14 10:08:55 [TestNG-test-OrangeHRM Test 1-3] INFO  ActionDriver - WebDriver instance is created for : ActionDriver
2026-09-14 10:08:55 [TestNG-test-OrangeHRM Test 1-3] INFO  BaseClass - ActionDriver Initialize form Thread 29
2026-09-14 10:08:55 [TestNG-test-OrangeHRM Test 1-3] INFO  ActionDriver - WebDriver instance is created for : ActionDriver
2026-09-14 10:08:55 [TestNG-test-OrangeHRM Test 1-3] INFO  ActionDriver - Maximized a Browser !
2026-09-14 10:08:55 [TestNG-test-OrangeHRM Test 1-3] INFO  ActionDriver - Border applied on Element with name: username with color green
2026-09-14 10:08:56 [TestNG-test-OrangeHRM Test 1-3] INFO  ActionDriver - Value entered on Element with name: username is  orangehrm_chaker
2026-09-14 10:08:56 [TestNG-test-OrangeHRM Test 1-3] INFO  ActionDriver - Border applied on Element with name: password with color green
2026-09-14 10:08:56 [TestNG-test-OrangeHRM Test 1-3] INFO  ActionDriver - Value entered on Element with name: password is  AdminOrangeHRM12@!
2026-09-14 10:08:56 [TestNG-test-OrangeHRM Test 1-3] INFO  ActionDriver - Border applied on Element with text: Login with color green
2026-09-14 10:08:56 [TestNG-test-OrangeHRM Test 1-3] INFO  ActionDriver - Clicked on element  ---> : Element with text: Login
2026-09-14 10:09:05 [TestNG-test-OrangeHRM Test 1-2] INFO  ActionDriver - Element : Unable to describe the element is not displayed
2026-09-14 10:09:05 [TestNG-test-OrangeHRM Test 1-5] INFO  ActionDriver - Element : Element with class: oxd-text oxd-text--span oxd-main-menu-item--name is not displayed
2026-09-14 10:09:05 [TestNG-test-OrangeHRM Test 1-2] INFO  ActionDriver - Border applied on Unable to describe the element with color red
2026-09-14 10:09:05 [TestNG-test-OrangeHRM Test 1-5] INFO  ActionDriver - Border applied on Element with class: oxd-text oxd-text--span oxd-main-menu-item--name with color red
2026-09-14 10:09:06 [TestNG-test-OrangeHRM Test 1-5] INFO  BaseClass - WebDriver instance is closed for :  LoginTest
2026-09-14 10:09:06 [TestNG-test-OrangeHRM Test 1-5] INFO  BaseClass - properties.config File Loaded successfully
2026-09-14 10:09:06 [TestNG-test-OrangeHRM Test 1-2] INFO  BaseClass - WebDriver instance is closed for :  HomeTest
2026-09-14 10:09:09 [TestNG-test-OrangeHRM Test 1-5] INFO  BaseClass - ChromeDriver Instance Initialized successfully
2026-09-14 10:09:12 [TestNG-test-OrangeHRM Test 1-5] INFO  BaseClass - WebDriver Initialized and Browser Opened and Maximized
2026-09-14 10:09:12 [TestNG-test-OrangeHRM Test 1-5] TRACE BaseClass - This is a trace message
2026-09-14 10:09:12 [TestNG-test-OrangeHRM Test 1-5] DEBUG BaseClass - This is a debug message
2026-09-14 10:09:12 [TestNG-test-OrangeHRM Test 1-5] WARN  BaseClass - This is an warning message
2026-09-14 10:09:12 [TestNG-test-OrangeHRM Test 1-5] INFO  ActionDriver - WebDriver instance is created for : ActionDriver
2026-09-14 10:09:12 [TestNG-test-OrangeHRM Test 1-5] INFO  BaseClass - ActionDriver Initialize form Thread 31
2026-09-14 10:09:12 [TestNG-test-OrangeHRM Test 1-5] INFO  ActionDriver - WebDriver instance is created for : ActionDriver
2026-09-14 10:09:12 [TestNG-test-OrangeHRM Test 1-5] INFO  ActionDriver - Maximized a Browser !
2026-09-14 10:09:12 [TestNG-test-OrangeHRM Test 1-5] INFO  ActionDriver - Border applied on Element with name: username with color green
2026-09-14 10:09:12 [TestNG-test-OrangeHRM Test 1-5] INFO  ActionDriver - Value entered on Element with name: username is  orangehrm_chaker
2026-09-14 10:09:13 [TestNG-test-OrangeHRM Test 1-5] INFO  ActionDriver - Border applied on Element with name: password with color green
2026-09-14 10:09:13 [TestNG-test-OrangeHRM Test 1-5] INFO  ActionDriver - Value entered on Element with name: password is  AdminOrangeHRM12@!
2026-09-14 10:09:13 [TestNG-test-OrangeHRM Test 1-5] INFO  ActionDriver - Border applied on Element with text: Login with color green
2026-09-14 10:09:13 [TestNG-test-OrangeHRM Test 1-5] INFO  ActionDriver - Clicked on element  ---> : Element with text: Login
2026-09-14 10:09:24 [TestNG-test-OrangeHRM Test 1-3] INFO  ActionDriver - Element : Element with class: oxd-text oxd-text--span oxd-main-menu-item--name is not displayed
2026-09-14 10:09:24 [TestNG-test-OrangeHRM Test 1-3] INFO  ActionDriver - Border applied on Element with class: oxd-text oxd-text--span oxd-main-menu-item--name with color red
2026-09-14 10:09:27 [TestNG-test-OrangeHRM Test 1-3] INFO  BaseClass - WebDriver instance is closed for :  DataLoginTest
2026-09-14 10:09:41 [TestNG-test-OrangeHRM Test 1-5] INFO  ActionDriver - Element : Element with class: oxd-text oxd-text--span oxd-main-menu-item--name is not displayed
2026-09-14 10:09:41 [TestNG-test-OrangeHRM Test 1-5] INFO  ActionDriver - Border applied on Element with class: oxd-text oxd-text--span oxd-main-menu-item--name with color red
2026-09-14 10:09:41 [TestNG-test-OrangeHRM Test 1-5] INFO  BaseClass - WebDriver instance is closed for :  LoginTest
2026-09-14 10:11:35 [TestNG-test-OrangeHRM Test 1-5] INFO  BaseClass - properties.config File Loaded successfully
2026-09-14 10:11:35 [TestNG-test-OrangeHRM Test 1-4] INFO  BaseClass - properties.config File Loaded successfully
2026-09-14 10:11:38 [TestNG-test-OrangeHRM Test 1-3] INFO  BaseClass - properties.config File Loaded successfully
2026-09-14 10:11:38 [TestNG-test-OrangeHRM Test 1-1] INFO  BaseClass - properties.config File Loaded successfully
2026-09-14 10:11:55 [TestNG-test-OrangeHRM Test 1-2] INFO  BaseClass - properties.config File Loaded successfully
2026-09-14 10:12:00 [TestNG-test-OrangeHRM Test 1-3] INFO  BaseClass - ChromeDriver Instance Initialized successfully
2026-09-14 10:12:00 [TestNG-test-OrangeHRM Test 1-5] INFO  BaseClass - ChromeDriver Instance Initialized successfully
2026-09-14 10:12:00 [TestNG-test-OrangeHRM Test 1-4] INFO  BaseClass - ChromeDriver Instance Initialized successfully
2026-09-14 10:12:00 [TestNG-test-OrangeHRM Test 1-1] INFO  BaseClass - ChromeDriver Instance Initialized successfully
2026-09-14 10:12:10 [TestNG-test-OrangeHRM Test 1-2] INFO  BaseClass - ChromeDriver Instance Initialized successfully
2026-09-14 10:12:10 [TestNG-test-OrangeHRM Test 1-3] INFO  BaseClass - WebDriver Initialized and Browser Opened and Maximized
2026-09-14 10:12:10 [TestNG-test-OrangeHRM Test 1-3] TRACE BaseClass - This is a trace message
2026-09-14 10:12:10 [TestNG-test-OrangeHRM Test 1-3] DEBUG BaseClass - This is a debug message
2026-09-14 10:12:10 [TestNG-test-OrangeHRM Test 1-3] WARN  BaseClass - This is an warning message
2026-09-14 10:12:10 [TestNG-test-OrangeHRM Test 1-3] INFO  ActionDriver - WebDriver instance is created for : ActionDriver
2026-09-14 10:12:10 [TestNG-test-OrangeHRM Test 1-3] INFO  BaseClass - ActionDriver Initialize form Thread 30
2026-09-14 10:12:10 [TestNG-test-OrangeHRM Test 1-3] INFO  ActionDriver - WebDriver instance is created for : ActionDriver
2026-09-14 10:12:12 [TestNG-test-OrangeHRM Test 1-1] INFO  BaseClass - WebDriver Initialized and Browser Opened and Maximized
2026-09-14 10:12:12 [TestNG-test-OrangeHRM Test 1-1] TRACE BaseClass - This is a trace message
2026-09-14 10:12:12 [TestNG-test-OrangeHRM Test 1-1] DEBUG BaseClass - This is a debug message
2026-09-14 10:12:12 [TestNG-test-OrangeHRM Test 1-1] WARN  BaseClass - This is an warning message
2026-09-14 10:12:12 [TestNG-test-OrangeHRM Test 1-1] INFO  ActionDriver - WebDriver instance is created for : ActionDriver
2026-09-14 10:12:12 [TestNG-test-OrangeHRM Test 1-1] INFO  BaseClass - ActionDriver Initialize form Thread 28
2026-09-14 10:12:12 [TestNG-test-OrangeHRM Test 1-1] INFO  ActionDriver - WebDriver instance is created for : ActionDriver
2026-09-14 10:12:12 [TestNG-test-OrangeHRM Test 1-5] INFO  BaseClass - WebDriver Initialized and Browser Opened and Maximized
2026-09-14 10:12:12 [TestNG-test-OrangeHRM Test 1-5] TRACE BaseClass - This is a trace message
2026-09-14 10:12:12 [TestNG-test-OrangeHRM Test 1-4] INFO  BaseClass - WebDriver Initialized and Browser Opened and Maximized
2026-09-14 10:12:12 [TestNG-test-OrangeHRM Test 1-4] TRACE BaseClass - This is a trace message
2026-09-14 10:12:12 [TestNG-test-OrangeHRM Test 1-4] DEBUG BaseClass - This is a debug message
2026-09-14 10:12:12 [TestNG-test-OrangeHRM Test 1-4] WARN  BaseClass - This is an warning message
2026-09-14 10:12:12 [TestNG-test-OrangeHRM Test 1-5] DEBUG BaseClass - This is a debug message
2026-09-14 10:12:12 [TestNG-test-OrangeHRM Test 1-4] INFO  ActionDriver - WebDriver instance is created for : ActionDriver
2026-09-14 10:12:12 [TestNG-test-OrangeHRM Test 1-4] INFO  BaseClass - ActionDriver Initialize form Thread 31
2026-09-14 10:12:12 [TestNG-test-OrangeHRM Test 1-4] INFO  ActionDriver - WebDriver instance is created for : ActionDriver
2026-09-14 10:12:12 [TestNG-test-OrangeHRM Test 1-5] WARN  BaseClass - This is an warning message
2026-09-14 10:12:12 [TestNG-test-OrangeHRM Test 1-5] INFO  ActionDriver - WebDriver instance is created for : ActionDriver
2026-09-14 10:12:12 [TestNG-test-OrangeHRM Test 1-5] INFO  BaseClass - ActionDriver Initialize form Thread 32
2026-09-14 10:12:12 [TestNG-test-OrangeHRM Test 1-5] INFO  ActionDriver - WebDriver instance is created for : ActionDriver
2026-09-14 10:12:14 [TestNG-test-OrangeHRM Test 1-4] INFO  ActionDriver - Maximized a Browser !
2026-09-14 10:12:15 [TestNG-test-OrangeHRM Test 1-1] INFO  ActionDriver - Maximized a Browser !
2026-09-14 10:12:16 [TestNG-test-OrangeHRM Test 1-5] INFO  ActionDriver - Maximized a Browser !
2026-09-14 10:12:17 [TestNG-test-OrangeHRM Test 1-3] INFO  ActionDriver - Maximized a Browser !
2026-09-14 10:12:36 [TestNG-test-OrangeHRM Test 1-3] INFO  ActionDriver - Border applied on Element with name: username with color green
2026-09-14 10:12:37 [TestNG-test-OrangeHRM Test 1-1] INFO  ActionDriver - Border applied on Element with name: username with color green
2026-09-14 10:12:38 [TestNG-test-OrangeHRM Test 1-1] INFO  ActionDriver - Value entered on Element with name: username is  orangehrm_chaker
2026-09-14 10:12:38 [TestNG-test-OrangeHRM Test 1-3] INFO  ActionDriver - Value entered on Element with name: username is  orangehrm_chaker
2026-09-14 10:12:39 [TestNG-test-OrangeHRM Test 1-1] INFO  ActionDriver - Border applied on Element with name: password with color green
2026-09-14 10:12:40 [TestNG-test-OrangeHRM Test 1-3] INFO  ActionDriver - Border applied on Element with name: password with color green
2026-09-14 10:12:40 [TestNG-test-OrangeHRM Test 1-1] INFO  ActionDriver - Value entered on Element with name: password is  AdminOrangeHRM12@!
2026-09-14 10:12:40 [TestNG-test-OrangeHRM Test 1-3] INFO  ActionDriver - Value entered on Element with name: password is  AdminOrangeHRM12@!!
2026-09-14 10:12:40 [TestNG-test-OrangeHRM Test 1-1] INFO  ActionDriver - Border applied on Element with text: Login with color green
2026-09-14 10:12:40 [TestNG-test-OrangeHRM Test 1-3] INFO  ActionDriver - Border applied on Element with text: Login with color green
2026-09-14 10:12:42 [TestNG-test-OrangeHRM Test 1-2] INFO  BaseClass - WebDriver Initialized and Browser Opened and Maximized
2026-09-14 10:12:42 [TestNG-test-OrangeHRM Test 1-2] TRACE BaseClass - This is a trace message
2026-09-14 10:12:42 [TestNG-test-OrangeHRM Test 1-2] DEBUG BaseClass - This is a debug message
2026-09-14 10:12:42 [TestNG-test-OrangeHRM Test 1-2] WARN  BaseClass - This is an warning message
2026-09-14 10:12:42 [TestNG-test-OrangeHRM Test 1-2] INFO  ActionDriver - WebDriver instance is created for : ActionDriver
2026-09-14 10:12:42 [TestNG-test-OrangeHRM Test 1-2] INFO  BaseClass - ActionDriver Initialize form Thread 29
2026-09-14 10:12:42 [TestNG-test-OrangeHRM Test 1-2] INFO  ActionDriver - WebDriver instance is created for : ActionDriver
2026-09-14 10:12:42 [TestNG-test-OrangeHRM Test 1-2] INFO  ActionDriver - Maximized a Browser !
2026-09-14 10:12:46 [TestNG-test-OrangeHRM Test 1-2] INFO  ActionDriver - Border applied on Element with name: username with color green
2026-09-14 10:12:46 [TestNG-test-OrangeHRM Test 1-2] INFO  ActionDriver - Value entered on Element with name: username is  orangehrm_chaker
2026-09-14 10:12:47 [TestNG-test-OrangeHRM Test 1-2] INFO  ActionDriver - Border applied on Element with name: password with color green
2026-09-14 10:12:47 [TestNG-test-OrangeHRM Test 1-2] INFO  ActionDriver - Value entered on Element with name: password is  AdminOrangeHRM12@!
2026-09-14 10:12:47 [TestNG-test-OrangeHRM Test 1-2] INFO  ActionDriver - Border applied on Element with text: Login with color green
2026-09-14 10:12:47 [TestNG-test-OrangeHRM Test 1-2] INFO  ActionDriver - Clicked on element  ---> : Element with text: Login
2026-09-14 10:12:53 [TestNG-test-OrangeHRM Test 1-3] INFO  ActionDriver - Clicked on element  ---> : Element with text: Login
2026-09-14 10:12:55 [TestNG-test-OrangeHRM Test 1-3] INFO  ActionDriver - Actual Text : Invalid credentials match to | Expected Value: Invalid credentials
2026-09-14 10:12:57 [TestNG-test-OrangeHRM Test 1-3] INFO  ActionDriver - Border applied on Element with text: Invalid credentials with color green
2026-09-14 10:12:58 [TestNG-test-OrangeHRM Test 1-1] INFO  ActionDriver - Clicked on element  ---> : Element with text: Login
2026-09-14 10:13:05 [TestNG-test-OrangeHRM Test 1-1] INFO  ActionDriver - Border applied on Element with text: PIM with color green
2026-09-14 10:13:07 [TestNG-test-OrangeHRM Test 1-2] INFO  ActionDriver - Element : Unable to describe the element is displayed
2026-09-14 10:13:07 [TestNG-test-OrangeHRM Test 1-5] INFO  BaseClass - WebDriver instance is closed for :  DummyClass2
2026-09-14 10:13:07 [TestNG-test-OrangeHRM Test 1-4] INFO  BaseClass - WebDriver instance is closed for :  DummyClass
2026-09-14 10:13:07 [TestNG-test-OrangeHRM Test 1-4] INFO  BaseClass - properties.config File Loaded successfully
2026-09-14 10:13:07 [TestNG-test-OrangeHRM Test 1-2] INFO  ActionDriver - Border applied on Unable to describe the element with color green
2026-09-14 10:13:15 [TestNG-test-OrangeHRM Test 1-4] INFO  BaseClass - ChromeDriver Instance Initialized successfully
2026-09-14 10:13:16 [TestNG-test-OrangeHRM Test 1-2] INFO  BaseClass - WebDriver instance is closed for :  HomeTest
2026-09-14 10:13:17 [TestNG-test-OrangeHRM Test 1-1] INFO  ActionDriver - Clicked on element  ---> : Element with text: PIM
2026-09-14 10:13:17 [TestNG-test-OrangeHRM Test 1-3] INFO  BaseClass - WebDriver instance is closed for :  DataLoginTest
2026-09-14 10:13:17 [TestNG-test-OrangeHRM Test 1-3] INFO  BaseClass - properties.config File Loaded successfully
2026-09-14 10:13:19 [TestNG-test-OrangeHRM Test 1-4] INFO  BaseClass - WebDriver Initialized and Browser Opened and Maximized
2026-09-14 10:13:19 [TestNG-test-OrangeHRM Test 1-4] TRACE BaseClass - This is a trace message
2026-09-14 10:13:19 [TestNG-test-OrangeHRM Test 1-4] DEBUG BaseClass - This is a debug message
2026-09-14 10:13:19 [TestNG-test-OrangeHRM Test 1-4] WARN  BaseClass - This is an warning message
2026-09-14 10:13:19 [TestNG-test-OrangeHRM Test 1-4] INFO  ActionDriver - WebDriver instance is created for : ActionDriver
2026-09-14 10:13:19 [TestNG-test-OrangeHRM Test 1-4] INFO  BaseClass - ActionDriver Initialize form Thread 31
2026-09-14 10:13:19 [TestNG-test-OrangeHRM Test 1-4] INFO  ActionDriver - WebDriver instance is created for : ActionDriver
2026-09-14 10:13:19 [TestNG-test-OrangeHRM Test 1-4] INFO  ActionDriver - Maximized a Browser !
2026-09-14 10:13:19 [TestNG-test-OrangeHRM Test 1-1] INFO  ActionDriver - Border applied on Element with placeholder: Type for hints... with color green
2026-09-14 10:13:19 [TestNG-test-OrangeHRM Test 1-4] INFO  ActionDriver - Border applied on Element with name: username with color green
2026-09-14 10:13:19 [TestNG-test-OrangeHRM Test 1-1] INFO  ActionDriver - Value entered on Element with placeholder: Type for hints... is  alice
2026-09-14 10:13:20 [TestNG-test-OrangeHRM Test 1-4] INFO  ActionDriver - Value entered on Element with name: username is  orangehrm_chaker
2026-09-14 10:13:21 [TestNG-test-OrangeHRM Test 1-1] INFO  ActionDriver - Border applied on Element with text: Search with color green
2026-09-14 10:13:21 [TestNG-test-OrangeHRM Test 1-4] INFO  ActionDriver - Border applied on Element with name: password with color green
2026-09-14 10:13:22 [TestNG-test-OrangeHRM Test 1-4] INFO  ActionDriver - Value entered on Element with name: password is  AdminOrangeHRM12@!!
2026-09-14 10:13:22 [TestNG-test-OrangeHRM Test 1-4] INFO  ActionDriver - Border applied on Element with text: Login with color green
2026-09-14 10:13:23 [TestNG-test-OrangeHRM Test 1-1] INFO  ActionDriver - Clicked on element  ---> : Element with text: Search
2026-09-14 10:13:33 [TestNG-test-OrangeHRM Test 1-3] INFO  BaseClass - ChromeDriver Instance Initialized successfully
2026-09-14 10:13:37 [TestNG-test-OrangeHRM Test 1-4] INFO  ActionDriver - Clicked on element  ---> : Element with text: Login
2026-09-14 10:13:38 [TestNG-test-OrangeHRM Test 1-1] INFO  ActionDriver - Border applied on Element with text: Alice Marie with color green
2026-09-14 10:13:39 [TestNG-test-OrangeHRM Test 1-1] INFO  ActionDriver - Scrolled to element using JS : Element with text: Alice Marie
2026-09-14 10:13:39 [TestNG-test-OrangeHRM Test 1-1] INFO  DBConnection - Starting DB Connection ...
2026-09-14 10:13:40 [TestNG-test-OrangeHRM Test 1-4] INFO  ActionDriver - Actual Text : Invalid credentials match to | Expected Value: Invalid credentials
2026-09-14 10:13:40 [TestNG-test-OrangeHRM Test 1-1] INFO  DBConnection - DB Connection Successful ! 
2026-09-14 10:13:40 [TestNG-test-OrangeHRM Test 1-1] INFO  DBConnection - Executing query : SELECT emp_firstname, emp_middle_name, emp_lastname FROM hs_hr_employee WHERE employee_id = 3.0
2026-09-14 10:13:40 [TestNG-test-OrangeHRM Test 1-1] INFO  DBConnection - Query Executing Successfully !
2026-09-14 10:13:40 [TestNG-test-OrangeHRM Test 1-1] INFO  DBConnection - Employees Data Fetch : {firstName=Alice, lastName=Dubois, middleName=Marie}
2026-09-14 10:13:41 [TestNG-test-OrangeHRM Test 1-1] INFO  ActionDriver - Actual Text : Alice Marie match to | Expected Value: Alice Marie
2026-09-14 10:13:41 [TestNG-test-OrangeHRM Test 1-4] INFO  ActionDriver - Border applied on Element with text: Invalid credentials with color green
2026-09-14 10:13:42 [TestNG-test-OrangeHRM Test 1-1] INFO  ActionDriver - Border applied on Element with text: Alice Marie with color green
2026-09-14 10:13:42 [TestNG-test-OrangeHRM Test 1-1] INFO  ActionDriver - Actual Text : Dubois match to | Expected Value: Dubois
2026-09-14 10:13:42 [TestNG-test-OrangeHRM Test 1-1] INFO  ActionDriver - Border applied on Element with text: Dubois with color green
2026-09-14 10:13:43 [TestNG-test-OrangeHRM Test 1-4] INFO  BaseClass - WebDriver instance is closed for :  LoginTest
2026-09-14 10:13:43 [TestNG-test-OrangeHRM Test 1-4] INFO  BaseClass - properties.config File Loaded successfully
2026-09-14 10:13:44 [TestNG-test-OrangeHRM Test 1-3] INFO  BaseClass - WebDriver Initialized and Browser Opened and Maximized
2026-09-14 10:13:44 [TestNG-test-OrangeHRM Test 1-3] TRACE BaseClass - This is a trace message
2026-09-14 10:13:44 [TestNG-test-OrangeHRM Test 1-3] DEBUG BaseClass - This is a debug message
2026-09-14 10:13:44 [TestNG-test-OrangeHRM Test 1-3] WARN  BaseClass - This is an warning message
2026-09-14 10:13:44 [TestNG-test-OrangeHRM Test 1-3] INFO  ActionDriver - WebDriver instance is created for : ActionDriver
2026-09-14 10:13:44 [TestNG-test-OrangeHRM Test 1-3] INFO  BaseClass - ActionDriver Initialize form Thread 30
2026-09-14 10:13:44 [TestNG-test-OrangeHRM Test 1-3] INFO  ActionDriver - WebDriver instance is created for : ActionDriver
2026-09-14 10:13:44 [TestNG-test-OrangeHRM Test 1-3] INFO  ActionDriver - Maximized a Browser !
2026-09-14 10:13:44 [TestNG-test-OrangeHRM Test 1-1] INFO  BaseClass - WebDriver instance is closed for :  DBVerificationTest
2026-09-14 10:13:45 [TestNG-test-OrangeHRM Test 1-3] INFO  ActionDriver - Border applied on Element with name: username with color green
2026-09-14 10:13:45 [TestNG-test-OrangeHRM Test 1-3] INFO  ActionDriver - Value entered on Element with name: username is  orangehrm_chaker
2026-09-14 10:13:45 [TestNG-test-OrangeHRM Test 1-3] INFO  ActionDriver - Border applied on Element with name: password with color green
2026-09-14 10:13:45 [TestNG-test-OrangeHRM Test 1-3] INFO  ActionDriver - Value entered on Element with name: password is  AdminOrangeHRM12@!
2026-09-14 10:13:46 [TestNG-test-OrangeHRM Test 1-3] INFO  ActionDriver - Border applied on Element with text: Login with color green
2026-09-14 10:13:47 [TestNG-test-OrangeHRM Test 1-4] INFO  BaseClass - ChromeDriver Instance Initialized successfully
2026-09-14 10:13:51 [TestNG-test-OrangeHRM Test 1-4] INFO  BaseClass - WebDriver Initialized and Browser Opened and Maximized
2026-09-14 10:13:51 [TestNG-test-OrangeHRM Test 1-4] TRACE BaseClass - This is a trace message
2026-09-14 10:13:51 [TestNG-test-OrangeHRM Test 1-4] DEBUG BaseClass - This is a debug message
2026-09-14 10:13:51 [TestNG-test-OrangeHRM Test 1-4] WARN  BaseClass - This is an warning message
2026-09-14 10:13:51 [TestNG-test-OrangeHRM Test 1-4] INFO  ActionDriver - WebDriver instance is created for : ActionDriver
2026-09-14 10:13:51 [TestNG-test-OrangeHRM Test 1-4] INFO  BaseClass - ActionDriver Initialize form Thread 31
2026-09-14 10:13:51 [TestNG-test-OrangeHRM Test 1-4] INFO  ActionDriver - WebDriver instance is created for : ActionDriver
2026-09-14 10:13:51 [TestNG-test-OrangeHRM Test 1-4] INFO  ActionDriver - Maximized a Browser !
2026-09-14 10:13:51 [TestNG-test-OrangeHRM Test 1-4] INFO  ActionDriver - Border applied on Element with name: username with color green
2026-09-14 10:13:52 [TestNG-test-OrangeHRM Test 1-4] INFO  ActionDriver - Value entered on Element with name: username is  orangehrm_chaker
2026-09-14 10:13:52 [TestNG-test-OrangeHRM Test 1-4] INFO  ActionDriver - Border applied on Element with name: password with color green
2026-09-14 10:13:52 [TestNG-test-OrangeHRM Test 1-4] INFO  ActionDriver - Value entered on Element with name: password is  AdminOrangeHRM12@!
2026-09-14 10:13:52 [TestNG-test-OrangeHRM Test 1-4] INFO  ActionDriver - Border applied on Element with text: Login with color green
2026-09-14 10:13:52 [TestNG-test-OrangeHRM Test 1-4] INFO  ActionDriver - Clicked on element  ---> : Element with text: Login
2026-09-14 10:13:54 [TestNG-test-OrangeHRM Test 1-3] INFO  ActionDriver - Clicked on element  ---> : Element with text: Login
2026-09-14 10:13:57 [TestNG-test-OrangeHRM Test 1-4] INFO  ActionDriver - Element : Element with text: Admin is displayed
2026-09-14 10:13:58 [TestNG-test-OrangeHRM Test 1-4] INFO  ActionDriver - Border applied on Element with text: Admin with color green
2026-09-14 10:13:58 [TestNG-test-OrangeHRM Test 1-3] INFO  ActionDriver - Element : Element with text: Admin is displayed
2026-09-14 10:13:58 [TestNG-test-OrangeHRM Test 1-3] INFO  ActionDriver - Border applied on Element with text: Admin with color green
2026-09-14 10:13:58 [TestNG-test-OrangeHRM Test 1-4] INFO  ActionDriver - Border applied on Element with text: Chaker Ben Said with color green
2026-09-14 10:13:58 [TestNG-test-OrangeHRM Test 1-3] INFO  ActionDriver - Border applied on Element with text: Chaker Ben Said with color green
2026-09-14 10:13:58 [TestNG-test-OrangeHRM Test 1-4] INFO  ActionDriver - Clicked on element  ---> : Element with text: Chaker Ben Said
2026-09-14 10:13:59 [TestNG-test-OrangeHRM Test 1-3] INFO  ActionDriver - Clicked on element  ---> : Element with text: Chaker Ben Said
2026-09-14 10:13:59 [TestNG-test-OrangeHRM Test 1-4] INFO  ActionDriver - Border applied on Element with text: Logout with color green
2026-09-14 10:13:59 [TestNG-test-OrangeHRM Test 1-3] INFO  ActionDriver - Border applied on Element with text: Logout with color green
2026-09-14 10:14:05 [TestNG-test-OrangeHRM Test 1-4] INFO  ActionDriver - Clicked on element  ---> : Element with text: Logout
2026-09-14 10:14:07 [TestNG-test-OrangeHRM Test 1-3] INFO  ActionDriver - Clicked on element  ---> : Element with text: Logout
2026-09-14 10:14:12 [TestNG-test-OrangeHRM Test 1-4] INFO  BaseClass - WebDriver instance is closed for :  LoginTest
2026-09-14 10:14:12 [TestNG-test-OrangeHRM Test 1-3] INFO  BaseClass - WebDriver instance is closed for :  DataLoginTest
2026-09-14 10:16:58 [TestNG-test-OrangeHRM Test 1-4] INFO  BaseClass - properties.config File Loaded successfully
2026-09-14 10:16:58 [TestNG-test-OrangeHRM Test 1-5] INFO  BaseClass - properties.config File Loaded successfully
2026-09-14 10:17:05 [TestNG-test-OrangeHRM Test 1-1] INFO  BaseClass - properties.config File Loaded successfully
2026-09-14 10:17:05 [TestNG-test-OrangeHRM Test 1-3] INFO  BaseClass - properties.config File Loaded successfully
2026-09-14 10:17:21 [TestNG-test-OrangeHRM Test 1-5] INFO  BaseClass - ChromeDriver Instance Initialized successfully
2026-09-14 10:17:21 [TestNG-test-OrangeHRM Test 1-3] INFO  BaseClass - ChromeDriver Instance Initialized successfully
2026-09-14 10:17:22 [TestNG-test-OrangeHRM Test 1-2] INFO  BaseClass - properties.config File Loaded successfully
2026-09-14 10:17:22 [TestNG-test-OrangeHRM Test 1-5] INFO  BaseClass - properties.config File Loaded successfully
2026-09-14 10:19:19 [TestNG-test-OrangeHRM Test 1-5] INFO  BaseClass - properties.config File Loaded successfully
2026-09-14 10:19:19 [TestNG-test-OrangeHRM Test 1-4] INFO  BaseClass - properties.config File Loaded successfully
2026-09-14 10:19:21 [TestNG-test-OrangeHRM Test 1-1] INFO  BaseClass - properties.config File Loaded successfully
2026-09-14 10:19:21 [TestNG-test-OrangeHRM Test 1-3] INFO  BaseClass - properties.config File Loaded successfully
2026-09-14 10:19:31 [TestNG-test-OrangeHRM Test 1-2] INFO  BaseClass - properties.config File Loaded successfully
2026-09-14 10:19:35 [TestNG-test-OrangeHRM Test 1-1] INFO  BaseClass - ChromeDriver Instance Initialized successfully
2026-09-14 10:19:35 [TestNG-test-OrangeHRM Test 1-5] INFO  BaseClass - ChromeDriver Instance Initialized successfully
2026-09-14 10:19:35 [TestNG-test-OrangeHRM Test 1-4] INFO  BaseClass - ChromeDriver Instance Initialized successfully
2026-09-14 10:19:35 [TestNG-test-OrangeHRM Test 1-3] INFO  BaseClass - ChromeDriver Instance Initialized successfully
2026-09-14 10:19:46 [TestNG-test-OrangeHRM Test 1-2] INFO  BaseClass - ChromeDriver Instance Initialized successfully
2026-09-14 10:20:03 [TestNG-test-OrangeHRM Test 1-3] INFO  BaseClass - WebDriver Initialized and Browser Opened and Maximized
2026-09-14 10:20:03 [TestNG-test-OrangeHRM Test 1-3] TRACE BaseClass - This is a trace message
2026-09-14 10:20:03 [TestNG-test-OrangeHRM Test 1-4] INFO  BaseClass - WebDriver Initialized and Browser Opened and Maximized
2026-09-14 10:20:03 [TestNG-test-OrangeHRM Test 1-4] TRACE BaseClass - This is a trace message
2026-09-14 10:20:03 [TestNG-test-OrangeHRM Test 1-3] DEBUG BaseClass - This is a debug message
2026-09-14 10:20:03 [TestNG-test-OrangeHRM Test 1-4] DEBUG BaseClass - This is a debug message
2026-09-14 10:20:03 [TestNG-test-OrangeHRM Test 1-5] INFO  BaseClass - WebDriver Initialized and Browser Opened and Maximized
2026-09-14 10:20:03 [TestNG-test-OrangeHRM Test 1-5] TRACE BaseClass - This is a trace message
2026-09-14 10:20:03 [TestNG-test-OrangeHRM Test 1-3] WARN  BaseClass - This is an warning message
2026-09-14 10:20:03 [TestNG-test-OrangeHRM Test 1-4] WARN  BaseClass - This is an warning message
2026-09-14 10:20:03 [TestNG-test-OrangeHRM Test 1-5] DEBUG BaseClass - This is a debug message
2026-09-14 10:20:03 [TestNG-test-OrangeHRM Test 1-5] WARN  BaseClass - This is an warning message
2026-09-14 10:20:03 [TestNG-test-OrangeHRM Test 1-3] INFO  ActionDriver - WebDriver instance is created for : ActionDriver
2026-09-14 10:20:03 [TestNG-test-OrangeHRM Test 1-4] INFO  ActionDriver - WebDriver instance is created for : ActionDriver
2026-09-14 10:20:03 [TestNG-test-OrangeHRM Test 1-5] INFO  ActionDriver - WebDriver instance is created for : ActionDriver
2026-09-14 10:20:03 [TestNG-test-OrangeHRM Test 1-4] INFO  BaseClass - ActionDriver Initialize form Thread 31
2026-09-14 10:20:03 [TestNG-test-OrangeHRM Test 1-5] INFO  BaseClass - ActionDriver Initialize form Thread 32
2026-09-14 10:20:03 [TestNG-test-OrangeHRM Test 1-5] INFO  ActionDriver - WebDriver instance is created for : ActionDriver
2026-09-14 10:20:03 [TestNG-test-OrangeHRM Test 1-3] INFO  BaseClass - ActionDriver Initialize form Thread 30
2026-09-14 10:20:03 [TestNG-test-OrangeHRM Test 1-4] INFO  ActionDriver - WebDriver instance is created for : ActionDriver
2026-09-14 10:20:03 [TestNG-test-OrangeHRM Test 1-3] INFO  ActionDriver - WebDriver instance is created for : ActionDriver
2026-09-14 10:20:03 [TestNG-test-OrangeHRM Test 1-1] INFO  BaseClass - WebDriver Initialized and Browser Opened and Maximized
2026-09-14 10:20:03 [TestNG-test-OrangeHRM Test 1-1] TRACE BaseClass - This is a trace message
2026-09-14 10:20:03 [TestNG-test-OrangeHRM Test 1-1] DEBUG BaseClass - This is a debug message
2026-09-14 10:20:03 [TestNG-test-OrangeHRM Test 1-1] WARN  BaseClass - This is an warning message
2026-09-14 10:20:03 [TestNG-test-OrangeHRM Test 1-1] INFO  ActionDriver - WebDriver instance is created for : ActionDriver
2026-09-14 10:20:03 [TestNG-test-OrangeHRM Test 1-1] INFO  BaseClass - ActionDriver Initialize form Thread 28
2026-09-14 10:20:03 [TestNG-test-OrangeHRM Test 1-1] INFO  ActionDriver - WebDriver instance is created for : ActionDriver
2026-09-14 10:20:03 [TestNG-test-OrangeHRM Test 1-2] INFO  BaseClass - WebDriver Initialized and Browser Opened and Maximized
2026-09-14 10:20:03 [TestNG-test-OrangeHRM Test 1-2] TRACE BaseClass - This is a trace message
2026-09-14 10:20:03 [TestNG-test-OrangeHRM Test 1-2] DEBUG BaseClass - This is a debug message
2026-09-14 10:20:03 [TestNG-test-OrangeHRM Test 1-2] WARN  BaseClass - This is an warning message
2026-09-14 10:20:03 [TestNG-test-OrangeHRM Test 1-2] INFO  ActionDriver - WebDriver instance is created for : ActionDriver
2026-09-14 10:20:03 [TestNG-test-OrangeHRM Test 1-2] INFO  BaseClass - ActionDriver Initialize form Thread 29
2026-09-14 10:20:03 [TestNG-test-OrangeHRM Test 1-2] INFO  ActionDriver - WebDriver instance is created for : ActionDriver
2026-09-14 10:20:04 [TestNG-test-OrangeHRM Test 1-3] INFO  ActionDriver - Maximized a Browser !
2026-09-14 10:20:04 [TestNG-test-OrangeHRM Test 1-5] INFO  ActionDriver - Maximized a Browser !
2026-09-14 10:20:04 [TestNG-test-OrangeHRM Test 1-1] INFO  ActionDriver - Maximized a Browser !
2026-09-14 10:20:04 [TestNG-test-OrangeHRM Test 1-4] INFO  ActionDriver - Maximized a Browser !
2026-09-14 10:20:04 [TestNG-test-OrangeHRM Test 1-2] INFO  ActionDriver - Maximized a Browser !
2026-09-14 10:20:08 [TestNG-test-OrangeHRM Test 1-3] INFO  ActionDriver - Border applied on Element with name: username with color green
2026-09-14 10:20:08 [TestNG-test-OrangeHRM Test 1-1] INFO  ActionDriver - Border applied on Element with name: username with color green
2026-09-14 10:20:08 [TestNG-test-OrangeHRM Test 1-2] INFO  ActionDriver - Border applied on Element with name: username with color green
2026-09-14 10:20:08 [TestNG-test-OrangeHRM Test 1-1] INFO  ActionDriver - Value entered on Element with name: username is  orangehrm_chaker
2026-09-14 10:20:08 [TestNG-test-OrangeHRM Test 1-3] INFO  ActionDriver - Value entered on Element with name: username is  orangehrm_chaker
2026-09-14 10:20:08 [TestNG-test-OrangeHRM Test 1-2] INFO  ActionDriver - Value entered on Element with name: username is  orangehrm_chaker
2026-09-14 10:20:08 [TestNG-test-OrangeHRM Test 1-2] INFO  ActionDriver - Border applied on Element with name: password with color green
2026-09-14 10:20:09 [TestNG-test-OrangeHRM Test 1-1] INFO  ActionDriver - Border applied on Element with name: password with color green
2026-09-14 10:20:09 [TestNG-test-OrangeHRM Test 1-3] INFO  ActionDriver - Border applied on Element with name: password with color green
2026-09-14 10:20:09 [TestNG-test-OrangeHRM Test 1-2] INFO  ActionDriver - Value entered on Element with name: password is  AdminOrangeHRM12@!
2026-09-14 10:20:09 [TestNG-test-OrangeHRM Test 1-1] INFO  ActionDriver - Value entered on Element with name: password is  AdminOrangeHRM12@!
2026-09-14 10:20:09 [TestNG-test-OrangeHRM Test 1-3] INFO  ActionDriver - Value entered on Element with name: password is  AdminOrangeHRM12@!!
2026-09-14 10:20:09 [TestNG-test-OrangeHRM Test 1-1] INFO  ActionDriver - Border applied on Element with text: Login with color green
2026-09-14 10:20:09 [TestNG-test-OrangeHRM Test 1-2] INFO  ActionDriver - Border applied on Element with text: Login with color green
2026-09-14 10:20:09 [TestNG-test-OrangeHRM Test 1-3] INFO  ActionDriver - Border applied on Element with text: Login with color green
2026-09-14 10:20:10 [TestNG-test-OrangeHRM Test 1-4] INFO  BaseClass - WebDriver instance is closed for :  DummyClass
2026-09-14 10:20:10 [TestNG-test-OrangeHRM Test 1-4] INFO  BaseClass - properties.config File Loaded successfully
2026-09-14 10:20:10 [TestNG-test-OrangeHRM Test 1-5] INFO  BaseClass - WebDriver instance is closed for :  DummyClass2
2026-09-14 10:20:12 [TestNG-test-OrangeHRM Test 1-3] INFO  ActionDriver - Clicked on element  ---> : Element with text: Login
2026-09-14 10:20:13 [TestNG-test-OrangeHRM Test 1-4] INFO  BaseClass - ChromeDriver Instance Initialized successfully
2026-09-14 10:20:14 [TestNG-test-OrangeHRM Test 1-2] INFO  ActionDriver - Clicked on element  ---> : Element with text: Login
2026-09-14 10:20:15 [TestNG-test-OrangeHRM Test 1-1] INFO  ActionDriver - Clicked on element  ---> : Element with text: Login
2026-09-14 10:20:16 [TestNG-test-OrangeHRM Test 1-3] INFO  ActionDriver - Actual Text : Invalid credentials match to | Expected Value: Invalid credentials
2026-09-14 10:20:17 [TestNG-test-OrangeHRM Test 1-4] INFO  BaseClass - WebDriver Initialized and Browser Opened and Maximized
2026-09-14 10:20:17 [TestNG-test-OrangeHRM Test 1-4] TRACE BaseClass - This is a trace message
2026-09-14 10:20:17 [TestNG-test-OrangeHRM Test 1-4] DEBUG BaseClass - This is a debug message
2026-09-14 10:20:17 [TestNG-test-OrangeHRM Test 1-4] WARN  BaseClass - This is an warning message
2026-09-14 10:20:17 [TestNG-test-OrangeHRM Test 1-4] INFO  ActionDriver - WebDriver instance is created for : ActionDriver
2026-09-14 10:20:17 [TestNG-test-OrangeHRM Test 1-4] INFO  BaseClass - ActionDriver Initialize form Thread 31
2026-09-14 10:20:17 [TestNG-test-OrangeHRM Test 1-4] INFO  ActionDriver - WebDriver instance is created for : ActionDriver
2026-09-14 10:20:17 [TestNG-test-OrangeHRM Test 1-4] INFO  ActionDriver - Maximized a Browser !
2026-09-14 10:20:18 [TestNG-test-OrangeHRM Test 1-3] INFO  ActionDriver - Border applied on Element with text: Invalid credentials with color green
2026-09-14 10:20:19 [TestNG-test-OrangeHRM Test 1-4] INFO  ActionDriver - Border applied on Element with name: username with color green
2026-09-14 10:20:19 [TestNG-test-OrangeHRM Test 1-1] INFO  ActionDriver - Border applied on Element with class: oxd-text oxd-text--span oxd-main-menu-item--name with color green
2026-09-14 10:20:20 [TestNG-test-OrangeHRM Test 1-4] INFO  ActionDriver - Value entered on Element with name: username is  orangehrm_chaker
2026-09-14 10:20:20 [TestNG-test-OrangeHRM Test 1-4] INFO  ActionDriver - Border applied on Element with name: password with color green
2026-09-14 10:20:21 [TestNG-test-OrangeHRM Test 1-4] INFO  ActionDriver - Value entered on Element with name: password is  AdminOrangeHRM12@!!
2026-09-14 10:20:21 [TestNG-test-OrangeHRM Test 1-4] INFO  ActionDriver - Border applied on Element with text: Login with color green
2026-09-14 10:20:25 [TestNG-test-OrangeHRM Test 1-4] INFO  ActionDriver - Clicked on element  ---> : Element with text: Login
2026-09-14 10:20:25 [TestNG-test-OrangeHRM Test 1-3] INFO  BaseClass - WebDriver instance is closed for :  DataLoginTest
2026-09-14 10:20:25 [TestNG-test-OrangeHRM Test 1-3] INFO  BaseClass - properties.config File Loaded successfully
2026-09-14 10:20:26 [TestNG-test-OrangeHRM Test 1-4] INFO  ActionDriver - Actual Text : Invalid credentials match to | Expected Value: Invalid credentials
2026-09-14 10:20:26 [TestNG-test-OrangeHRM Test 1-4] INFO  ActionDriver - Border applied on Element with text: Invalid credentials with color green
2026-09-14 10:20:30 [TestNG-test-OrangeHRM Test 1-3] INFO  BaseClass - ChromeDriver Instance Initialized successfully
2026-09-14 10:20:30 [TestNG-test-OrangeHRM Test 1-4] INFO  BaseClass - WebDriver instance is closed for :  LoginTest
2026-09-14 10:20:30 [TestNG-test-OrangeHRM Test 1-4] INFO  BaseClass - properties.config File Loaded successfully
2026-09-14 10:20:36 [TestNG-test-OrangeHRM Test 1-3] INFO  BaseClass - WebDriver Initialized and Browser Opened and Maximized
2026-09-14 10:20:36 [TestNG-test-OrangeHRM Test 1-3] TRACE BaseClass - This is a trace message
2026-09-14 10:20:36 [TestNG-test-OrangeHRM Test 1-3] DEBUG BaseClass - This is a debug message
2026-09-14 10:20:36 [TestNG-test-OrangeHRM Test 1-3] WARN  BaseClass - This is an warning message
2026-09-14 10:20:36 [TestNG-test-OrangeHRM Test 1-3] INFO  ActionDriver - WebDriver instance is created for : ActionDriver
2026-09-14 10:20:36 [TestNG-test-OrangeHRM Test 1-3] INFO  BaseClass - ActionDriver Initialize form Thread 30
2026-09-14 10:20:36 [TestNG-test-OrangeHRM Test 1-3] INFO  ActionDriver - WebDriver instance is created for : ActionDriver
2026-09-14 10:20:37 [TestNG-test-OrangeHRM Test 1-3] INFO  ActionDriver - Maximized a Browser !
2026-09-14 10:20:38 [TestNG-test-OrangeHRM Test 1-4] INFO  BaseClass - ChromeDriver Instance Initialized successfully
2026-09-14 10:20:39 [TestNG-test-OrangeHRM Test 1-3] INFO  ActionDriver - Border applied on Element with name: username with color green
2026-09-14 10:20:40 [TestNG-test-OrangeHRM Test 1-3] INFO  ActionDriver - Value entered on Element with name: username is  orangehrm_chaker
2026-09-14 10:20:40 [TestNG-test-OrangeHRM Test 1-3] INFO  ActionDriver - Border applied on Element with name: password with color green
2026-09-14 10:20:40 [TestNG-test-OrangeHRM Test 1-3] INFO  ActionDriver - Value entered on Element with name: password is  AdminOrangeHRM12@!
2026-09-14 10:20:40 [TestNG-test-OrangeHRM Test 1-3] INFO  ActionDriver - Border applied on Element with text: Login with color green
2026-09-14 10:20:42 [TestNG-test-OrangeHRM Test 1-3] INFO  ActionDriver - Clicked on element  ---> : Element with text: Login
2026-09-14 10:20:46 [TestNG-test-OrangeHRM Test 1-2] INFO  ActionDriver - Element : Unable to describe the element is not displayed
2026-09-14 10:20:47 [TestNG-test-OrangeHRM Test 1-2] INFO  ActionDriver - Border applied on Unable to describe the element with color red
2026-09-14 10:20:49 [TestNG-test-OrangeHRM Test 1-4] INFO  BaseClass - WebDriver Initialized and Browser Opened and Maximized
2026-09-14 10:20:49 [TestNG-test-OrangeHRM Test 1-4] TRACE BaseClass - This is a trace message
2026-09-14 10:20:49 [TestNG-test-OrangeHRM Test 1-4] DEBUG BaseClass - This is a debug message
2026-09-14 10:20:49 [TestNG-test-OrangeHRM Test 1-4] WARN  BaseClass - This is an warning message
2026-09-14 10:20:49 [TestNG-test-OrangeHRM Test 1-4] INFO  ActionDriver - WebDriver instance is created for : ActionDriver
2026-09-14 10:20:49 [TestNG-test-OrangeHRM Test 1-4] INFO  BaseClass - ActionDriver Initialize form Thread 31
2026-09-14 10:20:49 [TestNG-test-OrangeHRM Test 1-4] INFO  ActionDriver - WebDriver instance is created for : ActionDriver
2026-09-14 10:20:49 [TestNG-test-OrangeHRM Test 1-4] INFO  ActionDriver - Maximized a Browser !
2026-09-14 10:21:00 [TestNG-test-OrangeHRM Test 1-4] INFO  ActionDriver - Border applied on Element with name: username with color green
2026-09-14 10:21:00 [TestNG-test-OrangeHRM Test 1-4] INFO  ActionDriver - Value entered on Element with name: username is  orangehrm_chaker
2026-09-14 10:21:00 [TestNG-test-OrangeHRM Test 1-1] INFO  ActionDriver - Border applied on Element with class: oxd-text oxd-text--span oxd-main-menu-item--name with color red
2026-09-14 10:21:00 [TestNG-test-OrangeHRM Test 1-4] INFO  ActionDriver - Border applied on Element with name: password with color green
2026-09-14 10:21:01 [TestNG-test-OrangeHRM Test 1-4] INFO  ActionDriver - Value entered on Element with name: password is  AdminOrangeHRM12@!
2026-09-14 10:21:01 [TestNG-test-OrangeHRM Test 1-4] INFO  ActionDriver - Border applied on Element with text: Login with color green
2026-09-14 10:21:01 [TestNG-test-OrangeHRM Test 1-4] INFO  ActionDriver - Clicked on element  ---> : Element with text: Login
2026-09-14 10:21:04 [TestNG-test-OrangeHRM Test 1-2] INFO  BaseClass - WebDriver instance is closed for :  HomeTest
2026-09-14 10:21:04 [TestNG-test-OrangeHRM Test 1-2] INFO  BaseClass - properties.config File Loaded successfully
2026-09-14 10:21:13 [TestNG-test-OrangeHRM Test 1-2] INFO  BaseClass - ChromeDriver Instance Initialized successfully
2026-09-14 10:21:25 [TestNG-test-OrangeHRM Test 1-2] INFO  BaseClass - WebDriver Initialized and Browser Opened and Maximized
2026-09-14 10:21:25 [TestNG-test-OrangeHRM Test 1-2] TRACE BaseClass - This is a trace message
2026-09-14 10:21:25 [TestNG-test-OrangeHRM Test 1-2] DEBUG BaseClass - This is a debug message
2026-09-14 10:21:25 [TestNG-test-OrangeHRM Test 1-2] WARN  BaseClass - This is an warning message
2026-09-14 10:21:25 [TestNG-test-OrangeHRM Test 1-2] INFO  ActionDriver - WebDriver instance is created for : ActionDriver
2026-09-14 10:21:25 [TestNG-test-OrangeHRM Test 1-2] INFO  BaseClass - ActionDriver Initialize form Thread 29
2026-09-14 10:21:25 [TestNG-test-OrangeHRM Test 1-2] INFO  ActionDriver - WebDriver instance is created for : ActionDriver
2026-09-14 10:21:25 [TestNG-test-OrangeHRM Test 1-2] INFO  ActionDriver - Maximized a Browser !
2026-09-14 10:21:25 [TestNG-test-OrangeHRM Test 1-2] INFO  ActionDriver - Border applied on Element with name: username with color green
2026-09-14 10:21:25 [TestNG-test-OrangeHRM Test 1-2] INFO  ActionDriver - Value entered on Element with name: username is  orangehrm_chaker
2026-09-14 10:21:25 [TestNG-test-OrangeHRM Test 1-2] INFO  ActionDriver - Border applied on Element with name: password with color green
2026-09-14 10:21:26 [TestNG-test-OrangeHRM Test 1-2] INFO  ActionDriver - Value entered on Element with name: password is  AdminOrangeHRM12@!
2026-09-14 10:21:26 [TestNG-test-OrangeHRM Test 1-2] INFO  ActionDriver - Border applied on Element with text: Login with color green
2026-09-14 10:21:26 [TestNG-test-OrangeHRM Test 1-2] INFO  ActionDriver - Clicked on element  ---> : Element with text: Login
2026-09-14 10:21:27 [TestNG-test-OrangeHRM Test 1-3] INFO  ActionDriver - Element : Element with class: oxd-text oxd-text--span oxd-main-menu-item--name is not displayed
2026-09-14 10:21:27 [TestNG-test-OrangeHRM Test 1-3] INFO  ActionDriver - Border applied on Element with class: oxd-text oxd-text--span oxd-main-menu-item--name with color red
2026-09-14 10:21:28 [TestNG-test-OrangeHRM Test 1-3] INFO  BaseClass - WebDriver instance is closed for :  DataLoginTest
2026-09-14 10:21:28 [TestNG-test-OrangeHRM Test 1-3] INFO  BaseClass - properties.config File Loaded successfully
2026-09-14 10:21:32 [TestNG-test-OrangeHRM Test 1-4] INFO  ActionDriver - Element : Element with class: oxd-text oxd-text--span oxd-main-menu-item--name is not displayed
2026-09-14 10:21:32 [TestNG-test-OrangeHRM Test 1-3] INFO  BaseClass - ChromeDriver Instance Initialized successfully
2026-09-14 10:21:33 [TestNG-test-OrangeHRM Test 1-4] INFO  ActionDriver - Border applied on Element with class: oxd-text oxd-text--span oxd-main-menu-item--name with color red
2026-09-14 10:21:38 [TestNG-test-OrangeHRM Test 1-3] INFO  BaseClass - WebDriver Initialized and Browser Opened and Maximized
2026-09-14 10:21:38 [TestNG-test-OrangeHRM Test 1-3] TRACE BaseClass - This is a trace message
2026-09-14 10:21:38 [TestNG-test-OrangeHRM Test 1-3] DEBUG BaseClass - This is a debug message
2026-09-14 10:21:38 [TestNG-test-OrangeHRM Test 1-3] WARN  BaseClass - This is an warning message
2026-09-14 10:21:38 [TestNG-test-OrangeHRM Test 1-3] INFO  ActionDriver - WebDriver instance is created for : ActionDriver
2026-09-14 10:21:38 [TestNG-test-OrangeHRM Test 1-3] INFO  BaseClass - ActionDriver Initialize form Thread 30
2026-09-14 10:21:38 [TestNG-test-OrangeHRM Test 1-3] INFO  ActionDriver - WebDriver instance is created for : ActionDriver
2026-09-14 10:21:38 [TestNG-test-OrangeHRM Test 1-3] INFO  ActionDriver - Maximized a Browser !
2026-09-14 10:21:38 [TestNG-test-OrangeHRM Test 1-3] INFO  ActionDriver - Border applied on Element with name: username with color green
2026-09-14 10:21:38 [TestNG-test-OrangeHRM Test 1-3] INFO  ActionDriver - Value entered on Element with name: username is  orangehrm_chaker
2026-09-14 10:21:38 [TestNG-test-OrangeHRM Test 1-3] INFO  ActionDriver - Border applied on Element with name: password with color green
2026-09-14 10:21:39 [TestNG-test-OrangeHRM Test 1-3] INFO  ActionDriver - Value entered on Element with name: password is  AdminOrangeHRM12@!
2026-09-14 10:21:39 [TestNG-test-OrangeHRM Test 1-3] INFO  ActionDriver - Border applied on Element with text: Login with color green
2026-09-14 10:21:42 [TestNG-test-OrangeHRM Test 1-4] INFO  BaseClass - WebDriver instance is closed for :  LoginTest
2026-09-14 10:21:42 [TestNG-test-OrangeHRM Test 1-4] INFO  BaseClass - properties.config File Loaded successfully
2026-09-14 10:21:43 [TestNG-test-OrangeHRM Test 1-3] INFO  ActionDriver - Clicked on element  ---> : Element with text: Login
2026-09-14 10:21:46 [TestNG-test-OrangeHRM Test 1-4] INFO  BaseClass - ChromeDriver Instance Initialized successfully
2026-09-14 10:21:52 [TestNG-test-OrangeHRM Test 1-4] INFO  BaseClass - WebDriver Initialized and Browser Opened and Maximized
2026-09-14 10:21:52 [TestNG-test-OrangeHRM Test 1-4] TRACE BaseClass - This is a trace message
2026-09-14 10:21:52 [TestNG-test-OrangeHRM Test 1-4] DEBUG BaseClass - This is a debug message
2026-09-14 10:21:52 [TestNG-test-OrangeHRM Test 1-4] WARN  BaseClass - This is an warning message
2026-09-14 10:21:52 [TestNG-test-OrangeHRM Test 1-4] INFO  ActionDriver - WebDriver instance is created for : ActionDriver
2026-09-14 10:21:52 [TestNG-test-OrangeHRM Test 1-4] INFO  BaseClass - ActionDriver Initialize form Thread 31
2026-09-14 10:21:52 [TestNG-test-OrangeHRM Test 1-4] INFO  ActionDriver - WebDriver instance is created for : ActionDriver
2026-09-14 10:21:52 [TestNG-test-OrangeHRM Test 1-4] INFO  ActionDriver - Maximized a Browser !
2026-09-14 10:21:55 [TestNG-test-OrangeHRM Test 1-4] INFO  ActionDriver - Border applied on Element with name: username with color green
2026-09-14 10:21:55 [TestNG-test-OrangeHRM Test 1-4] INFO  ActionDriver - Value entered on Element with name: username is  orangehrm_chaker
2026-09-14 10:21:55 [TestNG-test-OrangeHRM Test 1-4] INFO  ActionDriver - Border applied on Element with name: password with color green
2026-09-14 10:21:55 [TestNG-test-OrangeHRM Test 1-2] INFO  ActionDriver - Element : Unable to describe the element is not displayed
2026-09-14 10:21:56 [TestNG-test-OrangeHRM Test 1-4] INFO  ActionDriver - Value entered on Element with name: password is  AdminOrangeHRM12@!
2026-09-14 10:21:56 [TestNG-test-OrangeHRM Test 1-4] INFO  ActionDriver - Border applied on Element with text: Login with color green
2026-09-14 10:21:56 [TestNG-test-OrangeHRM Test 1-2] INFO  ActionDriver - Border applied on Unable to describe the element with color red
2026-09-14 10:22:02 [TestNG-test-OrangeHRM Test 1-2] INFO  BaseClass - WebDriver instance is closed for :  HomeTest
2026-09-14 10:22:02 [TestNG-test-OrangeHRM Test 1-2] INFO  BaseClass - properties.config File Loaded successfully
2026-09-14 10:22:08 [TestNG-test-OrangeHRM Test 1-2] INFO  BaseClass - ChromeDriver Instance Initialized successfully
2026-09-14 10:22:10 [TestNG-test-OrangeHRM Test 1-3] INFO  ActionDriver - Element : Element with class: oxd-text oxd-text--span oxd-main-menu-item--name is not displayed
2026-09-14 10:22:15 [TestNG-test-OrangeHRM Test 1-4] INFO  ActionDriver - Clicked on element  ---> : Element with text: Login
2026-09-14 10:22:15 [TestNG-test-OrangeHRM Test 1-3] INFO  ActionDriver - Border applied on Element with class: oxd-text oxd-text--span oxd-main-menu-item--name with color red
2026-09-14 10:22:21 [TestNG-test-OrangeHRM Test 1-2] INFO  BaseClass - WebDriver Initialized and Browser Opened and Maximized
2026-09-14 10:22:21 [TestNG-test-OrangeHRM Test 1-2] TRACE BaseClass - This is a trace message
2026-09-14 10:22:22 [TestNG-test-OrangeHRM Test 1-2] DEBUG BaseClass - This is a debug message
2026-09-14 10:22:22 [TestNG-test-OrangeHRM Test 1-2] WARN  BaseClass - This is an warning message
2026-09-14 10:22:22 [TestNG-test-OrangeHRM Test 1-2] INFO  ActionDriver - WebDriver instance is created for : ActionDriver
2026-09-14 10:22:22 [TestNG-test-OrangeHRM Test 1-2] INFO  BaseClass - ActionDriver Initialize form Thread 29
2026-09-14 10:22:22 [TestNG-test-OrangeHRM Test 1-2] INFO  ActionDriver - WebDriver instance is created for : ActionDriver
2026-09-14 10:22:30 [TestNG-test-OrangeHRM Test 1-2] INFO  ActionDriver - Maximized a Browser !
2026-09-14 10:22:50 [TestNG-test-OrangeHRM Test 1-2] INFO  ActionDriver - Border applied on Element with name: username with color green
2026-09-14 10:22:51 [TestNG-test-OrangeHRM Test 1-2] INFO  ActionDriver - Value entered on Element with name: username is  orangehrm_chaker
2026-09-14 10:22:52 [TestNG-test-OrangeHRM Test 1-2] INFO  ActionDriver - Border applied on Element with name: password with color green
2026-09-14 10:22:53 [TestNG-test-OrangeHRM Test 1-2] INFO  ActionDriver - Value entered on Element with name: password is  AdminOrangeHRM12@!
2026-09-14 10:22:54 [TestNG-test-OrangeHRM Test 1-3] INFO  BaseClass - WebDriver instance is closed for :  DataLoginTest
2026-09-14 10:22:54 [TestNG-test-OrangeHRM Test 1-3] INFO  BaseClass - properties.config File Loaded successfully
2026-09-14 10:22:55 [TestNG-test-OrangeHRM Test 1-2] INFO  ActionDriver - Border applied on Element with text: Login with color green
2026-09-14 10:23:05 [TestNG-test-OrangeHRM Test 1-4] INFO  ActionDriver - Element : Element with class: oxd-text oxd-text--span oxd-main-menu-item--name is not displayed
2026-09-14 10:23:05 [TestNG-test-OrangeHRM Test 1-4] INFO  ActionDriver - Border applied on Element with class: oxd-text oxd-text--span oxd-main-menu-item--name with color red
2026-09-14 10:23:08 [TestNG-test-OrangeHRM Test 1-2] INFO  ActionDriver - Clicked on element  ---> : Element with text: Login
2026-09-14 10:23:12 [TestNG-test-OrangeHRM Test 1-3] INFO  BaseClass - ChromeDriver Instance Initialized successfully
2026-09-14 10:23:23 [TestNG-test-OrangeHRM Test 1-3] INFO  BaseClass - WebDriver Initialized and Browser Opened and Maximized
2026-09-14 10:23:23 [TestNG-test-OrangeHRM Test 1-3] TRACE BaseClass - This is a trace message
2026-09-14 10:23:23 [TestNG-test-OrangeHRM Test 1-3] DEBUG BaseClass - This is a debug message
2026-09-14 10:23:23 [TestNG-test-OrangeHRM Test 1-3] WARN  BaseClass - This is an warning message
2026-09-14 10:23:23 [TestNG-test-OrangeHRM Test 1-3] INFO  ActionDriver - WebDriver instance is created for : ActionDriver
2026-09-14 10:23:23 [TestNG-test-OrangeHRM Test 1-3] INFO  BaseClass - ActionDriver Initialize form Thread 30
2026-09-14 10:23:23 [TestNG-test-OrangeHRM Test 1-3] INFO  ActionDriver - WebDriver instance is created for : ActionDriver
2026-09-14 10:23:23 [TestNG-test-OrangeHRM Test 1-3] INFO  ActionDriver - Maximized a Browser !
2026-09-14 10:23:24 [TestNG-test-OrangeHRM Test 1-3] INFO  ActionDriver - Border applied on Element with name: username with color green
2026-09-14 10:23:28 [TestNG-test-OrangeHRM Test 1-3] INFO  ActionDriver - Value entered on Element with name: username is  orangehrm_chaker
2026-09-14 10:23:29 [TestNG-test-OrangeHRM Test 1-3] INFO  ActionDriver - Border applied on Element with name: password with color green
2026-09-14 10:23:30 [TestNG-test-OrangeHRM Test 1-3] INFO  ActionDriver - Value entered on Element with name: password is  AdminOrangeHRM12@!
2026-09-14 10:23:30 [TestNG-test-OrangeHRM Test 1-3] INFO  ActionDriver - Border applied on Element with text: Login with color green
2026-09-14 10:23:32 [TestNG-test-OrangeHRM Test 1-4] INFO  BaseClass - WebDriver instance is closed for :  LoginTest
2026-09-14 10:23:32 [TestNG-test-OrangeHRM Test 1-4] INFO  BaseClass - properties.config File Loaded successfully
2026-09-14 10:23:35 [TestNG-test-OrangeHRM Test 1-2] INFO  ActionDriver - Element : Unable to describe the element is not displayed
2026-09-14 10:23:36 [TestNG-test-OrangeHRM Test 1-2] INFO  ActionDriver - Border applied on Unable to describe the element with color red
2026-09-14 10:23:36 [TestNG-test-OrangeHRM Test 1-3] INFO  ActionDriver - Clicked on element  ---> : Element with text: Login
2026-09-14 10:23:43 [TestNG-test-OrangeHRM Test 1-4] INFO  BaseClass - ChromeDriver Instance Initialized successfully
2026-09-14 10:23:46 [TestNG-test-OrangeHRM Test 1-4] INFO  BaseClass - WebDriver Initialized and Browser Opened and Maximized
2026-09-14 10:23:46 [TestNG-test-OrangeHRM Test 1-4] TRACE BaseClass - This is a trace message
2026-09-14 10:23:46 [TestNG-test-OrangeHRM Test 1-4] DEBUG BaseClass - This is a debug message
2026-09-14 10:23:46 [TestNG-test-OrangeHRM Test 1-4] WARN  BaseClass - This is an warning message
2026-09-14 10:23:46 [TestNG-test-OrangeHRM Test 1-4] INFO  ActionDriver - WebDriver instance is created for : ActionDriver
2026-09-14 10:23:46 [TestNG-test-OrangeHRM Test 1-4] INFO  BaseClass - ActionDriver Initialize form Thread 31
2026-09-14 10:23:46 [TestNG-test-OrangeHRM Test 1-4] INFO  ActionDriver - WebDriver instance is created for : ActionDriver
2026-09-14 10:23:47 [TestNG-test-OrangeHRM Test 1-4] INFO  ActionDriver - Maximized a Browser !
2026-09-14 10:23:48 [TestNG-test-OrangeHRM Test 1-4] INFO  ActionDriver - Border applied on Element with name: username with color green
2026-09-14 10:23:48 [TestNG-test-OrangeHRM Test 1-4] INFO  ActionDriver - Value entered on Element with name: username is  orangehrm_chaker
2026-09-14 10:23:48 [TestNG-test-OrangeHRM Test 1-4] INFO  ActionDriver - Border applied on Element with name: password with color green
2026-09-14 10:23:48 [TestNG-test-OrangeHRM Test 1-4] INFO  ActionDriver - Value entered on Element with name: password is  AdminOrangeHRM12@!
2026-09-14 10:23:49 [TestNG-test-OrangeHRM Test 1-4] INFO  ActionDriver - Border applied on Element with text: Login with color green
2026-09-14 10:23:50 [TestNG-test-OrangeHRM Test 1-2] INFO  BaseClass - WebDriver instance is closed for :  HomeTest
2026-09-14 10:23:53 [TestNG-test-OrangeHRM Test 1-4] INFO  ActionDriver - Clicked on element  ---> : Element with text: Login
2026-09-14 10:24:05 [TestNG-test-OrangeHRM Test 1-3] INFO  ActionDriver - Element : Element with class: oxd-text oxd-text--span oxd-main-menu-item--name is not displayed
2026-09-14 10:24:05 [TestNG-test-OrangeHRM Test 1-3] INFO  ActionDriver - Border applied on Element with class: oxd-text oxd-text--span oxd-main-menu-item--name with color red
2026-09-14 10:24:11 [TestNG-test-OrangeHRM Test 1-3] INFO  BaseClass - WebDriver instance is closed for :  DataLoginTest
2026-09-14 10:24:19 [TestNG-test-OrangeHRM Test 1-4] INFO  ActionDriver - Element : Element with class: oxd-text oxd-text--span oxd-main-menu-item--name is not displayed
2026-09-14 10:24:19 [TestNG-test-OrangeHRM Test 1-4] INFO  ActionDriver - Border applied on Element with class: oxd-text oxd-text--span oxd-main-menu-item--name with color red
2026-09-14 10:24:30 [TestNG-test-OrangeHRM Test 1-4] INFO  BaseClass - WebDriver instance is closed for :  LoginTest
2026-09-14 10:25:29 [TestNG-test-OrangeHRM Test 1-1] INFO  DBConnection - Starting DB Connection ...
2026-09-14 10:25:34 [TestNG-test-OrangeHRM Test 1-1] INFO  DBConnection - DB Connection Successful ! 
2026-09-14 10:25:34 [TestNG-test-OrangeHRM Test 1-1] INFO  DBConnection - Executing query : SELECT emp_firstname, emp_middle_name, emp_lastname FROM hs_hr_employee WHERE employee_id = 3.0
2026-09-14 10:25:34 [TestNG-test-OrangeHRM Test 1-1] INFO  DBConnection - Query Executing Successfully !
2026-09-14 10:25:34 [TestNG-test-OrangeHRM Test 1-1] INFO  DBConnection - Employees Data Fetch : {firstName=Alice, lastName=Dubois, middleName=Marie}
2026-09-14 10:27:40 [TestNG-test-OrangeHRM Test 1-1] INFO  BaseClass - WebDriver instance is closed for :  DBVerificationTest
2026-09-14 10:27:40 [TestNG-test-OrangeHRM Test 1-1] INFO  BaseClass - properties.config File Loaded successfully
2026-09-14 10:27:44 [TestNG-test-OrangeHRM Test 1-1] INFO  BaseClass - ChromeDriver Instance Initialized successfully
2026-09-14 10:28:01 [TestNG-test-OrangeHRM Test 1-1] INFO  BaseClass - WebDriver Initialized and Browser Opened and Maximized
2026-09-14 10:28:01 [TestNG-test-OrangeHRM Test 1-1] TRACE BaseClass - This is a trace message
2026-09-14 10:28:01 [TestNG-test-OrangeHRM Test 1-1] DEBUG BaseClass - This is a debug message
2026-09-14 10:28:01 [TestNG-test-OrangeHRM Test 1-1] WARN  BaseClass - This is an warning message
2026-09-14 10:28:01 [TestNG-test-OrangeHRM Test 1-1] INFO  ActionDriver - WebDriver instance is created for : ActionDriver
2026-09-14 10:28:01 [TestNG-test-OrangeHRM Test 1-1] INFO  BaseClass - ActionDriver Initialize form Thread 28
2026-09-14 10:28:01 [TestNG-test-OrangeHRM Test 1-1] INFO  ActionDriver - WebDriver instance is created for : ActionDriver
2026-09-14 10:28:01 [TestNG-test-OrangeHRM Test 1-1] INFO  ActionDriver - Maximized a Browser !
2026-09-14 10:28:01 [TestNG-test-OrangeHRM Test 1-1] INFO  ActionDriver - Border applied on Element with name: username with color green
2026-09-14 10:28:01 [TestNG-test-OrangeHRM Test 1-1] INFO  ActionDriver - Value entered on Element with name: username is  orangehrm_chaker
2026-09-14 10:28:01 [TestNG-test-OrangeHRM Test 1-1] INFO  ActionDriver - Border applied on Element with name: password with color green
2026-09-14 10:28:01 [TestNG-test-OrangeHRM Test 1-1] INFO  ActionDriver - Value entered on Element with name: password is  AdminOrangeHRM12@!
2026-09-14 10:28:02 [TestNG-test-OrangeHRM Test 1-1] INFO  ActionDriver - Border applied on Element with text: Login with color green
2026-09-14 10:28:05 [TestNG-test-OrangeHRM Test 1-1] INFO  ActionDriver - Clicked on element  ---> : Element with text: Login
2026-09-14 10:28:07 [TestNG-test-OrangeHRM Test 1-1] INFO  ActionDriver - Border applied on Element with class: oxd-text oxd-text--span oxd-main-menu-item--name with color green
2026-09-14 10:28:48 [TestNG-test-OrangeHRM Test 1-1] INFO  ActionDriver - Border applied on Element with class: oxd-text oxd-text--span oxd-main-menu-item--name with color red
2026-09-14 10:32:51 [TestNG-test-OrangeHRM Test 1-1] INFO  DBConnection - Starting DB Connection ...
2026-09-14 10:32:51 [TestNG-test-OrangeHRM Test 1-1] INFO  DBConnection - DB Connection Successful ! 
2026-09-14 10:32:51 [TestNG-test-OrangeHRM Test 1-1] INFO  DBConnection - Executing query : SELECT emp_firstname, emp_middle_name, emp_lastname FROM hs_hr_employee WHERE employee_id = 3.0
2026-09-14 10:32:51 [TestNG-test-OrangeHRM Test 1-1] INFO  DBConnection - Query Executing Successfully !
2026-09-14 10:32:51 [TestNG-test-OrangeHRM Test 1-1] INFO  DBConnection - Employees Data Fetch : {firstName=Alice, lastName=Dubois, middleName=Marie}
2026-09-14 10:35:29 [TestNG-test-OrangeHRM Test 1-4] INFO  BaseClass - properties.config File Loaded successfully
2026-09-14 10:35:29 [TestNG-test-OrangeHRM Test 1-5] INFO  BaseClass - properties.config File Loaded successfully
2026-09-14 10:35:33 [TestNG-test-OrangeHRM Test 1-3] INFO  BaseClass - properties.config File Loaded successfully
2026-09-14 10:35:33 [TestNG-test-OrangeHRM Test 1-1] INFO  BaseClass - properties.config File Loaded successfully
2026-09-14 10:35:37 [TestNG-test-OrangeHRM Test 1-2] INFO  BaseClass - properties.config File Loaded successfully
2026-09-14 10:35:41 [TestNG-test-OrangeHRM Test 1-3] INFO  BaseClass - ChromeDriver Instance Initialized successfully
2026-09-14 10:35:41 [TestNG-test-OrangeHRM Test 1-4] INFO  BaseClass - ChromeDriver Instance Initialized successfully
2026-09-14 10:35:41 [TestNG-test-OrangeHRM Test 1-5] INFO  BaseClass - ChromeDriver Instance Initialized successfully
2026-09-14 10:35:41 [TestNG-test-OrangeHRM Test 1-1] INFO  BaseClass - ChromeDriver Instance Initialized successfully
2026-09-14 10:35:49 [TestNG-test-OrangeHRM Test 1-2] INFO  BaseClass - ChromeDriver Instance Initialized successfully
2026-09-14 10:36:03 [TestNG-test-OrangeHRM Test 1-4] INFO  BaseClass - WebDriver Initialized and Browser Opened and Maximized
2026-09-14 10:36:03 [TestNG-test-OrangeHRM Test 1-2] INFO  BaseClass - WebDriver Initialized and Browser Opened and Maximized
2026-09-14 10:36:03 [TestNG-test-OrangeHRM Test 1-4] TRACE BaseClass - This is a trace message
2026-09-14 10:36:03 [TestNG-test-OrangeHRM Test 1-2] TRACE BaseClass - This is a trace message
2026-09-14 10:36:03 [TestNG-test-OrangeHRM Test 1-2] DEBUG BaseClass - This is a debug message
2026-09-14 10:36:03 [TestNG-test-OrangeHRM Test 1-4] DEBUG BaseClass - This is a debug message
2026-09-14 10:36:03 [TestNG-test-OrangeHRM Test 1-2] WARN  BaseClass - This is an warning message
2026-09-14 10:36:03 [TestNG-test-OrangeHRM Test 1-4] WARN  BaseClass - This is an warning message
2026-09-14 10:36:03 [TestNG-test-OrangeHRM Test 1-2] INFO  ActionDriver - WebDriver instance is created for : ActionDriver
2026-09-14 10:36:03 [TestNG-test-OrangeHRM Test 1-2] INFO  BaseClass - ActionDriver Initialize form Thread 29
2026-09-14 10:36:03 [TestNG-test-OrangeHRM Test 1-4] INFO  ActionDriver - WebDriver instance is created for : ActionDriver
2026-09-14 10:36:03 [TestNG-test-OrangeHRM Test 1-4] INFO  BaseClass - ActionDriver Initialize form Thread 31
2026-09-14 10:36:03 [TestNG-test-OrangeHRM Test 1-3] INFO  BaseClass - WebDriver Initialized and Browser Opened and Maximized
2026-09-14 10:36:03 [TestNG-test-OrangeHRM Test 1-5] INFO  BaseClass - WebDriver Initialized and Browser Opened and Maximized
2026-09-14 10:36:03 [TestNG-test-OrangeHRM Test 1-1] INFO  BaseClass - WebDriver Initialized and Browser Opened and Maximized
2026-09-14 10:36:03 [TestNG-test-OrangeHRM Test 1-3] TRACE BaseClass - This is a trace message
2026-09-14 10:36:03 [TestNG-test-OrangeHRM Test 1-1] TRACE BaseClass - This is a trace message
2026-09-14 10:36:03 [TestNG-test-OrangeHRM Test 1-5] TRACE BaseClass - This is a trace message
2026-09-14 10:36:03 [TestNG-test-OrangeHRM Test 1-1] DEBUG BaseClass - This is a debug message
2026-09-14 10:36:03 [TestNG-test-OrangeHRM Test 1-3] DEBUG BaseClass - This is a debug message
2026-09-14 10:36:03 [TestNG-test-OrangeHRM Test 1-1] WARN  BaseClass - This is an warning message
2026-09-14 10:36:03 [TestNG-test-OrangeHRM Test 1-3] WARN  BaseClass - This is an warning message
2026-09-14 10:36:03 [TestNG-test-OrangeHRM Test 1-5] DEBUG BaseClass - This is a debug message
2026-09-14 10:36:03 [TestNG-test-OrangeHRM Test 1-1] INFO  ActionDriver - WebDriver instance is created for : ActionDriver
2026-09-14 10:36:03 [TestNG-test-OrangeHRM Test 1-1] INFO  BaseClass - ActionDriver Initialize form Thread 28
2026-09-14 10:36:03 [TestNG-test-OrangeHRM Test 1-5] WARN  BaseClass - This is an warning message
2026-09-14 10:36:03 [TestNG-test-OrangeHRM Test 1-3] INFO  ActionDriver - WebDriver instance is created for : ActionDriver
2026-09-14 10:36:03 [TestNG-test-OrangeHRM Test 1-5] INFO  ActionDriver - WebDriver instance is created for : ActionDriver
2026-09-14 10:36:03 [TestNG-test-OrangeHRM Test 1-3] INFO  BaseClass - ActionDriver Initialize form Thread 30
2026-09-14 10:36:03 [TestNG-test-OrangeHRM Test 1-5] INFO  BaseClass - ActionDriver Initialize form Thread 32
2026-09-14 10:36:04 [TestNG-test-OrangeHRM Test 1-1] INFO  ActionDriver - Border applied on Element with name: username with color green
2026-09-14 10:36:04 [TestNG-test-OrangeHRM Test 1-2] INFO  ActionDriver - Border applied on Element with name: username with color green
2026-09-14 10:36:04 [TestNG-test-OrangeHRM Test 1-3] INFO  ActionDriver - Border applied on Element with name: username with color green
2026-09-14 10:36:04 [TestNG-test-OrangeHRM Test 1-3] INFO  ActionDriver - Value entered on Element with name: username is  orangehrm_chaker
2026-09-14 10:36:04 [TestNG-test-OrangeHRM Test 1-2] INFO  ActionDriver - Value entered on Element with name: username is  orangehrm_chaker
2026-09-14 10:36:04 [TestNG-test-OrangeHRM Test 1-1] INFO  ActionDriver - Value entered on Element with name: username is  orangehrm_chaker
2026-09-14 10:36:04 [TestNG-test-OrangeHRM Test 1-3] INFO  ActionDriver - Border applied on Element with name: password with color green
2026-09-14 10:36:04 [TestNG-test-OrangeHRM Test 1-1] INFO  ActionDriver - Border applied on Element with name: password with color green
2026-09-14 10:36:04 [TestNG-test-OrangeHRM Test 1-2] INFO  ActionDriver - Border applied on Element with name: password with color green
2026-09-14 10:36:05 [TestNG-test-OrangeHRM Test 1-3] INFO  ActionDriver - Value entered on Element with name: password is  AdminOrangeHRM12@!!
2026-09-14 10:36:05 [TestNG-test-OrangeHRM Test 1-2] INFO  ActionDriver - Value entered on Element with name: password is  AdminOrangeHRM12@!
2026-09-14 10:36:05 [TestNG-test-OrangeHRM Test 1-1] INFO  ActionDriver - Value entered on Element with name: password is  AdminOrangeHRM12@!
2026-09-14 10:36:05 [TestNG-test-OrangeHRM Test 1-3] INFO  ActionDriver - Border applied on Element with text: Login with color green
2026-09-14 10:36:05 [TestNG-test-OrangeHRM Test 1-2] INFO  ActionDriver - Border applied on Element with text: Login with color green
2026-09-14 10:36:05 [TestNG-test-OrangeHRM Test 1-1] INFO  ActionDriver - Border applied on Element with text: Login with color green
2026-09-14 10:36:05 [TestNG-test-OrangeHRM Test 1-1] INFO  ActionDriver - Clicked on element  ---> : Element with text: Login
2026-09-14 10:36:06 [TestNG-test-OrangeHRM Test 1-4] INFO  BaseClass - WebDriver instance is closed for :  DummyClass
2026-09-14 10:36:06 [TestNG-test-OrangeHRM Test 1-4] INFO  BaseClass - properties.config File Loaded successfully
2026-09-14 10:36:08 [TestNG-test-OrangeHRM Test 1-5] INFO  BaseClass - WebDriver instance is closed for :  DummyClass2
2026-09-14 10:36:09 [TestNG-test-OrangeHRM Test 1-4] INFO  BaseClass - ChromeDriver Instance Initialized successfully
2026-09-14 10:36:11 [TestNG-test-OrangeHRM Test 1-3] INFO  ActionDriver - Clicked on element  ---> : Element with text: Login
2026-09-14 10:36:13 [TestNG-test-OrangeHRM Test 1-3] INFO  ActionDriver - Actual Text : Invalid credentials match to | Expected Value: Invalid credentials
2026-09-14 10:36:13 [TestNG-test-OrangeHRM Test 1-3] INFO  ActionDriver - Border applied on Element with text: Invalid credentials with color green
2026-09-14 10:36:14 [TestNG-test-OrangeHRM Test 1-4] INFO  BaseClass - WebDriver Initialized and Browser Opened and Maximized
2026-09-14 10:36:14 [TestNG-test-OrangeHRM Test 1-4] TRACE BaseClass - This is a trace message
2026-09-14 10:36:14 [TestNG-test-OrangeHRM Test 1-4] DEBUG BaseClass - This is a debug message
2026-09-14 10:36:14 [TestNG-test-OrangeHRM Test 1-4] WARN  BaseClass - This is an warning message
2026-09-14 10:36:14 [TestNG-test-OrangeHRM Test 1-4] INFO  ActionDriver - WebDriver instance is created for : ActionDriver
2026-09-14 10:36:14 [TestNG-test-OrangeHRM Test 1-4] INFO  BaseClass - ActionDriver Initialize form Thread 31
2026-09-14 10:36:15 [TestNG-test-OrangeHRM Test 1-3] INFO  BaseClass - WebDriver instance is closed for :  DataLoginTest
2026-09-14 10:36:15 [TestNG-test-OrangeHRM Test 1-3] INFO  BaseClass - properties.config File Loaded successfully
2026-09-14 10:36:16 [TestNG-test-OrangeHRM Test 1-2] INFO  ActionDriver - Clicked on element  ---> : Element with text: Login
2026-09-14 10:36:17 [TestNG-test-OrangeHRM Test 1-4] INFO  ActionDriver - Border applied on Element with name: username with color green
2026-09-14 10:36:17 [TestNG-test-OrangeHRM Test 1-4] INFO  ActionDriver - Value entered on Element with name: username is  orangehrm_chaker
2026-09-14 10:36:17 [TestNG-test-OrangeHRM Test 1-4] INFO  ActionDriver - Border applied on Element with name: password with color green
2026-09-14 10:36:18 [TestNG-test-OrangeHRM Test 1-4] INFO  ActionDriver - Value entered on Element with name: password is  AdminOrangeHRM12@!!
2026-09-14 10:36:20 [TestNG-test-OrangeHRM Test 1-3] INFO  BaseClass - ChromeDriver Instance Initialized successfully
2026-09-14 10:36:21 [TestNG-test-OrangeHRM Test 1-4] INFO  ActionDriver - Border applied on Element with text: Login with color green
2026-09-14 10:36:21 [TestNG-test-OrangeHRM Test 1-1] INFO  ActionDriver - Border applied on Element with class: oxd-text oxd-text--span oxd-main-menu-item--name with color green
2026-09-14 10:36:23 [TestNG-test-OrangeHRM Test 1-3] INFO  BaseClass - WebDriver Initialized and Browser Opened and Maximized
2026-09-14 10:36:23 [TestNG-test-OrangeHRM Test 1-3] TRACE BaseClass - This is a trace message
2026-09-14 10:36:23 [TestNG-test-OrangeHRM Test 1-3] DEBUG BaseClass - This is a debug message
2026-09-14 10:36:23 [TestNG-test-OrangeHRM Test 1-3] WARN  BaseClass - This is an warning message
2026-09-14 10:36:23 [TestNG-test-OrangeHRM Test 1-3] INFO  ActionDriver - WebDriver instance is created for : ActionDriver
2026-09-14 10:36:23 [TestNG-test-OrangeHRM Test 1-3] INFO  BaseClass - ActionDriver Initialize form Thread 30
2026-09-14 10:36:24 [TestNG-test-OrangeHRM Test 1-4] INFO  ActionDriver - Clicked on element  ---> : Element with text: Login
2026-09-14 10:36:24 [TestNG-test-OrangeHRM Test 1-3] INFO  ActionDriver - Border applied on Element with name: username with color green
2026-09-14 10:36:24 [TestNG-test-OrangeHRM Test 1-3] INFO  ActionDriver - Value entered on Element with name: username is  orangehrm_chaker
2026-09-14 10:36:25 [TestNG-test-OrangeHRM Test 1-3] INFO  ActionDriver - Border applied on Element with name: password with color green
2026-09-14 10:36:25 [TestNG-test-OrangeHRM Test 1-3] INFO  ActionDriver - Value entered on Element with name: password is  AdminOrangeHRM12@!
2026-09-14 10:36:25 [TestNG-test-OrangeHRM Test 1-3] INFO  ActionDriver - Border applied on Element with text: Login with color green
2026-09-14 10:36:25 [TestNG-test-OrangeHRM Test 1-4] INFO  ActionDriver - Actual Text : Invalid credentials match to | Expected Value: Invalid credentials
2026-09-14 10:36:27 [TestNG-test-OrangeHRM Test 1-4] INFO  ActionDriver - Border applied on Element with text: Invalid credentials with color green
2026-09-14 10:36:32 [TestNG-test-OrangeHRM Test 1-4] INFO  BaseClass - WebDriver instance is closed for :  LoginTest
2026-09-14 10:36:32 [TestNG-test-OrangeHRM Test 1-4] INFO  BaseClass - properties.config File Loaded successfully
2026-09-14 10:36:34 [TestNG-test-OrangeHRM Test 1-3] INFO  ActionDriver - Clicked on element  ---> : Element with text: Login
2026-09-14 10:36:36 [TestNG-test-OrangeHRM Test 1-4] INFO  BaseClass - ChromeDriver Instance Initialized successfully
2026-09-14 10:36:39 [TestNG-test-OrangeHRM Test 1-4] INFO  BaseClass - WebDriver Initialized and Browser Opened and Maximized
2026-09-14 10:36:39 [TestNG-test-OrangeHRM Test 1-4] TRACE BaseClass - This is a trace message
2026-09-14 10:36:39 [TestNG-test-OrangeHRM Test 1-4] DEBUG BaseClass - This is a debug message
2026-09-14 10:36:39 [TestNG-test-OrangeHRM Test 1-4] WARN  BaseClass - This is an warning message
2026-09-14 10:36:39 [TestNG-test-OrangeHRM Test 1-4] INFO  ActionDriver - WebDriver instance is created for : ActionDriver
2026-09-14 10:36:39 [TestNG-test-OrangeHRM Test 1-4] INFO  BaseClass - ActionDriver Initialize form Thread 31
2026-09-14 10:36:40 [TestNG-test-OrangeHRM Test 1-4] INFO  ActionDriver - Border applied on Element with name: username with color green
2026-09-14 10:36:40 [TestNG-test-OrangeHRM Test 1-4] INFO  ActionDriver - Value entered on Element with name: username is  orangehrm_chaker
2026-09-14 10:36:40 [TestNG-test-OrangeHRM Test 1-4] INFO  ActionDriver - Border applied on Element with name: password with color green
2026-09-14 10:36:40 [TestNG-test-OrangeHRM Test 1-4] INFO  ActionDriver - Value entered on Element with name: password is  AdminOrangeHRM12@!
2026-09-14 10:36:40 [TestNG-test-OrangeHRM Test 1-4] INFO  ActionDriver - Border applied on Element with text: Login with color green
2026-09-14 10:36:41 [TestNG-test-OrangeHRM Test 1-4] INFO  ActionDriver - Clicked on element  ---> : Element with text: Login
2026-09-14 10:36:45 [TestNG-test-OrangeHRM Test 1-2] INFO  ActionDriver - Element : Unable to describe the element is not displayed
2026-09-14 10:36:45 [TestNG-test-OrangeHRM Test 1-2] INFO  ActionDriver - Border applied on Unable to describe the element with color red
2026-09-14 10:36:49 [TestNG-test-OrangeHRM Test 1-2] INFO  BaseClass - WebDriver instance is closed for :  HomeTest
2026-09-14 10:36:49 [TestNG-test-OrangeHRM Test 1-2] INFO  BaseClass - properties.config File Loaded successfully
2026-09-14 10:36:52 [TestNG-test-OrangeHRM Test 1-2] INFO  BaseClass - ChromeDriver Instance Initialized successfully
2026-09-14 10:36:55 [TestNG-test-OrangeHRM Test 1-2] INFO  BaseClass - WebDriver Initialized and Browser Opened and Maximized
2026-09-14 10:36:55 [TestNG-test-OrangeHRM Test 1-2] TRACE BaseClass - This is a trace message
2026-09-14 10:36:55 [TestNG-test-OrangeHRM Test 1-2] DEBUG BaseClass - This is a debug message
2026-09-14 10:36:55 [TestNG-test-OrangeHRM Test 1-2] WARN  BaseClass - This is an warning message
2026-09-14 10:36:55 [TestNG-test-OrangeHRM Test 1-2] INFO  ActionDriver - WebDriver instance is created for : ActionDriver
2026-09-14 10:36:55 [TestNG-test-OrangeHRM Test 1-2] INFO  BaseClass - ActionDriver Initialize form Thread 29
2026-09-14 10:36:56 [TestNG-test-OrangeHRM Test 1-2] INFO  ActionDriver - Border applied on Element with name: username with color green
2026-09-14 10:36:56 [TestNG-test-OrangeHRM Test 1-2] INFO  ActionDriver - Value entered on Element with name: username is  orangehrm_chaker
2026-09-14 10:36:58 [TestNG-test-OrangeHRM Test 1-2] INFO  ActionDriver - Border applied on Element with name: password with color green
2026-09-14 10:36:59 [TestNG-test-OrangeHRM Test 1-2] INFO  ActionDriver - Value entered on Element with name: password is  AdminOrangeHRM12@!
2026-09-14 10:36:59 [TestNG-test-OrangeHRM Test 1-2] INFO  ActionDriver - Border applied on Element with text: Login with color green
2026-09-14 10:36:59 [TestNG-test-OrangeHRM Test 1-2] INFO  ActionDriver - Clicked on element  ---> : Element with text: Login
2026-09-14 10:37:01 [TestNG-test-OrangeHRM Test 1-1] INFO  ActionDriver - Border applied on Element with class: oxd-text oxd-text--span oxd-main-menu-item--name with color red
2026-09-14 10:37:02 [TestNG-test-OrangeHRM Test 1-3] INFO  ActionDriver - Element : Element with class: oxd-text oxd-text--span oxd-main-menu-item--name is not displayed
2026-09-14 10:37:02 [TestNG-test-OrangeHRM Test 1-3] INFO  ActionDriver - Border applied on Element with class: oxd-text oxd-text--span oxd-main-menu-item--name with color red
2026-09-14 10:37:02 [TestNG-test-OrangeHRM Test 1-3] INFO  BaseClass - WebDriver instance is closed for :  DataLoginTest
2026-09-14 10:37:02 [TestNG-test-OrangeHRM Test 1-3] INFO  BaseClass - properties.config File Loaded successfully
2026-09-14 10:37:05 [TestNG-test-OrangeHRM Test 1-3] INFO  BaseClass - ChromeDriver Instance Initialized successfully
2026-09-14 10:37:08 [TestNG-test-OrangeHRM Test 1-3] INFO  BaseClass - WebDriver Initialized and Browser Opened and Maximized
2026-09-14 10:37:08 [TestNG-test-OrangeHRM Test 1-3] TRACE BaseClass - This is a trace message
2026-09-14 10:37:08 [TestNG-test-OrangeHRM Test 1-3] DEBUG BaseClass - This is a debug message
2026-09-14 10:37:08 [TestNG-test-OrangeHRM Test 1-3] WARN  BaseClass - This is an warning message
2026-09-14 10:37:08 [TestNG-test-OrangeHRM Test 1-3] INFO  ActionDriver - WebDriver instance is created for : ActionDriver
2026-09-14 10:37:08 [TestNG-test-OrangeHRM Test 1-3] INFO  BaseClass - ActionDriver Initialize form Thread 30
2026-09-14 10:37:08 [TestNG-test-OrangeHRM Test 1-3] INFO  ActionDriver - Border applied on Element with name: username with color green
2026-09-14 10:37:08 [TestNG-test-OrangeHRM Test 1-3] INFO  ActionDriver - Value entered on Element with name: username is  orangehrm_chaker
2026-09-14 10:37:08 [TestNG-test-OrangeHRM Test 1-3] INFO  ActionDriver - Border applied on Element with name: password with color green
2026-09-14 10:37:09 [TestNG-test-OrangeHRM Test 1-3] INFO  ActionDriver - Value entered on Element with name: password is  AdminOrangeHRM12@!
2026-09-14 10:37:09 [TestNG-test-OrangeHRM Test 1-3] INFO  ActionDriver - Border applied on Element with text: Login with color green
2026-09-14 10:37:10 [TestNG-test-OrangeHRM Test 1-3] INFO  ActionDriver - Clicked on element  ---> : Element with text: Login
2026-09-14 10:37:12 [TestNG-test-OrangeHRM Test 1-4] INFO  ActionDriver - Element : Element with class: oxd-text oxd-text--span oxd-main-menu-item--name is not displayed
2026-09-14 10:37:12 [TestNG-test-OrangeHRM Test 1-4] INFO  ActionDriver - Border applied on Element with class: oxd-text oxd-text--span oxd-main-menu-item--name with color red
2026-09-14 10:37:13 [TestNG-test-OrangeHRM Test 1-4] INFO  BaseClass - WebDriver instance is closed for :  LoginTest
2026-09-14 10:37:13 [TestNG-test-OrangeHRM Test 1-4] INFO  BaseClass - properties.config File Loaded successfully
2026-09-14 10:37:18 [TestNG-test-OrangeHRM Test 1-4] INFO  BaseClass - ChromeDriver Instance Initialized successfully
2026-09-14 10:37:23 [TestNG-test-OrangeHRM Test 1-4] INFO  BaseClass - WebDriver Initialized and Browser Opened and Maximized
2026-09-14 10:37:23 [TestNG-test-OrangeHRM Test 1-4] TRACE BaseClass - This is a trace message
2026-09-14 10:37:23 [TestNG-test-OrangeHRM Test 1-4] DEBUG BaseClass - This is a debug message
2026-09-14 10:37:23 [TestNG-test-OrangeHRM Test 1-4] WARN  BaseClass - This is an warning message
2026-09-14 10:37:23 [TestNG-test-OrangeHRM Test 1-4] INFO  ActionDriver - WebDriver instance is created for : ActionDriver
2026-09-14 10:37:23 [TestNG-test-OrangeHRM Test 1-4] INFO  BaseClass - ActionDriver Initialize form Thread 31
2026-09-14 10:37:24 [TestNG-test-OrangeHRM Test 1-4] INFO  ActionDriver - Border applied on Element with name: username with color green
2026-09-14 10:37:25 [TestNG-test-OrangeHRM Test 1-4] INFO  ActionDriver - Value entered on Element with name: username is  orangehrm_chaker
2026-09-14 10:37:25 [TestNG-test-OrangeHRM Test 1-4] INFO  ActionDriver - Border applied on Element with name: password with color green
2026-09-14 10:37:25 [TestNG-test-OrangeHRM Test 1-4] INFO  ActionDriver - Value entered on Element with name: password is  AdminOrangeHRM12@!
2026-09-14 10:37:25 [TestNG-test-OrangeHRM Test 1-4] INFO  ActionDriver - Border applied on Element with text: Login with color green
2026-09-14 10:37:25 [TestNG-test-OrangeHRM Test 1-4] INFO  ActionDriver - Clicked on element  ---> : Element with text: Login
2026-09-14 10:37:28 [TestNG-test-OrangeHRM Test 1-2] INFO  ActionDriver - Element : Unable to describe the element is not displayed
2026-09-14 10:37:28 [TestNG-test-OrangeHRM Test 1-2] INFO  ActionDriver - Border applied on Unable to describe the element with color red
2026-09-14 10:37:33 [TestNG-test-OrangeHRM Test 1-2] INFO  BaseClass - WebDriver instance is closed for :  HomeTest
2026-09-14 10:37:33 [TestNG-test-OrangeHRM Test 1-2] INFO  BaseClass - properties.config File Loaded successfully
2026-09-14 10:37:35 [TestNG-test-OrangeHRM Test 1-2] INFO  BaseClass - ChromeDriver Instance Initialized successfully
2026-09-14 10:37:36 [TestNG-test-OrangeHRM Test 1-3] INFO  ActionDriver - Element : Element with class: oxd-text oxd-text--span oxd-main-menu-item--name is not displayed
2026-09-14 10:37:36 [TestNG-test-OrangeHRM Test 1-3] INFO  ActionDriver - Border applied on Element with class: oxd-text oxd-text--span oxd-main-menu-item--name with color red
2026-09-14 10:37:37 [TestNG-test-OrangeHRM Test 1-3] INFO  BaseClass - WebDriver instance is closed for :  DataLoginTest
2026-09-14 10:37:37 [TestNG-test-OrangeHRM Test 1-3] INFO  BaseClass - properties.config File Loaded successfully
2026-09-14 10:37:38 [TestNG-test-OrangeHRM Test 1-2] INFO  BaseClass - WebDriver Initialized and Browser Opened and Maximized
2026-09-14 10:37:38 [TestNG-test-OrangeHRM Test 1-2] TRACE BaseClass - This is a trace message
2026-09-14 10:37:38 [TestNG-test-OrangeHRM Test 1-2] DEBUG BaseClass - This is a debug message
2026-09-14 10:37:38 [TestNG-test-OrangeHRM Test 1-2] WARN  BaseClass - This is an warning message
2026-09-14 10:37:38 [TestNG-test-OrangeHRM Test 1-2] INFO  ActionDriver - WebDriver instance is created for : ActionDriver
2026-09-14 10:37:38 [TestNG-test-OrangeHRM Test 1-2] INFO  BaseClass - ActionDriver Initialize form Thread 29
2026-09-14 10:37:38 [TestNG-test-OrangeHRM Test 1-2] INFO  ActionDriver - Border applied on Element with name: username with color green
2026-09-14 10:37:38 [TestNG-test-OrangeHRM Test 1-2] INFO  ActionDriver - Value entered on Element with name: username is  orangehrm_chaker
2026-09-14 10:37:39 [TestNG-test-OrangeHRM Test 1-3] INFO  BaseClass - ChromeDriver Instance Initialized successfully
2026-09-14 10:37:39 [TestNG-test-OrangeHRM Test 1-2] INFO  ActionDriver - Border applied on Element with name: password with color green
2026-09-14 10:37:39 [TestNG-test-OrangeHRM Test 1-2] INFO  ActionDriver - Value entered on Element with name: password is  AdminOrangeHRM12@!
2026-09-14 10:37:39 [TestNG-test-OrangeHRM Test 1-2] INFO  ActionDriver - Border applied on Element with text: Login with color green
2026-09-14 10:37:39 [TestNG-test-OrangeHRM Test 1-2] INFO  ActionDriver - Clicked on element  ---> : Element with text: Login
2026-09-14 10:37:42 [TestNG-test-OrangeHRM Test 1-3] INFO  BaseClass - WebDriver Initialized and Browser Opened and Maximized
2026-09-14 10:37:42 [TestNG-test-OrangeHRM Test 1-3] TRACE BaseClass - This is a trace message
2026-09-14 10:37:42 [TestNG-test-OrangeHRM Test 1-3] DEBUG BaseClass - This is a debug message
2026-09-14 10:37:42 [TestNG-test-OrangeHRM Test 1-3] WARN  BaseClass - This is an warning message
2026-09-14 10:37:42 [TestNG-test-OrangeHRM Test 1-3] INFO  ActionDriver - WebDriver instance is created for : ActionDriver
2026-09-14 10:37:42 [TestNG-test-OrangeHRM Test 1-3] INFO  BaseClass - ActionDriver Initialize form Thread 30
2026-09-14 10:37:42 [TestNG-test-OrangeHRM Test 1-3] INFO  ActionDriver - Border applied on Element with name: username with color green
2026-09-14 10:37:42 [TestNG-test-OrangeHRM Test 1-3] INFO  ActionDriver - Value entered on Element with name: username is  orangehrm_chaker
2026-09-14 10:37:42 [TestNG-test-OrangeHRM Test 1-3] INFO  ActionDriver - Border applied on Element with name: password with color green
2026-09-14 10:37:42 [TestNG-test-OrangeHRM Test 1-3] INFO  ActionDriver - Value entered on Element with name: password is  AdminOrangeHRM12@!
2026-09-14 10:37:43 [TestNG-test-OrangeHRM Test 1-3] INFO  ActionDriver - Border applied on Element with text: Login with color green
2026-09-14 10:37:43 [TestNG-test-OrangeHRM Test 1-3] INFO  ActionDriver - Clicked on element  ---> : Element with text: Login
2026-09-14 10:37:58 [TestNG-test-OrangeHRM Test 1-4] INFO  ActionDriver - Element : Element with class: oxd-text oxd-text--span oxd-main-menu-item--name is not displayed
2026-09-14 10:37:58 [TestNG-test-OrangeHRM Test 1-4] INFO  ActionDriver - Border applied on Element with class: oxd-text oxd-text--span oxd-main-menu-item--name with color red
2026-09-14 10:37:59 [TestNG-test-OrangeHRM Test 1-4] INFO  BaseClass - WebDriver instance is closed for :  LoginTest
2026-09-14 10:37:59 [TestNG-test-OrangeHRM Test 1-4] INFO  BaseClass - properties.config File Loaded successfully
2026-09-14 10:38:00 [TestNG-test-OrangeHRM Test 1-4] INFO  BaseClass - ChromeDriver Instance Initialized successfully
2026-09-14 10:38:03 [TestNG-test-OrangeHRM Test 1-4] INFO  BaseClass - WebDriver Initialized and Browser Opened and Maximized
2026-09-14 10:38:03 [TestNG-test-OrangeHRM Test 1-4] TRACE BaseClass - This is a trace message
2026-09-14 10:38:03 [TestNG-test-OrangeHRM Test 1-4] DEBUG BaseClass - This is a debug message
2026-09-14 10:38:03 [TestNG-test-OrangeHRM Test 1-4] WARN  BaseClass - This is an warning message
2026-09-14 10:38:03 [TestNG-test-OrangeHRM Test 1-4] INFO  ActionDriver - WebDriver instance is created for : ActionDriver
2026-09-14 10:38:03 [TestNG-test-OrangeHRM Test 1-4] INFO  BaseClass - ActionDriver Initialize form Thread 31
2026-09-14 10:38:04 [TestNG-test-OrangeHRM Test 1-4] INFO  ActionDriver - Border applied on Element with name: username with color green
2026-09-14 10:38:04 [TestNG-test-OrangeHRM Test 1-4] INFO  ActionDriver - Value entered on Element with name: username is  orangehrm_chaker
2026-09-14 10:38:04 [TestNG-test-OrangeHRM Test 1-4] INFO  ActionDriver - Border applied on Element with name: password with color green
2026-09-14 10:38:05 [TestNG-test-OrangeHRM Test 1-4] INFO  ActionDriver - Value entered on Element with name: password is  AdminOrangeHRM12@!
2026-09-14 10:38:05 [TestNG-test-OrangeHRM Test 1-4] INFO  ActionDriver - Border applied on Element with text: Login with color green
2026-09-14 10:38:05 [TestNG-test-OrangeHRM Test 1-4] INFO  ActionDriver - Clicked on element  ---> : Element with text: Login
2026-09-14 10:38:07 [TestNG-test-OrangeHRM Test 1-2] INFO  ActionDriver - Element : Unable to describe the element is not displayed
2026-09-14 10:38:07 [TestNG-test-OrangeHRM Test 1-2] INFO  ActionDriver - Border applied on Unable to describe the element with color red
2026-09-14 10:38:07 [TestNG-test-OrangeHRM Test 1-2] INFO  BaseClass - WebDriver instance is closed for :  HomeTest
2026-09-14 10:38:10 [TestNG-test-OrangeHRM Test 1-3] INFO  ActionDriver - Element : Element with class: oxd-text oxd-text--span oxd-main-menu-item--name is not displayed
2026-09-14 10:38:10 [TestNG-test-OrangeHRM Test 1-3] INFO  ActionDriver - Border applied on Element with class: oxd-text oxd-text--span oxd-main-menu-item--name with color red
2026-09-14 10:38:10 [TestNG-test-OrangeHRM Test 1-3] INFO  BaseClass - WebDriver instance is closed for :  DataLoginTest
2026-09-14 10:38:34 [TestNG-test-OrangeHRM Test 1-4] INFO  ActionDriver - Element : Element with class: oxd-text oxd-text--span oxd-main-menu-item--name is not displayed
2026-09-14 10:38:34 [TestNG-test-OrangeHRM Test 1-4] INFO  ActionDriver - Border applied on Element with class: oxd-text oxd-text--span oxd-main-menu-item--name with color red
2026-09-14 10:38:36 [TestNG-test-OrangeHRM Test 1-4] INFO  BaseClass - WebDriver instance is closed for :  LoginTest
2026-09-14 10:41:07 [TestNG-test-OrangeHRM Test 1-1] INFO  DBConnection - Starting DB Connection ...
2026-09-14 10:41:08 [TestNG-test-OrangeHRM Test 1-1] INFO  DBConnection - DB Connection Successful ! 
2026-09-14 10:41:08 [TestNG-test-OrangeHRM Test 1-1] INFO  DBConnection - Executing query : SELECT emp_firstname, emp_middle_name, emp_lastname FROM hs_hr_employee WHERE employee_id = 3.0
2026-09-14 10:41:08 [TestNG-test-OrangeHRM Test 1-1] INFO  DBConnection - Query Executing Successfully !
2026-09-14 10:41:08 [TestNG-test-OrangeHRM Test 1-1] INFO  DBConnection - Employees Data Fetch : {firstName=Alice, lastName=Dubois, middleName=Marie}
2026-09-14 10:43:14 [TestNG-test-OrangeHRM Test 1-1] INFO  BaseClass - WebDriver instance is closed for :  DBVerificationTest
2026-09-14 10:43:14 [TestNG-test-OrangeHRM Test 1-1] INFO  BaseClass - properties.config File Loaded successfully
2026-09-14 10:43:17 [TestNG-test-OrangeHRM Test 1-1] INFO  BaseClass - ChromeDriver Instance Initialized successfully
2026-09-14 10:43:20 [TestNG-test-OrangeHRM Test 1-1] INFO  BaseClass - WebDriver Initialized and Browser Opened and Maximized
2026-09-14 10:43:20 [TestNG-test-OrangeHRM Test 1-1] TRACE BaseClass - This is a trace message
2026-09-14 10:43:20 [TestNG-test-OrangeHRM Test 1-1] DEBUG BaseClass - This is a debug message
2026-09-14 10:43:20 [TestNG-test-OrangeHRM Test 1-1] WARN  BaseClass - This is an warning message
2026-09-14 10:43:20 [TestNG-test-OrangeHRM Test 1-1] INFO  ActionDriver - WebDriver instance is created for : ActionDriver
2026-09-14 10:43:20 [TestNG-test-OrangeHRM Test 1-1] INFO  BaseClass - ActionDriver Initialize form Thread 28
2026-09-14 10:43:20 [TestNG-test-OrangeHRM Test 1-1] INFO  ActionDriver - Border applied on Element with name: username with color green
2026-09-14 10:43:20 [TestNG-test-OrangeHRM Test 1-1] INFO  ActionDriver - Value entered on Element with name: username is  orangehrm_chaker
2026-09-14 10:43:21 [TestNG-test-OrangeHRM Test 1-1] INFO  ActionDriver - Border applied on Element with name: password with color green
2026-09-14 10:43:21 [TestNG-test-OrangeHRM Test 1-1] INFO  ActionDriver - Value entered on Element with name: password is  AdminOrangeHRM12@!
2026-09-14 10:43:21 [TestNG-test-OrangeHRM Test 1-1] INFO  ActionDriver - Border applied on Element with text: Login with color green
2026-09-14 10:43:23 [TestNG-test-OrangeHRM Test 1-1] INFO  ActionDriver - Clicked on element  ---> : Element with text: Login
2026-09-14 10:43:23 [TestNG-test-OrangeHRM Test 1-1] INFO  ActionDriver - Border applied on Element with class: oxd-text oxd-text--span oxd-main-menu-item--name with color green
2026-09-14 10:44:04 [TestNG-test-OrangeHRM Test 1-1] INFO  ActionDriver - Border applied on Element with class: oxd-text oxd-text--span oxd-main-menu-item--name with color red
2026-09-14 10:48:07 [TestNG-test-OrangeHRM Test 1-1] INFO  DBConnection - Starting DB Connection ...
2026-09-14 10:48:07 [TestNG-test-OrangeHRM Test 1-1] INFO  DBConnection - DB Connection Successful ! 
2026-09-14 10:48:07 [TestNG-test-OrangeHRM Test 1-1] INFO  DBConnection - Executing query : SELECT emp_firstname, emp_middle_name, emp_lastname FROM hs_hr_employee WHERE employee_id = 3.0
2026-09-14 10:48:07 [TestNG-test-OrangeHRM Test 1-1] INFO  DBConnection - Query Executing Successfully !
2026-09-14 10:48:07 [TestNG-test-OrangeHRM Test 1-1] INFO  DBConnection - Employees Data Fetch : {firstName=Alice, lastName=Dubois, middleName=Marie}
2026-09-14 10:50:10 [TestNG-test-OrangeHRM Test 1-1] INFO  BaseClass - WebDriver instance is closed for :  DBVerificationTest
2026-09-14 10:50:10 [TestNG-test-OrangeHRM Test 1-1] INFO  BaseClass - properties.config File Loaded successfully
2026-09-14 10:50:12 [TestNG-test-OrangeHRM Test 1-1] INFO  BaseClass - ChromeDriver Instance Initialized successfully
2026-09-14 10:50:17 [TestNG-test-OrangeHRM Test 1-1] INFO  BaseClass - WebDriver Initialized and Browser Opened and Maximized
2026-09-14 10:50:17 [TestNG-test-OrangeHRM Test 1-1] TRACE BaseClass - This is a trace message
2026-09-14 10:50:17 [TestNG-test-OrangeHRM Test 1-1] DEBUG BaseClass - This is a debug message
2026-09-14 10:50:17 [TestNG-test-OrangeHRM Test 1-1] WARN  BaseClass - This is an warning message
2026-09-14 10:50:17 [TestNG-test-OrangeHRM Test 1-1] INFO  ActionDriver - WebDriver instance is created for : ActionDriver
2026-09-14 10:50:17 [TestNG-test-OrangeHRM Test 1-1] INFO  BaseClass - ActionDriver Initialize form Thread 28
2026-09-14 10:50:18 [TestNG-test-OrangeHRM Test 1-1] INFO  ActionDriver - Border applied on Element with name: username with color green
2026-09-14 10:50:18 [TestNG-test-OrangeHRM Test 1-1] INFO  ActionDriver - Value entered on Element with name: username is  orangehrm_chaker
2026-09-14 10:50:18 [TestNG-test-OrangeHRM Test 1-1] INFO  ActionDriver - Border applied on Element with name: password with color green
2026-09-14 10:50:18 [TestNG-test-OrangeHRM Test 1-1] INFO  ActionDriver - Value entered on Element with name: password is  AdminOrangeHRM12@!
2026-09-14 10:50:18 [TestNG-test-OrangeHRM Test 1-1] INFO  ActionDriver - Border applied on Element with text: Login with color green
2026-09-14 10:50:20 [TestNG-test-OrangeHRM Test 1-1] INFO  ActionDriver - Clicked on element  ---> : Element with text: Login
2026-09-14 10:50:21 [TestNG-test-OrangeHRM Test 1-1] INFO  ActionDriver - Border applied on Element with class: oxd-text oxd-text--span oxd-main-menu-item--name with color green
2026-09-14 10:51:01 [TestNG-test-OrangeHRM Test 1-1] INFO  ActionDriver - Border applied on Element with class: oxd-text oxd-text--span oxd-main-menu-item--name with color red
2026-09-14 10:55:04 [TestNG-test-OrangeHRM Test 1-1] INFO  DBConnection - Starting DB Connection ...
2026-09-14 10:55:04 [TestNG-test-OrangeHRM Test 1-1] INFO  DBConnection - DB Connection Successful ! 
2026-09-14 10:55:04 [TestNG-test-OrangeHRM Test 1-1] INFO  DBConnection - Executing query : SELECT emp_firstname, emp_middle_name, emp_lastname FROM hs_hr_employee WHERE employee_id = 3.0
2026-09-14 10:55:04 [TestNG-test-OrangeHRM Test 1-1] INFO  DBConnection - Query Executing Successfully !
2026-09-14 10:55:04 [TestNG-test-OrangeHRM Test 1-1] INFO  DBConnection - Employees Data Fetch : {firstName=Alice, lastName=Dubois, middleName=Marie}
2026-09-14 10:57:06 [TestNG-test-OrangeHRM Test 1-1] INFO  BaseClass - WebDriver instance is closed for :  DBVerificationTest
2026-09-14 11:40:31 [main] INFO  BaseClass - properties.config File Loaded successfully
2026-09-14 11:40:31 [TestNG-test-OrangeHRM Test 1-5] INFO  BaseClass - properties.config File Loaded successfully
2026-09-14 11:40:31 [TestNG-test-OrangeHRM Test 1-4] INFO  BaseClass - properties.config File Loaded successfully
2026-09-14 11:40:33 [TestNG-test-OrangeHRM Test 1-3] INFO  BaseClass - properties.config File Loaded successfully
2026-09-14 11:40:33 [TestNG-test-OrangeHRM Test 1-1] INFO  BaseClass - properties.config File Loaded successfully
2026-09-14 11:40:36 [TestNG-test-OrangeHRM Test 1-2] INFO  BaseClass - properties.config File Loaded successfully
2026-09-14 11:40:53 [TestNG-test-OrangeHRM Test 1-1] INFO  BaseClass - ChromeDriver Instance Initialized successfully
2026-09-14 11:40:59 [TestNG-test-OrangeHRM Test 1-1] INFO  BaseClass - WebDriver Initialized and Browser Opened and Maximized
2026-09-14 11:40:59 [TestNG-test-OrangeHRM Test 1-1] INFO  ActionDriver - WebDriver instance is created for : ActionDriver
2026-09-14 11:40:59 [TestNG-test-OrangeHRM Test 1-1] INFO  BaseClass - ActionDriver Initialize form Thread 28
2026-09-14 11:41:01 [TestNG-test-OrangeHRM Test 1-2] INFO  BaseClass - ChromeDriver Instance Initialized successfully
2026-09-14 11:41:03 [TestNG-test-OrangeHRM Test 1-1] INFO  ActionDriver - Border applied on Element with name: username with color green
2026-09-14 11:41:03 [TestNG-test-OrangeHRM Test 1-3] INFO  BaseClass - ChromeDriver Instance Initialized successfully
2026-09-14 11:41:05 [TestNG-test-OrangeHRM Test 1-1] INFO  ActionDriver - Value entered on Element with name: username is  orangehrm_chaker
2026-09-14 11:41:08 [TestNG-test-OrangeHRM Test 1-4] INFO  BaseClass - ChromeDriver Instance Initialized successfully
2026-09-14 11:41:08 [TestNG-test-OrangeHRM Test 1-5] INFO  BaseClass - ChromeDriver Instance Initialized successfully
2026-09-14 11:41:10 [TestNG-test-OrangeHRM Test 1-1] INFO  ActionDriver - Border applied on Element with name: password with color green
2026-09-14 11:41:11 [TestNG-test-OrangeHRM Test 1-1] INFO  ActionDriver - Value entered on Element with name: password is  AdminOrangeHRM12@!
2026-09-14 11:41:11 [TestNG-test-OrangeHRM Test 1-2] INFO  BaseClass - WebDriver Initialized and Browser Opened and Maximized
2026-09-14 11:41:11 [TestNG-test-OrangeHRM Test 1-2] INFO  ActionDriver - WebDriver instance is created for : ActionDriver
2026-09-14 11:41:11 [TestNG-test-OrangeHRM Test 1-2] INFO  BaseClass - ActionDriver Initialize form Thread 29
2026-09-14 11:41:11 [TestNG-test-OrangeHRM Test 1-1] INFO  ActionDriver - Border applied on Element with text: Login with color green
2026-09-14 11:41:13 [TestNG-test-OrangeHRM Test 1-2] INFO  ActionDriver - Border applied on Element with name: username with color green
2026-09-14 11:41:13 [TestNG-test-OrangeHRM Test 1-2] INFO  ActionDriver - Value entered on Element with name: username is  orangehrm_chaker
2026-09-14 11:41:14 [TestNG-test-OrangeHRM Test 1-2] INFO  ActionDriver - Border applied on Element with name: password with color green
2026-09-14 11:41:14 [TestNG-test-OrangeHRM Test 1-2] INFO  ActionDriver - Value entered on Element with name: password is  AdminOrangeHRM12@!
2026-09-14 11:41:14 [TestNG-test-OrangeHRM Test 1-3] INFO  BaseClass - WebDriver Initialized and Browser Opened and Maximized
2026-09-14 11:41:14 [TestNG-test-OrangeHRM Test 1-3] INFO  ActionDriver - WebDriver instance is created for : ActionDriver
2026-09-14 11:41:14 [TestNG-test-OrangeHRM Test 1-3] INFO  BaseClass - ActionDriver Initialize form Thread 30
2026-09-14 11:41:14 [TestNG-test-OrangeHRM Test 1-2] INFO  ActionDriver - Border applied on Element with text: Login with color green
2026-09-14 11:41:15 [TestNG-test-OrangeHRM Test 1-4] INFO  BaseClass - WebDriver Initialized and Browser Opened and Maximized
2026-09-14 11:41:15 [TestNG-test-OrangeHRM Test 1-4] INFO  ActionDriver - WebDriver instance is created for : ActionDriver
2026-09-14 11:41:15 [TestNG-test-OrangeHRM Test 1-4] INFO  BaseClass - ActionDriver Initialize form Thread 31
2026-09-14 11:41:15 [TestNG-test-OrangeHRM Test 1-3] INFO  ActionDriver - Border applied on Element with name: username with color green
2026-09-14 11:41:15 [TestNG-test-OrangeHRM Test 1-3] INFO  ActionDriver - Value entered on Element with name: username is  orangehrm_chaker
2026-09-14 11:41:16 [TestNG-test-OrangeHRM Test 1-3] INFO  ActionDriver - Border applied on Element with name: password with color green
2026-09-14 11:41:16 [TestNG-test-OrangeHRM Test 1-3] INFO  ActionDriver - Value entered on Element with name: password is  AdminOrangeHRM12@!!
2026-09-14 11:41:16 [TestNG-test-OrangeHRM Test 1-5] INFO  BaseClass - WebDriver Initialized and Browser Opened and Maximized
2026-09-14 11:41:16 [TestNG-test-OrangeHRM Test 1-5] INFO  ActionDriver - WebDriver instance is created for : ActionDriver
2026-09-14 11:41:16 [TestNG-test-OrangeHRM Test 1-5] INFO  BaseClass - ActionDriver Initialize form Thread 32
2026-09-14 11:41:16 [TestNG-test-OrangeHRM Test 1-3] INFO  ActionDriver - Border applied on Element with text: Login with color green
2026-09-14 11:41:16 [TestNG-test-OrangeHRM Test 1-3] INFO  ActionDriver - Clicked on element  ---> : Element with text: Login
2026-09-14 11:41:17 [TestNG-test-OrangeHRM Test 1-4] INFO  BaseClass - WebDriver instance is closed for :  DummyClass
2026-09-14 11:41:17 [TestNG-test-OrangeHRM Test 1-4] INFO  BaseClass - properties.config File Loaded successfully
2026-09-14 11:41:17 [TestNG-test-OrangeHRM Test 1-1] INFO  ActionDriver - Clicked on element  ---> : Element with text: Login
2026-09-14 11:41:18 [TestNG-test-OrangeHRM Test 1-5] INFO  BaseClass - WebDriver instance is closed for :  DummyClass2
2026-09-14 11:41:18 [TestNG-test-OrangeHRM Test 1-2] INFO  ActionDriver - Clicked on element  ---> : Element with text: Login
2026-09-14 11:41:18 [TestNG-test-OrangeHRM Test 1-1] INFO  ActionDriver - Border applied on Element with text: PIM with color green
2026-09-14 11:41:20 [TestNG-test-OrangeHRM Test 1-4] INFO  BaseClass - ChromeDriver Instance Initialized successfully
2026-09-14 11:41:22 [TestNG-test-OrangeHRM Test 1-2] INFO  ActionDriver - Element : Unable to describe the element is displayed
2026-09-14 11:41:23 [TestNG-test-OrangeHRM Test 1-3] INFO  ActionDriver - Actual Text : Invalid credentials match to | Expected Value: Invalid credentials
2026-09-14 11:41:23 [TestNG-test-OrangeHRM Test 1-2] INFO  ActionDriver - Border applied on Unable to describe the element with color green
2026-09-14 11:41:24 [TestNG-test-OrangeHRM Test 1-3] INFO  ActionDriver - Border applied on Element with text: Invalid credentials with color green
2026-09-14 11:41:25 [TestNG-test-OrangeHRM Test 1-4] INFO  BaseClass - WebDriver Initialized and Browser Opened and Maximized
2026-09-14 11:41:25 [TestNG-test-OrangeHRM Test 1-4] INFO  ActionDriver - WebDriver instance is created for : ActionDriver
2026-09-14 11:41:25 [TestNG-test-OrangeHRM Test 1-4] INFO  BaseClass - ActionDriver Initialize form Thread 31
2026-09-14 11:41:25 [TestNG-test-OrangeHRM Test 1-3] INFO  BaseClass - WebDriver instance is closed for :  DataLoginTest
2026-09-14 11:41:25 [TestNG-test-OrangeHRM Test 1-3] INFO  BaseClass - properties.config File Loaded successfully
2026-09-14 11:41:26 [TestNG-test-OrangeHRM Test 1-2] INFO  BaseClass - WebDriver instance is closed for :  HomeTest
2026-09-14 11:41:26 [TestNG-test-OrangeHRM Test 1-4] INFO  ActionDriver - Border applied on Element with name: username with color green
2026-09-14 11:41:26 [TestNG-test-OrangeHRM Test 1-4] INFO  ActionDriver - Value entered on Element with name: username is  orangehrm_chaker
2026-09-14 11:41:26 [TestNG-test-OrangeHRM Test 1-4] INFO  ActionDriver - Border applied on Element with name: password with color green
2026-09-14 11:41:27 [TestNG-test-OrangeHRM Test 1-4] INFO  ActionDriver - Value entered on Element with name: password is  AdminOrangeHRM12@!!
2026-09-14 11:41:27 [TestNG-test-OrangeHRM Test 1-4] INFO  ActionDriver - Border applied on Element with text: Login with color green
2026-09-14 11:41:29 [TestNG-test-OrangeHRM Test 1-3] INFO  BaseClass - ChromeDriver Instance Initialized successfully
2026-09-14 11:41:29 [TestNG-test-OrangeHRM Test 1-1] INFO  ActionDriver - Clicked on element  ---> : Element with text: PIM
2026-09-14 11:41:32 [TestNG-test-OrangeHRM Test 1-1] INFO  ActionDriver - Border applied on Element with placeholder: Type for hints... with color green
2026-09-14 11:41:33 [TestNG-test-OrangeHRM Test 1-4] INFO  ActionDriver - Clicked on element  ---> : Element with text: Login
2026-09-14 11:41:33 [TestNG-test-OrangeHRM Test 1-1] INFO  ActionDriver - Value entered on Element with placeholder: Type for hints... is  alice
2026-09-14 11:41:34 [TestNG-test-OrangeHRM Test 1-1] INFO  ActionDriver - Border applied on Element with text: Search with color green
2026-09-14 11:41:34 [TestNG-test-OrangeHRM Test 1-3] INFO  BaseClass - WebDriver Initialized and Browser Opened and Maximized
2026-09-14 11:41:34 [TestNG-test-OrangeHRM Test 1-3] INFO  ActionDriver - WebDriver instance is created for : ActionDriver
2026-09-14 11:41:34 [TestNG-test-OrangeHRM Test 1-3] INFO  BaseClass - ActionDriver Initialize form Thread 30
2026-09-14 11:41:35 [TestNG-test-OrangeHRM Test 1-1] INFO  ActionDriver - Clicked on element  ---> : Element with text: Search
2026-09-14 11:41:36 [TestNG-test-OrangeHRM Test 1-3] INFO  ActionDriver - Border applied on Element with name: username with color green
2026-09-14 11:41:36 [TestNG-test-OrangeHRM Test 1-4] INFO  ActionDriver - Actual Text : Invalid credentials match to | Expected Value: Invalid credentials
2026-09-14 11:41:37 [TestNG-test-OrangeHRM Test 1-3] INFO  ActionDriver - Value entered on Element with name: username is  orangehrm_chaker
2026-09-14 11:41:37 [TestNG-test-OrangeHRM Test 1-4] INFO  ActionDriver - Border applied on Element with text: Invalid credentials with color green
2026-09-14 11:41:37 [TestNG-test-OrangeHRM Test 1-3] INFO  ActionDriver - Border applied on Element with name: password with color green
2026-09-14 11:41:37 [TestNG-test-OrangeHRM Test 1-3] INFO  ActionDriver - Value entered on Element with name: password is  AdminOrangeHRM12@!
2026-09-14 11:41:38 [TestNG-test-OrangeHRM Test 1-3] INFO  ActionDriver - Border applied on Element with text: Login with color green
2026-09-14 11:41:38 [TestNG-test-OrangeHRM Test 1-4] INFO  BaseClass - WebDriver instance is closed for :  LoginTest
2026-09-14 11:41:38 [TestNG-test-OrangeHRM Test 1-4] INFO  BaseClass - properties.config File Loaded successfully
2026-09-14 11:41:38 [TestNG-test-OrangeHRM Test 1-3] INFO  ActionDriver - Clicked on element  ---> : Element with text: Login
2026-09-14 11:41:39 [TestNG-test-OrangeHRM Test 1-1] INFO  ActionDriver - Border applied on Element with text: Alice Marie with color green
2026-09-14 11:41:39 [TestNG-test-OrangeHRM Test 1-1] INFO  ActionDriver - Scrolled to element using JS : Element with text: Alice Marie
2026-09-14 11:41:39 [TestNG-test-OrangeHRM Test 1-1] INFO  DBConnection - Starting DB Connection ...
2026-09-14 11:41:40 [TestNG-test-OrangeHRM Test 1-4] INFO  BaseClass - ChromeDriver Instance Initialized successfully
2026-09-14 11:41:41 [TestNG-test-OrangeHRM Test 1-1] INFO  DBConnection - DB Connection Successful ! 
2026-09-14 11:41:41 [TestNG-test-OrangeHRM Test 1-1] INFO  DBConnection - Executing query : SELECT emp_firstname, emp_middle_name, emp_lastname FROM hs_hr_employee WHERE employee_id = 3.0
2026-09-14 11:41:41 [TestNG-test-OrangeHRM Test 1-1] INFO  DBConnection - Query Executing Successfully !
2026-09-14 11:41:41 [TestNG-test-OrangeHRM Test 1-1] INFO  DBConnection - Employees Data Fetch : {firstName=Alice, lastName=Dubois, middleName=Marie}
2026-09-14 11:41:41 [TestNG-test-OrangeHRM Test 1-1] INFO  ActionDriver - Actual Text : Alice Marie match to | Expected Value: Alice Marie
2026-09-14 11:41:41 [TestNG-test-OrangeHRM Test 1-1] INFO  ActionDriver - Border applied on Element with text: Alice Marie with color green
2026-09-14 11:41:41 [TestNG-test-OrangeHRM Test 1-1] INFO  ActionDriver - Actual Text : Dubois match to | Expected Value: Dubois
2026-09-14 11:41:41 [TestNG-test-OrangeHRM Test 1-1] INFO  ActionDriver - Border applied on Element with text: Dubois with color green
2026-09-14 11:41:43 [TestNG-test-OrangeHRM Test 1-3] INFO  ActionDriver - Element : Element with text: Admin is displayed
2026-09-14 11:41:43 [TestNG-test-OrangeHRM Test 1-3] INFO  ActionDriver - Border applied on Element with text: Admin with color green
2026-09-14 11:41:43 [TestNG-test-OrangeHRM Test 1-3] INFO  ActionDriver - Border applied on Element with text: Chaker Ben Said with color green
2026-09-14 11:41:43 [TestNG-test-OrangeHRM Test 1-3] INFO  ActionDriver - Clicked on element  ---> : Element with text: Chaker Ben Said
2026-09-14 11:41:44 [TestNG-test-OrangeHRM Test 1-1] INFO  BaseClass - WebDriver instance is closed for :  DBVerificationTest
2026-09-14 11:41:44 [TestNG-test-OrangeHRM Test 1-3] INFO  ActionDriver - Border applied on Element with text: Logout with color green
2026-09-14 11:41:44 [TestNG-test-OrangeHRM Test 1-4] INFO  BaseClass - WebDriver Initialized and Browser Opened and Maximized
2026-09-14 11:41:44 [TestNG-test-OrangeHRM Test 1-4] INFO  ActionDriver - WebDriver instance is created for : ActionDriver
2026-09-14 11:41:44 [TestNG-test-OrangeHRM Test 1-4] INFO  BaseClass - ActionDriver Initialize form Thread 31
2026-09-14 11:41:44 [TestNG-test-OrangeHRM Test 1-4] INFO  ActionDriver - Border applied on Element with name: username with color green
2026-09-14 11:41:44 [TestNG-test-OrangeHRM Test 1-4] INFO  ActionDriver - Value entered on Element with name: username is  orangehrm_chaker
2026-09-14 11:41:44 [TestNG-test-OrangeHRM Test 1-4] INFO  ActionDriver - Border applied on Element with name: password with color green
2026-09-14 11:41:45 [TestNG-test-OrangeHRM Test 1-4] INFO  ActionDriver - Value entered on Element with name: password is  AdminOrangeHRM12@!
2026-09-14 11:41:45 [TestNG-test-OrangeHRM Test 1-4] INFO  ActionDriver - Border applied on Element with text: Login with color green
2026-09-14 11:41:45 [TestNG-test-OrangeHRM Test 1-4] INFO  ActionDriver - Clicked on element  ---> : Element with text: Login
2026-09-14 11:41:46 [TestNG-test-OrangeHRM Test 1-3] INFO  ActionDriver - Clicked on element  ---> : Element with text: Logout
2026-09-14 11:41:47 [TestNG-test-OrangeHRM Test 1-4] INFO  ActionDriver - Element : Element with text: Admin is displayed
2026-09-14 11:41:47 [TestNG-test-OrangeHRM Test 1-4] INFO  ActionDriver - Border applied on Element with text: Admin with color green
2026-09-14 11:41:47 [TestNG-test-OrangeHRM Test 1-4] INFO  ActionDriver - Border applied on Element with text: Chaker Ben Said with color green
2026-09-14 11:41:48 [TestNG-test-OrangeHRM Test 1-4] INFO  ActionDriver - Clicked on element  ---> : Element with text: Chaker Ben Said
2026-09-14 11:41:48 [TestNG-test-OrangeHRM Test 1-4] INFO  ActionDriver - Border applied on Element with text: Logout with color green
2026-09-14 11:41:49 [TestNG-test-OrangeHRM Test 1-3] INFO  BaseClass - WebDriver instance is closed for :  DataLoginTest
2026-09-14 11:41:50 [TestNG-test-OrangeHRM Test 1-4] INFO  ActionDriver - Clicked on element  ---> : Element with text: Logout
2026-09-14 11:41:52 [TestNG-test-OrangeHRM Test 1-4] INFO  BaseClass - WebDriver instance is closed for :  LoginTest
2026-09-14 11:45:48 [main] INFO  BaseClass - properties.config File Loaded successfully
2026-09-14 11:45:49 [TestNG-test-OrangeHRM Test 1-4] INFO  BaseClass - properties.config File Loaded successfully
2026-09-14 11:45:49 [TestNG-test-OrangeHRM Test 1-5] INFO  BaseClass - properties.config File Loaded successfully
2026-09-14 11:45:50 [TestNG-test-OrangeHRM Test 1-3] INFO  BaseClass - properties.config File Loaded successfully
2026-09-14 11:45:50 [TestNG-test-OrangeHRM Test 1-1] INFO  BaseClass - properties.config File Loaded successfully
2026-09-14 11:45:58 [TestNG-test-OrangeHRM Test 1-2] INFO  BaseClass - properties.config File Loaded successfully
2026-09-14 11:45:59 [TestNG-test-OrangeHRM Test 1-4] INFO  BaseClass - ChromeDriver Instance Initialized successfully
2026-09-14 11:45:59 [TestNG-test-OrangeHRM Test 1-5] INFO  BaseClass - ChromeDriver Instance Initialized successfully
2026-09-14 11:45:59 [TestNG-test-OrangeHRM Test 1-1] INFO  BaseClass - ChromeDriver Instance Initialized successfully
2026-09-14 11:45:59 [TestNG-test-OrangeHRM Test 1-3] INFO  BaseClass - ChromeDriver Instance Initialized successfully
2026-09-14 11:46:07 [TestNG-test-OrangeHRM Test 1-2] INFO  BaseClass - ChromeDriver Instance Initialized successfully
2026-09-14 11:46:11 [TestNG-test-OrangeHRM Test 1-5] INFO  BaseClass - WebDriver Initialized and Browser Opened and Maximized
2026-09-14 11:46:11 [TestNG-test-OrangeHRM Test 1-4] INFO  BaseClass - WebDriver Initialized and Browser Opened and Maximized
2026-09-14 11:46:11 [TestNG-test-OrangeHRM Test 1-5] INFO  ActionDriver - WebDriver instance is created for : ActionDriver
2026-09-14 11:46:11 [TestNG-test-OrangeHRM Test 1-4] INFO  ActionDriver - WebDriver instance is created for : ActionDriver
2026-09-14 11:46:11 [TestNG-test-OrangeHRM Test 1-4] INFO  BaseClass - ActionDriver Initialize form Thread 30
2026-09-14 11:46:11 [TestNG-test-OrangeHRM Test 1-5] INFO  BaseClass - ActionDriver Initialize form Thread 31
2026-09-14 11:46:12 [TestNG-test-OrangeHRM Test 1-1] INFO  BaseClass - WebDriver Initialized and Browser Opened and Maximized
2026-09-14 11:46:12 [TestNG-test-OrangeHRM Test 1-1] INFO  ActionDriver - WebDriver instance is created for : ActionDriver
2026-09-14 11:46:12 [TestNG-test-OrangeHRM Test 1-3] INFO  BaseClass - WebDriver Initialized and Browser Opened and Maximized
2026-09-14 11:46:12 [TestNG-test-OrangeHRM Test 1-1] INFO  BaseClass - ActionDriver Initialize form Thread 27
2026-09-14 11:46:12 [TestNG-test-OrangeHRM Test 1-3] INFO  ActionDriver - WebDriver instance is created for : ActionDriver
2026-09-14 11:46:12 [TestNG-test-OrangeHRM Test 1-3] INFO  BaseClass - ActionDriver Initialize form Thread 29
2026-09-14 11:46:12 [TestNG-test-OrangeHRM Test 1-1] INFO  ActionDriver - Border applied on Element with name: username with color green
2026-09-14 11:46:12 [TestNG-test-OrangeHRM Test 1-3] INFO  ActionDriver - Border applied on Element with name: username with color green
2026-09-14 11:46:12 [TestNG-test-OrangeHRM Test 1-2] INFO  BaseClass - WebDriver Initialized and Browser Opened and Maximized
2026-09-14 11:46:12 [TestNG-test-OrangeHRM Test 1-2] INFO  ActionDriver - WebDriver instance is created for : ActionDriver
2026-09-14 11:46:12 [TestNG-test-OrangeHRM Test 1-2] INFO  BaseClass - ActionDriver Initialize form Thread 28
2026-09-14 11:46:12 [TestNG-test-OrangeHRM Test 1-4] INFO  BaseClass - WebDriver instance is closed for :  DummyClass
2026-09-14 11:46:12 [TestNG-test-OrangeHRM Test 1-4] INFO  BaseClass - properties.config File Loaded successfully
2026-09-14 11:46:12 [TestNG-test-OrangeHRM Test 1-1] INFO  ActionDriver - Value entered on Element with name: username is  orangehrm_chaker
2026-09-14 11:46:12 [TestNG-test-OrangeHRM Test 1-5] INFO  BaseClass - WebDriver instance is closed for :  DummyClass2
2026-09-14 11:46:12 [TestNG-test-OrangeHRM Test 1-3] INFO  ActionDriver - Value entered on Element with name: username is  orangehrm_chaker
2026-09-14 11:46:13 [TestNG-test-OrangeHRM Test 1-1] INFO  ActionDriver - Border applied on Element with name: password with color green
2026-09-14 11:46:13 [TestNG-test-OrangeHRM Test 1-2] INFO  ActionDriver - Border applied on Element with name: username with color green
2026-09-14 11:46:13 [TestNG-test-OrangeHRM Test 1-3] INFO  ActionDriver - Border applied on Element with name: password with color green
2026-09-14 11:46:13 [TestNG-test-OrangeHRM Test 1-2] INFO  ActionDriver - Value entered on Element with name: username is  orangehrm_chaker
2026-09-14 11:46:13 [TestNG-test-OrangeHRM Test 1-3] INFO  ActionDriver - Value entered on Element with name: password is  AdminOrangeHRM12@!!
2026-09-14 11:46:13 [TestNG-test-OrangeHRM Test 1-1] INFO  ActionDriver - Value entered on Element with name: password is  AdminOrangeHRM12@!
2026-09-14 11:46:14 [TestNG-test-OrangeHRM Test 1-2] INFO  ActionDriver - Border applied on Element with name: password with color green
2026-09-14 11:46:14 [TestNG-test-OrangeHRM Test 1-2] INFO  ActionDriver - Value entered on Element with name: password is  AdminOrangeHRM12@!
2026-09-14 11:46:14 [TestNG-test-OrangeHRM Test 1-2] INFO  ActionDriver - Border applied on Element with text: Login with color green
2026-09-14 11:46:14 [TestNG-test-OrangeHRM Test 1-3] INFO  ActionDriver - Border applied on Element with text: Login with color green
2026-09-14 11:46:14 [TestNG-test-OrangeHRM Test 1-1] INFO  ActionDriver - Border applied on Element with text: Login with color green
2026-09-14 11:46:18 [TestNG-test-OrangeHRM Test 1-4] INFO  BaseClass - ChromeDriver Instance Initialized successfully
2026-09-14 11:46:19 [TestNG-test-OrangeHRM Test 1-3] INFO  ActionDriver - Clicked on element  ---> : Element with text: Login
2026-09-14 11:46:20 [TestNG-test-OrangeHRM Test 1-2] INFO  ActionDriver - Clicked on element  ---> : Element with text: Login
2026-09-14 11:46:20 [TestNG-test-OrangeHRM Test 1-1] INFO  ActionDriver - Clicked on element  ---> : Element with text: Login
2026-09-14 11:46:20 [TestNG-test-OrangeHRM Test 1-3] INFO  ActionDriver - Actual Text : Invalid credentials match to | Expected Value: Invalid credentials
2026-09-14 11:46:20 [TestNG-test-OrangeHRM Test 1-3] INFO  ActionDriver - Border applied on Element with text: Invalid credentials with color green
2026-09-14 11:46:22 [TestNG-test-OrangeHRM Test 1-4] INFO  BaseClass - WebDriver Initialized and Browser Opened and Maximized
2026-09-14 11:46:22 [TestNG-test-OrangeHRM Test 1-4] INFO  ActionDriver - WebDriver instance is created for : ActionDriver
2026-09-14 11:46:22 [TestNG-test-OrangeHRM Test 1-4] INFO  BaseClass - ActionDriver Initialize form Thread 30
2026-09-14 11:46:24 [TestNG-test-OrangeHRM Test 1-1] INFO  ActionDriver - Border applied on Element with class: oxd-text oxd-text--span oxd-main-menu-item--name with color green
2026-09-14 11:46:24 [TestNG-test-OrangeHRM Test 1-4] INFO  ActionDriver - Border applied on Element with name: username with color green
2026-09-14 11:46:24 [TestNG-test-OrangeHRM Test 1-4] INFO  ActionDriver - Value entered on Element with name: username is  orangehrm_chaker
2026-09-14 11:46:26 [TestNG-test-OrangeHRM Test 1-4] INFO  ActionDriver - Border applied on Element with name: password with color green
2026-09-14 11:46:26 [TestNG-test-OrangeHRM Test 1-3] INFO  BaseClass - WebDriver instance is closed for :  DataLoginTest
2026-09-14 11:46:27 [TestNG-test-OrangeHRM Test 1-4] INFO  ActionDriver - Value entered on Element with name: password is  AdminOrangeHRM12@!!
2026-09-14 11:46:27 [TestNG-test-OrangeHRM Test 1-3] INFO  BaseClass - properties.config File Loaded successfully
2026-09-14 11:46:27 [TestNG-test-OrangeHRM Test 1-4] INFO  ActionDriver - Border applied on Element with text: Login with color green
2026-09-14 11:46:36 [TestNG-test-OrangeHRM Test 1-4] INFO  ActionDriver - Clicked on element  ---> : Element with text: Login
2026-09-14 11:46:36 [TestNG-test-OrangeHRM Test 1-4] INFO  ActionDriver - Actual Text : Invalid credentials match to | Expected Value: Invalid credentials
2026-09-14 11:46:36 [TestNG-test-OrangeHRM Test 1-4] INFO  ActionDriver - Border applied on Element with text: Invalid credentials with color green
2026-09-14 11:46:38 [TestNG-test-OrangeHRM Test 1-3] INFO  BaseClass - ChromeDriver Instance Initialized successfully
2026-09-14 11:46:38 [TestNG-test-OrangeHRM Test 1-4] INFO  BaseClass - WebDriver instance is closed for :  LoginTest
2026-09-14 11:46:38 [TestNG-test-OrangeHRM Test 1-4] INFO  BaseClass - properties.config File Loaded successfully
2026-09-14 11:46:41 [TestNG-test-OrangeHRM Test 1-4] INFO  BaseClass - ChromeDriver Instance Initialized successfully
2026-09-14 11:46:42 [TestNG-test-OrangeHRM Test 1-3] INFO  BaseClass - WebDriver Initialized and Browser Opened and Maximized
2026-09-14 11:46:42 [TestNG-test-OrangeHRM Test 1-3] INFO  ActionDriver - WebDriver instance is created for : ActionDriver
2026-09-14 11:46:42 [TestNG-test-OrangeHRM Test 1-3] INFO  BaseClass - ActionDriver Initialize form Thread 29
2026-09-14 11:46:42 [TestNG-test-OrangeHRM Test 1-3] INFO  ActionDriver - Border applied on Element with name: username with color green
2026-09-14 11:46:42 [TestNG-test-OrangeHRM Test 1-3] INFO  ActionDriver - Value entered on Element with name: username is  orangehrm_chaker
2026-09-14 11:46:43 [TestNG-test-OrangeHRM Test 1-3] INFO  ActionDriver - Border applied on Element with name: password with color green
2026-09-14 11:46:43 [TestNG-test-OrangeHRM Test 1-3] INFO  ActionDriver - Value entered on Element with name: password is  AdminOrangeHRM12@!
2026-09-14 11:46:43 [TestNG-test-OrangeHRM Test 1-3] INFO  ActionDriver - Border applied on Element with text: Login with color green
2026-09-14 11:46:43 [TestNG-test-OrangeHRM Test 1-3] INFO  ActionDriver - Clicked on element  ---> : Element with text: Login
2026-09-14 11:46:45 [TestNG-test-OrangeHRM Test 1-4] INFO  BaseClass - WebDriver Initialized and Browser Opened and Maximized
2026-09-14 11:46:45 [TestNG-test-OrangeHRM Test 1-4] INFO  ActionDriver - WebDriver instance is created for : ActionDriver
2026-09-14 11:46:45 [TestNG-test-OrangeHRM Test 1-4] INFO  BaseClass - ActionDriver Initialize form Thread 30
2026-09-14 11:46:45 [TestNG-test-OrangeHRM Test 1-4] INFO  ActionDriver - Border applied on Element with name: username with color green
2026-09-14 11:46:45 [TestNG-test-OrangeHRM Test 1-4] INFO  ActionDriver - Value entered on Element with name: username is  orangehrm_chaker
2026-09-14 11:46:45 [TestNG-test-OrangeHRM Test 1-4] INFO  ActionDriver - Border applied on Element with name: password with color green
2026-09-14 11:46:45 [TestNG-test-OrangeHRM Test 1-4] INFO  ActionDriver - Value entered on Element with name: password is  AdminOrangeHRM12@!
2026-09-14 11:46:45 [TestNG-test-OrangeHRM Test 1-4] INFO  ActionDriver - Border applied on Element with text: Login with color green
2026-09-14 11:46:46 [TestNG-test-OrangeHRM Test 1-4] INFO  ActionDriver - Clicked on element  ---> : Element with text: Login
2026-09-14 11:46:49 [TestNG-test-OrangeHRM Test 1-2] INFO  ActionDriver - Element : Unable to describe the element is not displayed
2026-09-14 11:46:50 [TestNG-test-OrangeHRM Test 1-2] INFO  ActionDriver - Border applied on Unable to describe the element with color red
2026-09-14 11:46:55 [TestNG-test-OrangeHRM Test 1-2] INFO  BaseClass - WebDriver instance is closed for :  HomeTest
2026-09-14 11:46:55 [TestNG-test-OrangeHRM Test 1-2] INFO  BaseClass - properties.config File Loaded successfully
2026-09-14 11:47:00 [TestNG-test-OrangeHRM Test 1-2] INFO  BaseClass - ChromeDriver Instance Initialized successfully
2026-09-14 11:47:05 [TestNG-test-OrangeHRM Test 1-1] INFO  ActionDriver - Border applied on Element with class: oxd-text oxd-text--span oxd-main-menu-item--name with color red
2026-09-14 11:47:05 [TestNG-test-OrangeHRM Test 1-2] INFO  BaseClass - WebDriver Initialized and Browser Opened and Maximized
2026-09-14 11:47:05 [TestNG-test-OrangeHRM Test 1-2] INFO  ActionDriver - WebDriver instance is created for : ActionDriver
2026-09-14 11:47:05 [TestNG-test-OrangeHRM Test 1-2] INFO  BaseClass - ActionDriver Initialize form Thread 28
2026-09-14 11:47:05 [TestNG-test-OrangeHRM Test 1-2] INFO  ActionDriver - Border applied on Element with name: username with color green
2026-09-14 11:47:05 [TestNG-test-OrangeHRM Test 1-2] INFO  ActionDriver - Value entered on Element with name: username is  orangehrm_chaker
2026-09-14 11:47:05 [TestNG-test-OrangeHRM Test 1-2] INFO  ActionDriver - Border applied on Element with name: password with color green
2026-09-14 11:47:05 [TestNG-test-OrangeHRM Test 1-2] INFO  ActionDriver - Value entered on Element with name: password is  AdminOrangeHRM12@!
2026-09-14 11:47:05 [TestNG-test-OrangeHRM Test 1-2] INFO  ActionDriver - Border applied on Element with text: Login with color green
2026-09-14 11:47:06 [TestNG-test-OrangeHRM Test 1-2] INFO  ActionDriver - Clicked on element  ---> : Element with text: Login
2026-09-14 11:47:21 [TestNG-test-OrangeHRM Test 1-3] INFO  ActionDriver - Element : Element with class: oxd-text oxd-text--span oxd-main-menu-item--name is not displayed
2026-09-14 11:47:21 [TestNG-test-OrangeHRM Test 1-4] INFO  ActionDriver - Element : Element with class: oxd-text oxd-text--span oxd-main-menu-item--name is not displayed
2026-09-14 11:47:21 [TestNG-test-OrangeHRM Test 1-3] INFO  ActionDriver - Border applied on Element with class: oxd-text oxd-text--span oxd-main-menu-item--name with color red
2026-09-14 11:47:21 [TestNG-test-OrangeHRM Test 1-4] INFO  ActionDriver - Border applied on Element with class: oxd-text oxd-text--span oxd-main-menu-item--name with color red
2026-09-14 11:47:22 [TestNG-test-OrangeHRM Test 1-3] INFO  BaseClass - WebDriver instance is closed for :  DataLoginTest
2026-09-14 11:47:22 [TestNG-test-OrangeHRM Test 1-3] INFO  BaseClass - properties.config File Loaded successfully
2026-09-14 11:47:23 [TestNG-test-OrangeHRM Test 1-4] INFO  BaseClass - WebDriver instance is closed for :  LoginTest
2026-09-14 11:47:23 [TestNG-test-OrangeHRM Test 1-4] INFO  BaseClass - properties.config File Loaded successfully
2026-09-14 11:47:26 [TestNG-test-OrangeHRM Test 1-4] INFO  BaseClass - ChromeDriver Instance Initialized successfully
2026-09-14 11:47:26 [TestNG-test-OrangeHRM Test 1-3] INFO  BaseClass - ChromeDriver Instance Initialized successfully
2026-09-14 11:47:31 [TestNG-test-OrangeHRM Test 1-4] INFO  BaseClass - WebDriver Initialized and Browser Opened and Maximized
2026-09-14 11:47:31 [TestNG-test-OrangeHRM Test 1-4] INFO  ActionDriver - WebDriver instance is created for : ActionDriver
2026-09-14 11:47:31 [TestNG-test-OrangeHRM Test 1-4] INFO  BaseClass - ActionDriver Initialize form Thread 30
2026-09-14 11:47:31 [TestNG-test-OrangeHRM Test 1-4] INFO  ActionDriver - Border applied on Element with name: username with color green
2026-09-14 11:47:31 [TestNG-test-OrangeHRM Test 1-4] INFO  ActionDriver - Value entered on Element with name: username is  orangehrm_chaker
2026-09-14 11:47:32 [TestNG-test-OrangeHRM Test 1-4] INFO  ActionDriver - Border applied on Element with name: password with color green
2026-09-14 11:47:32 [TestNG-test-OrangeHRM Test 1-3] INFO  BaseClass - WebDriver Initialized and Browser Opened and Maximized
2026-09-14 11:47:32 [TestNG-test-OrangeHRM Test 1-3] INFO  ActionDriver - WebDriver instance is created for : ActionDriver
2026-09-14 11:47:32 [TestNG-test-OrangeHRM Test 1-3] INFO  BaseClass - ActionDriver Initialize form Thread 29
2026-09-14 11:47:32 [TestNG-test-OrangeHRM Test 1-4] INFO  ActionDriver - Value entered on Element with name: password is  AdminOrangeHRM12@!
2026-09-14 11:47:32 [TestNG-test-OrangeHRM Test 1-4] INFO  ActionDriver - Border applied on Element with text: Login with color green
2026-09-14 11:47:32 [TestNG-test-OrangeHRM Test 1-3] INFO  ActionDriver - Border applied on Element with name: username with color green
2026-09-14 11:47:32 [TestNG-test-OrangeHRM Test 1-3] INFO  ActionDriver - Value entered on Element with name: username is  orangehrm_chaker
2026-09-14 11:47:33 [TestNG-test-OrangeHRM Test 1-3] INFO  ActionDriver - Border applied on Element with name: password with color green
2026-09-14 11:47:33 [TestNG-test-OrangeHRM Test 1-3] INFO  ActionDriver - Value entered on Element with name: password is  AdminOrangeHRM12@!
2026-09-14 11:47:33 [TestNG-test-OrangeHRM Test 1-3] INFO  ActionDriver - Border applied on Element with text: Login with color green
2026-09-14 11:47:33 [TestNG-test-OrangeHRM Test 1-3] INFO  ActionDriver - Clicked on element  ---> : Element with text: Login
2026-09-14 11:47:35 [TestNG-test-OrangeHRM Test 1-4] INFO  ActionDriver - Clicked on element  ---> : Element with text: Login
2026-09-14 11:47:37 [TestNG-test-OrangeHRM Test 1-2] INFO  ActionDriver - Element : Unable to describe the element is not displayed
2026-09-14 11:47:37 [TestNG-test-OrangeHRM Test 1-2] INFO  ActionDriver - Border applied on Unable to describe the element with color red
2026-09-14 11:47:44 [TestNG-test-OrangeHRM Test 1-2] INFO  BaseClass - WebDriver instance is closed for :  HomeTest
2026-09-14 11:47:44 [TestNG-test-OrangeHRM Test 1-2] INFO  BaseClass - properties.config File Loaded successfully
2026-09-14 11:47:48 [TestNG-test-OrangeHRM Test 1-2] INFO  BaseClass - ChromeDriver Instance Initialized successfully
2026-09-14 11:47:52 [TestNG-test-OrangeHRM Test 1-2] INFO  BaseClass - WebDriver Initialized and Browser Opened and Maximized
2026-09-14 11:47:52 [TestNG-test-OrangeHRM Test 1-2] INFO  ActionDriver - WebDriver instance is created for : ActionDriver
2026-09-14 11:47:52 [TestNG-test-OrangeHRM Test 1-2] INFO  BaseClass - ActionDriver Initialize form Thread 28
2026-09-14 11:47:52 [TestNG-test-OrangeHRM Test 1-2] INFO  ActionDriver - Border applied on Element with name: username with color green
2026-09-14 11:47:52 [TestNG-test-OrangeHRM Test 1-2] INFO  ActionDriver - Value entered on Element with name: username is  orangehrm_chaker
2026-09-14 11:47:52 [TestNG-test-OrangeHRM Test 1-2] INFO  ActionDriver - Border applied on Element with name: password with color green
2026-09-14 11:47:52 [TestNG-test-OrangeHRM Test 1-2] INFO  ActionDriver - Value entered on Element with name: password is  AdminOrangeHRM12@!
2026-09-14 11:47:52 [TestNG-test-OrangeHRM Test 1-2] INFO  ActionDriver - Border applied on Element with text: Login with color green
2026-09-14 11:47:53 [TestNG-test-OrangeHRM Test 1-2] INFO  ActionDriver - Clicked on element  ---> : Element with text: Login
2026-09-14 11:48:02 [TestNG-test-OrangeHRM Test 1-3] INFO  ActionDriver - Element : Element with class: oxd-text oxd-text--span oxd-main-menu-item--name is not displayed
2026-09-14 11:48:02 [TestNG-test-OrangeHRM Test 1-4] INFO  ActionDriver - Element : Element with class: oxd-text oxd-text--span oxd-main-menu-item--name is not displayed
2026-09-14 11:48:02 [TestNG-test-OrangeHRM Test 1-3] INFO  ActionDriver - Border applied on Element with class: oxd-text oxd-text--span oxd-main-menu-item--name with color red
2026-09-14 11:48:02 [TestNG-test-OrangeHRM Test 1-4] INFO  ActionDriver - Border applied on Element with class: oxd-text oxd-text--span oxd-main-menu-item--name with color red
2026-09-14 11:48:03 [TestNG-test-OrangeHRM Test 1-3] INFO  BaseClass - WebDriver instance is closed for :  DataLoginTest
2026-09-14 11:48:03 [TestNG-test-OrangeHRM Test 1-3] INFO  BaseClass - properties.config File Loaded successfully
2026-09-14 11:48:03 [TestNG-test-OrangeHRM Test 1-4] INFO  BaseClass - WebDriver instance is closed for :  LoginTest
2026-09-14 11:48:03 [TestNG-test-OrangeHRM Test 1-4] INFO  BaseClass - properties.config File Loaded successfully
2026-09-14 11:48:05 [TestNG-test-OrangeHRM Test 1-4] INFO  BaseClass - ChromeDriver Instance Initialized successfully
2026-09-14 11:48:05 [TestNG-test-OrangeHRM Test 1-3] INFO  BaseClass - ChromeDriver Instance Initialized successfully
2026-09-14 11:48:09 [TestNG-test-OrangeHRM Test 1-3] INFO  BaseClass - WebDriver Initialized and Browser Opened and Maximized
2026-09-14 11:48:09 [TestNG-test-OrangeHRM Test 1-3] INFO  ActionDriver - WebDriver instance is created for : ActionDriver
2026-09-14 11:48:09 [TestNG-test-OrangeHRM Test 1-3] INFO  BaseClass - ActionDriver Initialize form Thread 29
2026-09-14 11:48:09 [TestNG-test-OrangeHRM Test 1-4] INFO  BaseClass - WebDriver Initialized and Browser Opened and Maximized
2026-09-14 11:48:09 [TestNG-test-OrangeHRM Test 1-4] INFO  ActionDriver - WebDriver instance is created for : ActionDriver
2026-09-14 11:48:09 [TestNG-test-OrangeHRM Test 1-4] INFO  BaseClass - ActionDriver Initialize form Thread 30
2026-09-14 11:48:09 [TestNG-test-OrangeHRM Test 1-3] INFO  ActionDriver - Border applied on Element with name: username with color green
2026-09-14 11:48:09 [TestNG-test-OrangeHRM Test 1-4] INFO  ActionDriver - Border applied on Element with name: username with color green
2026-09-14 11:48:09 [TestNG-test-OrangeHRM Test 1-3] INFO  ActionDriver - Value entered on Element with name: username is  orangehrm_chaker
2026-09-14 11:48:09 [TestNG-test-OrangeHRM Test 1-4] INFO  ActionDriver - Value entered on Element with name: username is  orangehrm_chaker
2026-09-14 11:48:09 [TestNG-test-OrangeHRM Test 1-3] INFO  ActionDriver - Border applied on Element with name: password with color green
2026-09-14 11:48:09 [TestNG-test-OrangeHRM Test 1-4] INFO  ActionDriver - Border applied on Element with name: password with color green
2026-09-14 11:48:09 [TestNG-test-OrangeHRM Test 1-3] INFO  ActionDriver - Value entered on Element with name: password is  AdminOrangeHRM12@!
2026-09-14 11:48:09 [TestNG-test-OrangeHRM Test 1-4] INFO  ActionDriver - Value entered on Element with name: password is  AdminOrangeHRM12@!
2026-09-14 11:48:09 [TestNG-test-OrangeHRM Test 1-3] INFO  ActionDriver - Border applied on Element with text: Login with color green
2026-09-14 11:48:09 [TestNG-test-OrangeHRM Test 1-4] INFO  ActionDriver - Border applied on Element with text: Login with color green
2026-09-14 11:48:10 [TestNG-test-OrangeHRM Test 1-4] INFO  ActionDriver - Clicked on element  ---> : Element with text: Login
2026-09-14 11:48:11 [TestNG-test-OrangeHRM Test 1-3] INFO  ActionDriver - Clicked on element  ---> : Element with text: Login
2026-09-14 11:48:21 [TestNG-test-OrangeHRM Test 1-2] INFO  ActionDriver - Element : Unable to describe the element is not displayed
2026-09-14 11:48:21 [TestNG-test-OrangeHRM Test 1-2] INFO  ActionDriver - Border applied on Unable to describe the element with color red
2026-09-14 11:48:21 [TestNG-test-OrangeHRM Test 1-2] INFO  BaseClass - WebDriver instance is closed for :  HomeTest
2026-09-14 11:48:37 [TestNG-test-OrangeHRM Test 1-3] INFO  ActionDriver - Element : Element with class: oxd-text oxd-text--span oxd-main-menu-item--name is not displayed
2026-09-14 11:48:37 [TestNG-test-OrangeHRM Test 1-4] INFO  ActionDriver - Element : Element with class: oxd-text oxd-text--span oxd-main-menu-item--name is not displayed
2026-09-14 11:48:38 [TestNG-test-OrangeHRM Test 1-3] INFO  ActionDriver - Border applied on Element with class: oxd-text oxd-text--span oxd-main-menu-item--name with color red
2026-09-14 11:48:38 [TestNG-test-OrangeHRM Test 1-4] INFO  ActionDriver - Border applied on Element with class: oxd-text oxd-text--span oxd-main-menu-item--name with color red
2026-09-14 11:48:38 [TestNG-test-OrangeHRM Test 1-4] INFO  BaseClass - WebDriver instance is closed for :  LoginTest
2026-09-14 11:48:38 [TestNG-test-OrangeHRM Test 1-3] INFO  BaseClass - WebDriver instance is closed for :  DataLoginTest
2026-09-14 11:51:09 [TestNG-test-OrangeHRM Test 1-1] INFO  DBConnection - Starting DB Connection ...
2026-09-14 11:51:09 [TestNG-test-OrangeHRM Test 1-1] INFO  DBConnection - DB Connection Successful ! 
2026-09-14 11:51:09 [TestNG-test-OrangeHRM Test 1-1] INFO  DBConnection - Executing query : SELECT emp_firstname, emp_middle_name, emp_lastname FROM hs_hr_employee WHERE employee_id = 3.0
2026-09-14 11:51:09 [TestNG-test-OrangeHRM Test 1-1] INFO  DBConnection - Query Executing Successfully !
2026-09-14 11:51:09 [TestNG-test-OrangeHRM Test 1-1] INFO  DBConnection - Employees Data Fetch : {firstName=Alice, lastName=Dubois, middleName=Marie}
2026-09-14 11:53:12 [TestNG-test-OrangeHRM Test 1-1] INFO  BaseClass - WebDriver instance is closed for :  DBVerificationTest
2026-09-14 11:53:12 [TestNG-test-OrangeHRM Test 1-1] INFO  BaseClass - properties.config File Loaded successfully
2026-09-14 11:53:14 [TestNG-test-OrangeHRM Test 1-1] INFO  BaseClass - ChromeDriver Instance Initialized successfully
2026-09-14 11:53:19 [TestNG-test-OrangeHRM Test 1-1] INFO  BaseClass - WebDriver Initialized and Browser Opened and Maximized
2026-09-14 11:53:19 [TestNG-test-OrangeHRM Test 1-1] INFO  ActionDriver - WebDriver instance is created for : ActionDriver
2026-09-14 11:53:19 [TestNG-test-OrangeHRM Test 1-1] INFO  BaseClass - ActionDriver Initialize form Thread 27
2026-09-14 11:53:19 [TestNG-test-OrangeHRM Test 1-1] INFO  ActionDriver - Border applied on Element with name: username with color green
2026-09-14 11:53:19 [TestNG-test-OrangeHRM Test 1-1] INFO  ActionDriver - Value entered on Element with name: username is  orangehrm_chaker
2026-09-14 11:53:20 [TestNG-test-OrangeHRM Test 1-1] INFO  ActionDriver - Border applied on Element with name: password with color green
2026-09-14 11:53:20 [TestNG-test-OrangeHRM Test 1-1] INFO  ActionDriver - Value entered on Element with name: password is  AdminOrangeHRM12@!
2026-09-14 11:53:20 [TestNG-test-OrangeHRM Test 1-1] INFO  ActionDriver - Border applied on Element with text: Login with color green
2026-09-14 11:53:21 [TestNG-test-OrangeHRM Test 1-1] INFO  ActionDriver - Clicked on element  ---> : Element with text: Login
2026-09-14 11:53:22 [TestNG-test-OrangeHRM Test 1-1] INFO  ActionDriver - Border applied on Element with class: oxd-text oxd-text--span oxd-main-menu-item--name with color green
2026-09-14 11:54:03 [TestNG-test-OrangeHRM Test 1-1] INFO  ActionDriver - Border applied on Element with class: oxd-text oxd-text--span oxd-main-menu-item--name with color red
2026-09-14 11:58:05 [TestNG-test-OrangeHRM Test 1-1] INFO  DBConnection - Starting DB Connection ...
2026-09-14 11:58:05 [TestNG-test-OrangeHRM Test 1-1] INFO  DBConnection - DB Connection Successful ! 
2026-09-14 11:58:05 [TestNG-test-OrangeHRM Test 1-1] INFO  DBConnection - Executing query : SELECT emp_firstname, emp_middle_name, emp_lastname FROM hs_hr_employee WHERE employee_id = 3.0
2026-09-14 11:58:05 [TestNG-test-OrangeHRM Test 1-1] INFO  DBConnection - Query Executing Successfully !
2026-09-14 11:58:05 [TestNG-test-OrangeHRM Test 1-1] INFO  DBConnection - Employees Data Fetch : {firstName=Alice, lastName=Dubois, middleName=Marie}
2026-09-14 12:00:08 [TestNG-test-OrangeHRM Test 1-1] INFO  BaseClass - WebDriver instance is closed for :  DBVerificationTest
2026-09-14 12:00:08 [TestNG-test-OrangeHRM Test 1-1] INFO  BaseClass - properties.config File Loaded successfully
2026-09-14 12:00:10 [TestNG-test-OrangeHRM Test 1-1] INFO  BaseClass - ChromeDriver Instance Initialized successfully
2026-09-14 12:00:15 [TestNG-test-OrangeHRM Test 1-1] INFO  BaseClass - WebDriver Initialized and Browser Opened and Maximized
2026-09-14 12:00:15 [TestNG-test-OrangeHRM Test 1-1] INFO  ActionDriver - WebDriver instance is created for : ActionDriver
2026-09-14 12:00:15 [TestNG-test-OrangeHRM Test 1-1] INFO  BaseClass - ActionDriver Initialize form Thread 27
2026-09-14 12:00:17 [TestNG-test-OrangeHRM Test 1-1] INFO  ActionDriver - Border applied on Element with name: username with color green
2026-09-14 12:00:17 [TestNG-test-OrangeHRM Test 1-1] INFO  ActionDriver - Value entered on Element with name: username is  orangehrm_chaker
2026-09-14 12:00:17 [TestNG-test-OrangeHRM Test 1-1] INFO  ActionDriver - Border applied on Element with name: password with color green
2026-09-14 12:00:17 [TestNG-test-OrangeHRM Test 1-1] INFO  ActionDriver - Value entered on Element with name: password is  AdminOrangeHRM12@!
2026-09-14 12:00:17 [TestNG-test-OrangeHRM Test 1-1] INFO  ActionDriver - Border applied on Element with text: Login with color green
2026-09-14 12:00:17 [TestNG-test-OrangeHRM Test 1-1] INFO  ActionDriver - Clicked on element  ---> : Element with text: Login
2026-09-14 12:00:21 [TestNG-test-OrangeHRM Test 1-1] INFO  ActionDriver - Border applied on Element with class: oxd-text oxd-text--span oxd-main-menu-item--name with color green
2026-09-14 12:01:01 [TestNG-test-OrangeHRM Test 1-1] INFO  ActionDriver - Border applied on Element with class: oxd-text oxd-text--span oxd-main-menu-item--name with color red
2026-09-14 12:06:20 [main] INFO  BaseClass - properties.config File Loaded successfully
2026-09-14 12:06:21 [TestNG-test-OrangeHRM Test 1-5] INFO  BaseClass - properties.config File Loaded successfully
2026-09-14 12:06:21 [TestNG-test-OrangeHRM Test 1-4] INFO  BaseClass - properties.config File Loaded successfully
2026-09-14 12:06:22 [TestNG-test-OrangeHRM Test 1-1] INFO  BaseClass - properties.config File Loaded successfully
2026-09-14 12:06:22 [TestNG-test-OrangeHRM Test 1-3] INFO  BaseClass - properties.config File Loaded successfully
2026-09-14 12:06:26 [TestNG-test-OrangeHRM Test 1-4] INFO  BaseClass - ChromeDriver Instance Initialized successfully
2026-09-14 12:06:26 [TestNG-test-OrangeHRM Test 1-5] INFO  BaseClass - ChromeDriver Instance Initialized successfully
2026-09-14 12:06:28 [TestNG-test-OrangeHRM Test 1-2] INFO  BaseClass - properties.config File Loaded successfully
2026-09-14 12:06:32 [TestNG-test-OrangeHRM Test 1-5] INFO  BaseClass - WebDriver Initialized and Browser Opened and Maximized
2026-09-14 12:06:32 [TestNG-test-OrangeHRM Test 1-5] INFO  ActionDriver - WebDriver instance is created for : ActionDriver
2026-09-14 12:06:32 [TestNG-test-OrangeHRM Test 1-5] INFO  BaseClass - ActionDriver Initialize form Thread 32
2026-09-14 12:06:32 [TestNG-test-OrangeHRM Test 1-4] INFO  BaseClass - WebDriver Initialized and Browser Opened and Maximized
2026-09-14 12:06:32 [TestNG-test-OrangeHRM Test 1-4] INFO  ActionDriver - WebDriver instance is created for : ActionDriver
2026-09-14 12:06:32 [TestNG-test-OrangeHRM Test 1-4] INFO  BaseClass - ActionDriver Initialize form Thread 31
2026-09-14 12:06:32 [TestNG-test-OrangeHRM Test 1-4] INFO  BaseClass - WebDriver instance is closed for :  DummyClass
2026-09-14 12:06:32 [TestNG-test-OrangeHRM Test 1-5] INFO  BaseClass - WebDriver instance is closed for :  DummyClass2
2026-09-14 12:06:32 [TestNG-test-OrangeHRM Test 1-4] INFO  BaseClass - properties.config File Loaded successfully
2026-09-14 12:06:37 [TestNG-test-OrangeHRM Test 1-1] INFO  BaseClass - ChromeDriver Instance Initialized successfully
2026-09-14 12:06:41 [TestNG-test-OrangeHRM Test 1-1] INFO  BaseClass - WebDriver Initialized and Browser Opened and Maximized
2026-09-14 12:06:41 [TestNG-test-OrangeHRM Test 1-1] INFO  ActionDriver - WebDriver instance is created for : ActionDriver
2026-09-14 12:06:41 [TestNG-test-OrangeHRM Test 1-1] INFO  BaseClass - ActionDriver Initialize form Thread 28
2026-09-14 12:06:41 [TestNG-test-OrangeHRM Test 1-2] INFO  BaseClass - ChromeDriver Instance Initialized successfully
2026-09-14 12:06:41 [TestNG-test-OrangeHRM Test 1-1] INFO  ActionDriver - Border applied on Element with name: username with color green
2026-09-14 12:06:41 [TestNG-test-OrangeHRM Test 1-1] INFO  ActionDriver - Value entered on Element with name: username is  orangehrm_chaker
2026-09-14 12:06:41 [TestNG-test-OrangeHRM Test 1-1] INFO  ActionDriver - Border applied on Element with name: password with color green
2026-09-14 12:06:41 [TestNG-test-OrangeHRM Test 1-1] INFO  ActionDriver - Value entered on Element with name: password is  AdminOrangeHRM12@!
2026-09-14 12:06:45 [TestNG-test-OrangeHRM Test 1-2] INFO  BaseClass - WebDriver Initialized and Browser Opened and Maximized
2026-09-14 12:06:45 [TestNG-test-OrangeHRM Test 1-2] INFO  ActionDriver - WebDriver instance is created for : ActionDriver
2026-09-14 12:06:45 [TestNG-test-OrangeHRM Test 1-2] INFO  BaseClass - ActionDriver Initialize form Thread 29
2026-09-14 12:06:46 [TestNG-test-OrangeHRM Test 1-2] INFO  ActionDriver - Border applied on Element with name: username with color green
2026-09-14 12:06:46 [TestNG-test-OrangeHRM Test 1-2] INFO  ActionDriver - Value entered on Element with name: username is  orangehrm_chaker
2026-09-14 12:06:46 [TestNG-test-OrangeHRM Test 1-2] INFO  ActionDriver - Border applied on Element with name: password with color green
2026-09-14 12:06:46 [TestNG-test-OrangeHRM Test 1-2] INFO  ActionDriver - Value entered on Element with name: password is  AdminOrangeHRM12@!
2026-09-14 12:06:47 [TestNG-test-OrangeHRM Test 1-3] INFO  BaseClass - ChromeDriver Instance Initialized successfully
2026-09-14 12:06:49 [TestNG-test-OrangeHRM Test 1-4] INFO  BaseClass - ChromeDriver Instance Initialized successfully
2026-09-14 12:06:51 [TestNG-test-OrangeHRM Test 1-3] INFO  BaseClass - WebDriver Initialized and Browser Opened and Maximized
2026-09-14 12:06:51 [TestNG-test-OrangeHRM Test 1-3] INFO  ActionDriver - WebDriver instance is created for : ActionDriver
2026-09-14 12:06:51 [TestNG-test-OrangeHRM Test 1-3] INFO  BaseClass - ActionDriver Initialize form Thread 30
2026-09-14 12:06:52 [TestNG-test-OrangeHRM Test 1-3] INFO  ActionDriver - Border applied on Element with name: username with color green
2026-09-14 12:06:52 [TestNG-test-OrangeHRM Test 1-3] INFO  ActionDriver - Value entered on Element with name: username is  orangehrm_chaker
2026-09-14 12:06:53 [TestNG-test-OrangeHRM Test 1-3] INFO  ActionDriver - Border applied on Element with name: password with color green
2026-09-14 12:06:53 [TestNG-test-OrangeHRM Test 1-3] INFO  ActionDriver - Value entered on Element with name: password is  AdminOrangeHRM12@!!
2026-09-14 12:06:54 [TestNG-test-OrangeHRM Test 1-4] INFO  BaseClass - WebDriver Initialized and Browser Opened and Maximized
2026-09-14 12:06:54 [TestNG-test-OrangeHRM Test 1-4] INFO  ActionDriver - WebDriver instance is created for : ActionDriver
2026-09-14 12:06:54 [TestNG-test-OrangeHRM Test 1-4] INFO  BaseClass - ActionDriver Initialize form Thread 31
2026-09-14 12:06:54 [TestNG-test-OrangeHRM Test 1-4] INFO  ActionDriver - Border applied on Element with name: username with color green
2026-09-14 12:06:54 [TestNG-test-OrangeHRM Test 1-4] INFO  ActionDriver - Value entered on Element with name: username is  orangehrm_chaker
2026-09-14 12:06:54 [TestNG-test-OrangeHRM Test 1-4] INFO  ActionDriver - Border applied on Element with name: password with color green
2026-09-14 12:06:54 [TestNG-test-OrangeHRM Test 1-4] INFO  ActionDriver - Value entered on Element with name: password is  AdminOrangeHRM12@!!
2026-09-14 12:06:55 [TestNG-test-OrangeHRM Test 1-3] INFO  ActionDriver - Border applied on Element with text: Login with color green
2026-09-14 12:06:55 [TestNG-test-OrangeHRM Test 1-3] INFO  ActionDriver - Clicked on element  ---> : Element with text: Login
2026-09-14 12:06:56 [TestNG-test-OrangeHRM Test 1-3] INFO  ActionDriver - Actual Text : Invalid credentials match to | Expected Value: Invalid credentials
2026-09-14 12:06:56 [TestNG-test-OrangeHRM Test 1-3] INFO  ActionDriver - Border applied on Element with text: Invalid credentials with color green
2026-09-14 12:06:57 [TestNG-test-OrangeHRM Test 1-4] INFO  ActionDriver - Border applied on Element with text: Login with color green
2026-09-14 12:06:57 [TestNG-test-OrangeHRM Test 1-4] INFO  ActionDriver - Clicked on element  ---> : Element with text: Login
2026-09-14 12:06:57 [TestNG-test-OrangeHRM Test 1-3] INFO  BaseClass - WebDriver instance is closed for :  DataLoginTest
2026-09-14 12:06:57 [TestNG-test-OrangeHRM Test 1-3] INFO  BaseClass - properties.config File Loaded successfully
2026-09-14 12:06:57 [TestNG-test-OrangeHRM Test 1-4] INFO  ActionDriver - Actual Text : Invalid credentials match to | Expected Value: Invalid credentials
2026-09-14 12:06:57 [TestNG-test-OrangeHRM Test 1-4] INFO  ActionDriver - Border applied on Element with text: Invalid credentials with color green
2026-09-14 12:06:58 [TestNG-test-OrangeHRM Test 1-4] INFO  BaseClass - WebDriver instance is closed for :  LoginTest
2026-09-14 12:06:58 [TestNG-test-OrangeHRM Test 1-4] INFO  BaseClass - properties.config File Loaded successfully
2026-09-14 12:06:59 [TestNG-test-OrangeHRM Test 1-1] INFO  ActionDriver - Clicked on element  ---> : Element with text: Login
2026-09-14 12:06:59 [TestNG-test-OrangeHRM Test 1-3] INFO  BaseClass - ChromeDriver Instance Initialized successfully
2026-09-14 12:07:00 [TestNG-test-OrangeHRM Test 1-4] INFO  BaseClass - ChromeDriver Instance Initialized successfully
2026-09-14 12:07:02 [TestNG-test-OrangeHRM Test 1-1] INFO  ActionDriver - Border applied on Element with text: PIM with color green
2026-09-14 12:07:02 [TestNG-test-OrangeHRM Test 1-1] INFO  ActionDriver - Clicked on element  ---> : Element with text: PIM
2026-09-14 12:07:03 [TestNG-test-OrangeHRM Test 1-1] INFO  ActionDriver - Border applied on Element with placeholder: Type for hints... with color green
2026-09-14 12:07:03 [TestNG-test-OrangeHRM Test 1-1] INFO  ActionDriver - Value entered on Element with placeholder: Type for hints... is  alice
2026-09-14 12:07:03 [TestNG-test-OrangeHRM Test 1-1] INFO  ActionDriver - Border applied on Element with text: Search with color green
2026-09-14 12:07:03 [TestNG-test-OrangeHRM Test 1-1] INFO  ActionDriver - Clicked on element  ---> : Element with text: Search
2026-09-14 12:07:04 [TestNG-test-OrangeHRM Test 1-3] INFO  BaseClass - WebDriver Initialized and Browser Opened and Maximized
2026-09-14 12:07:04 [TestNG-test-OrangeHRM Test 1-3] INFO  ActionDriver - WebDriver instance is created for : ActionDriver
2026-09-14 12:07:04 [TestNG-test-OrangeHRM Test 1-3] INFO  BaseClass - ActionDriver Initialize form Thread 30
2026-09-14 12:07:04 [TestNG-test-OrangeHRM Test 1-1] INFO  ActionDriver - Border applied on Element with text: Alice Marie with color green
2026-09-14 12:07:04 [TestNG-test-OrangeHRM Test 1-1] INFO  ActionDriver - Scrolled to element using JS : Element with text: Alice Marie
2026-09-14 12:07:04 [TestNG-test-OrangeHRM Test 1-1] INFO  DBConnection - Starting DB Connection ...
2026-09-14 12:07:04 [TestNG-test-OrangeHRM Test 1-3] INFO  ActionDriver - Border applied on Element with name: username with color green
2026-09-14 12:07:04 [TestNG-test-OrangeHRM Test 1-3] INFO  ActionDriver - Value entered on Element with name: username is  orangehrm_chaker
2026-09-14 12:07:05 [TestNG-test-OrangeHRM Test 1-4] INFO  BaseClass - WebDriver Initialized and Browser Opened and Maximized
2026-09-14 12:07:05 [TestNG-test-OrangeHRM Test 1-4] INFO  ActionDriver - WebDriver instance is created for : ActionDriver
2026-09-14 12:07:05 [TestNG-test-OrangeHRM Test 1-4] INFO  BaseClass - ActionDriver Initialize form Thread 31
2026-09-14 12:07:05 [TestNG-test-OrangeHRM Test 1-1] INFO  DBConnection - DB Connection Successful ! 
2026-09-14 12:07:05 [TestNG-test-OrangeHRM Test 1-1] INFO  DBConnection - Executing query : SELECT emp_firstname, emp_middle_name, emp_lastname FROM hs_hr_employee WHERE employee_id = 3.0
2026-09-14 12:07:05 [TestNG-test-OrangeHRM Test 1-1] INFO  DBConnection - Query Executing Successfully !
2026-09-14 12:07:05 [TestNG-test-OrangeHRM Test 1-1] INFO  DBConnection - Employees Data Fetch : {firstName=Alice, lastName=Dubois, middleName=Marie}
2026-09-14 12:07:05 [TestNG-test-OrangeHRM Test 1-3] INFO  ActionDriver - Border applied on Element with name: password with color green
2026-09-14 12:07:05 [TestNG-test-OrangeHRM Test 1-3] INFO  ActionDriver - Value entered on Element with name: password is  AdminOrangeHRM12@!
2026-09-14 12:07:05 [TestNG-test-OrangeHRM Test 1-2] INFO  ActionDriver - Clicked on element  ---> : Element with text: Login
2026-09-14 12:07:05 [TestNG-test-OrangeHRM Test 1-1] INFO  ActionDriver - Actual Text : Alice Marie match to | Expected Value: Alice Marie
2026-09-14 12:07:06 [TestNG-test-OrangeHRM Test 1-4] INFO  ActionDriver - Border applied on Element with name: username with color green
2026-09-14 12:07:06 [TestNG-test-OrangeHRM Test 1-2] INFO  ActionDriver - Element : Unable to describe the element is displayed
2026-09-14 12:07:06 [TestNG-test-OrangeHRM Test 1-4] INFO  ActionDriver - Value entered on Element with name: username is  orangehrm_chaker
2026-09-14 12:07:06 [TestNG-test-OrangeHRM Test 1-1] INFO  ActionDriver - Border applied on Element with text: Alice Marie with color green
2026-09-14 12:07:06 [TestNG-test-OrangeHRM Test 1-1] INFO  ActionDriver - Actual Text : Dubois match to | Expected Value: Dubois
2026-09-14 12:07:07 [TestNG-test-OrangeHRM Test 1-2] INFO  ActionDriver - Border applied on Unable to describe the element with color green
2026-09-14 12:07:08 [TestNG-test-OrangeHRM Test 1-1] INFO  ActionDriver - Border applied on Element with text: Dubois with color green
2026-09-14 12:07:08 [TestNG-test-OrangeHRM Test 1-4] INFO  ActionDriver - Border applied on Element with name: password with color green
2026-09-14 12:07:08 [TestNG-test-OrangeHRM Test 1-4] INFO  ActionDriver - Value entered on Element with name: password is  AdminOrangeHRM12@!
2026-09-14 12:07:10 [TestNG-test-OrangeHRM Test 1-2] INFO  BaseClass - WebDriver instance is closed for :  HomeTest
2026-09-14 12:07:11 [TestNG-test-OrangeHRM Test 1-1] INFO  BaseClass - WebDriver instance is closed for :  DBVerificationTest
2026-09-14 12:07:27 [TestNG-test-OrangeHRM Test 1-3] INFO  ActionDriver - Clicked on element  ---> : Element with text: Login
2026-09-14 12:07:27 [TestNG-test-OrangeHRM Test 1-4] INFO  ActionDriver - Clicked on element  ---> : Element with text: Login
2026-09-14 12:08:28 [TestNG-test-OrangeHRM Test 1-4] INFO  BaseClass - WebDriver instance is closed for :  LoginTest
2026-09-14 12:08:28 [TestNG-test-OrangeHRM Test 1-4] INFO  BaseClass - properties.config File Loaded successfully
2026-09-14 12:08:28 [TestNG-test-OrangeHRM Test 1-3] INFO  BaseClass - WebDriver instance is closed for :  DataLoginTest
2026-09-14 12:08:28 [TestNG-test-OrangeHRM Test 1-3] INFO  BaseClass - properties.config File Loaded successfully
2026-09-14 12:08:30 [TestNG-test-OrangeHRM Test 1-3] INFO  BaseClass - ChromeDriver Instance Initialized successfully
2026-09-14 12:08:31 [TestNG-test-OrangeHRM Test 1-4] INFO  BaseClass - ChromeDriver Instance Initialized successfully
2026-09-14 12:08:35 [TestNG-test-OrangeHRM Test 1-4] INFO  BaseClass - WebDriver Initialized and Browser Opened and Maximized
2026-09-14 12:08:35 [TestNG-test-OrangeHRM Test 1-4] INFO  ActionDriver - WebDriver instance is created for : ActionDriver
2026-09-14 12:08:35 [TestNG-test-OrangeHRM Test 1-4] INFO  BaseClass - ActionDriver Initialize form Thread 31
2026-09-14 12:08:35 [TestNG-test-OrangeHRM Test 1-3] INFO  BaseClass - WebDriver Initialized and Browser Opened and Maximized
2026-09-14 12:08:35 [TestNG-test-OrangeHRM Test 1-3] INFO  ActionDriver - WebDriver instance is created for : ActionDriver
2026-09-14 12:08:35 [TestNG-test-OrangeHRM Test 1-3] INFO  BaseClass - ActionDriver Initialize form Thread 30
2026-09-14 12:08:36 [TestNG-test-OrangeHRM Test 1-3] INFO  ActionDriver - Border applied on Element with name: username with color green
2026-09-14 12:08:36 [TestNG-test-OrangeHRM Test 1-3] INFO  ActionDriver - Value entered on Element with name: username is  orangehrm_chaker
2026-09-14 12:08:36 [TestNG-test-OrangeHRM Test 1-4] INFO  ActionDriver - Border applied on Element with name: username with color green
2026-09-14 12:08:36 [TestNG-test-OrangeHRM Test 1-4] INFO  ActionDriver - Value entered on Element with name: username is  orangehrm_chaker
2026-09-14 12:08:37 [TestNG-test-OrangeHRM Test 1-3] INFO  ActionDriver - Border applied on Element with name: password with color green
2026-09-14 12:08:37 [TestNG-test-OrangeHRM Test 1-4] INFO  ActionDriver - Border applied on Element with name: password with color green
2026-09-14 12:08:37 [TestNG-test-OrangeHRM Test 1-3] INFO  ActionDriver - Value entered on Element with name: password is  AdminOrangeHRM12@!
2026-09-14 12:08:37 [TestNG-test-OrangeHRM Test 1-4] INFO  ActionDriver - Value entered on Element with name: password is  AdminOrangeHRM12@!
2026-09-14 12:08:57 [TestNG-test-OrangeHRM Test 1-4] INFO  ActionDriver - Clicked on element  ---> : Element with text: Login
2026-09-14 12:08:57 [TestNG-test-OrangeHRM Test 1-3] INFO  ActionDriver - Clicked on element  ---> : Element with text: Login
2026-09-14 12:09:59 [TestNG-test-OrangeHRM Test 1-3] INFO  BaseClass - WebDriver instance is closed for :  DataLoginTest
2026-09-14 12:09:59 [TestNG-test-OrangeHRM Test 1-3] INFO  BaseClass - properties.config File Loaded successfully
2026-09-14 12:09:59 [TestNG-test-OrangeHRM Test 1-4] INFO  BaseClass - WebDriver instance is closed for :  LoginTest
2026-09-14 12:09:59 [TestNG-test-OrangeHRM Test 1-4] INFO  BaseClass - properties.config File Loaded successfully
2026-09-14 12:10:01 [TestNG-test-OrangeHRM Test 1-4] INFO  BaseClass - ChromeDriver Instance Initialized successfully
2026-09-14 12:10:01 [TestNG-test-OrangeHRM Test 1-3] INFO  BaseClass - ChromeDriver Instance Initialized successfully
2026-09-14 12:10:06 [TestNG-test-OrangeHRM Test 1-4] INFO  BaseClass - WebDriver Initialized and Browser Opened and Maximized
2026-09-14 12:10:06 [TestNG-test-OrangeHRM Test 1-3] INFO  BaseClass - WebDriver Initialized and Browser Opened and Maximized
2026-09-14 12:10:06 [TestNG-test-OrangeHRM Test 1-4] INFO  ActionDriver - WebDriver instance is created for : ActionDriver
2026-09-14 12:10:06 [TestNG-test-OrangeHRM Test 1-3] INFO  ActionDriver - WebDriver instance is created for : ActionDriver
2026-09-14 12:10:06 [TestNG-test-OrangeHRM Test 1-4] INFO  BaseClass - ActionDriver Initialize form Thread 31
2026-09-14 12:10:06 [TestNG-test-OrangeHRM Test 1-3] INFO  BaseClass - ActionDriver Initialize form Thread 30
2026-09-14 12:10:06 [TestNG-test-OrangeHRM Test 1-4] INFO  ActionDriver - Border applied on Element with name: username with color green
2026-09-14 12:10:06 [TestNG-test-OrangeHRM Test 1-4] INFO  ActionDriver - Value entered on Element with name: username is  orangehrm_chaker
2026-09-14 12:10:06 [TestNG-test-OrangeHRM Test 1-3] INFO  ActionDriver - Border applied on Element with name: username with color green
2026-09-14 12:10:06 [TestNG-test-OrangeHRM Test 1-3] INFO  ActionDriver - Value entered on Element with name: username is  orangehrm_chaker
2026-09-14 12:10:07 [TestNG-test-OrangeHRM Test 1-4] INFO  ActionDriver - Border applied on Element with name: password with color green
2026-09-14 12:10:07 [TestNG-test-OrangeHRM Test 1-3] INFO  ActionDriver - Border applied on Element with name: password with color green
2026-09-14 12:10:07 [TestNG-test-OrangeHRM Test 1-4] INFO  ActionDriver - Value entered on Element with name: password is  AdminOrangeHRM12@!
2026-09-14 12:10:07 [TestNG-test-OrangeHRM Test 1-3] INFO  ActionDriver - Value entered on Element with name: password is  AdminOrangeHRM12@!
2026-09-14 12:10:23 [TestNG-test-OrangeHRM Test 1-3] INFO  ActionDriver - Clicked on element  ---> : Element with text: Login
2026-09-14 12:10:23 [TestNG-test-OrangeHRM Test 1-4] INFO  ActionDriver - Clicked on element  ---> : Element with text: Login
2026-09-14 12:11:25 [TestNG-test-OrangeHRM Test 1-3] INFO  BaseClass - WebDriver instance is closed for :  DataLoginTest
2026-09-14 12:11:25 [TestNG-test-OrangeHRM Test 1-4] INFO  BaseClass - WebDriver instance is closed for :  LoginTest
2026-09-14 12:16:13 [main] INFO  BaseClass - properties.config File Loaded successfully
2026-09-14 12:16:13 [TestNG-test-OrangeHRM Test 1-5] INFO  BaseClass - properties.config File Loaded successfully
2026-09-14 12:16:13 [TestNG-test-OrangeHRM Test 1-4] INFO  BaseClass - properties.config File Loaded successfully
2026-09-14 12:16:15 [TestNG-test-OrangeHRM Test 1-1] INFO  BaseClass - properties.config File Loaded successfully
2026-09-14 12:16:15 [TestNG-test-OrangeHRM Test 1-3] INFO  BaseClass - properties.config File Loaded successfully
2026-09-14 12:16:20 [TestNG-test-OrangeHRM Test 1-2] INFO  BaseClass - properties.config File Loaded successfully
2026-09-14 12:16:23 [TestNG-test-OrangeHRM Test 1-5] INFO  BaseClass - ChromeDriver Instance Initialized successfully
2026-09-14 12:16:23 [TestNG-test-OrangeHRM Test 1-3] INFO  BaseClass - ChromeDriver Instance Initialized successfully
2026-09-14 12:16:23 [TestNG-test-OrangeHRM Test 1-1] INFO  BaseClass - ChromeDriver Instance Initialized successfully
2026-09-14 12:16:23 [TestNG-test-OrangeHRM Test 1-4] INFO  BaseClass - ChromeDriver Instance Initialized successfully
2026-09-14 12:16:29 [TestNG-test-OrangeHRM Test 1-1] INFO  BaseClass - WebDriver Initialized and Browser Opened and Maximized
2026-09-14 12:16:29 [TestNG-test-OrangeHRM Test 1-1] INFO  ActionDriver - WebDriver instance is created for : ActionDriver
2026-09-14 12:16:29 [TestNG-test-OrangeHRM Test 1-1] INFO  BaseClass - ActionDriver Initialize form Thread 28
2026-09-14 12:16:29 [TestNG-test-OrangeHRM Test 1-1] INFO  ActionDriver - Border applied on Element with name: username with color green
2026-09-14 12:16:29 [TestNG-test-OrangeHRM Test 1-1] INFO  ActionDriver - Value entered on Element with name: username is  orangehrm_chaker
2026-09-14 12:16:30 [TestNG-test-OrangeHRM Test 1-1] INFO  ActionDriver - Border applied on Element with name: password with color green
2026-09-14 12:16:30 [TestNG-test-OrangeHRM Test 1-1] INFO  ActionDriver - Value entered on Element with name: password is  AdminOrangeHRM12@!
2026-09-14 12:16:30 [TestNG-test-OrangeHRM Test 1-3] INFO  BaseClass - WebDriver Initialized and Browser Opened and Maximized
2026-09-14 12:16:30 [TestNG-test-OrangeHRM Test 1-3] INFO  ActionDriver - WebDriver instance is created for : ActionDriver
2026-09-14 12:16:30 [TestNG-test-OrangeHRM Test 1-3] INFO  BaseClass - ActionDriver Initialize form Thread 30
2026-09-14 12:16:30 [TestNG-test-OrangeHRM Test 1-5] INFO  BaseClass - WebDriver Initialized and Browser Opened and Maximized
2026-09-14 12:16:30 [TestNG-test-OrangeHRM Test 1-5] INFO  ActionDriver - WebDriver instance is created for : ActionDriver
2026-09-14 12:16:30 [TestNG-test-OrangeHRM Test 1-5] INFO  BaseClass - ActionDriver Initialize form Thread 32
2026-09-14 12:16:30 [TestNG-test-OrangeHRM Test 1-4] INFO  BaseClass - WebDriver Initialized and Browser Opened and Maximized
2026-09-14 12:16:30 [TestNG-test-OrangeHRM Test 1-4] INFO  ActionDriver - WebDriver instance is created for : ActionDriver
2026-09-14 12:16:30 [TestNG-test-OrangeHRM Test 1-4] INFO  BaseClass - ActionDriver Initialize form Thread 31
2026-09-14 12:16:33 [TestNG-test-OrangeHRM Test 1-3] INFO  ActionDriver - Border applied on Element with name: username with color green
2026-09-14 12:16:33 [TestNG-test-OrangeHRM Test 1-3] INFO  ActionDriver - Value entered on Element with name: username is  orangehrm_chaker
2026-09-14 12:16:33 [TestNG-test-OrangeHRM Test 1-3] INFO  ActionDriver - Border applied on Element with name: password with color green
2026-09-14 12:16:33 [TestNG-test-OrangeHRM Test 1-3] INFO  ActionDriver - Value entered on Element with name: password is  AdminOrangeHRM12@!!
2026-09-14 12:16:35 [TestNG-test-OrangeHRM Test 1-5] INFO  BaseClass - WebDriver instance is closed for :  DummyClass2
2026-09-14 12:16:35 [TestNG-test-OrangeHRM Test 1-5] INFO  BaseClass - properties.config File Loaded successfully
2026-09-14 12:16:35 [TestNG-test-OrangeHRM Test 1-4] INFO  BaseClass - WebDriver instance is closed for :  DummyClass
2026-09-14 12:16:35 [TestNG-test-OrangeHRM Test 1-2] INFO  BaseClass - ChromeDriver Instance Initialized successfully
2026-09-14 12:16:38 [TestNG-test-OrangeHRM Test 1-5] INFO  BaseClass - ChromeDriver Instance Initialized successfully
2026-09-14 12:16:38 [TestNG-test-OrangeHRM Test 1-3] INFO  ActionDriver - Border applied on Element with text: Login with color green
2026-09-14 12:16:38 [TestNG-test-OrangeHRM Test 1-3] INFO  ActionDriver - Clicked on element  ---> : Element with text: Login
2026-09-14 12:16:38 [TestNG-test-OrangeHRM Test 1-3] INFO  ActionDriver - Actual Text : Invalid credentials match to | Expected Value: Invalid credentials
2026-09-14 12:16:39 [TestNG-test-OrangeHRM Test 1-3] INFO  ActionDriver - Border applied on Element with text: Invalid credentials with color green
2026-09-14 12:16:40 [TestNG-test-OrangeHRM Test 1-2] INFO  BaseClass - WebDriver Initialized and Browser Opened and Maximized
2026-09-14 12:16:40 [TestNG-test-OrangeHRM Test 1-2] INFO  ActionDriver - WebDriver instance is created for : ActionDriver
2026-09-14 12:16:40 [TestNG-test-OrangeHRM Test 1-2] INFO  BaseClass - ActionDriver Initialize form Thread 29
2026-09-14 12:16:40 [TestNG-test-OrangeHRM Test 1-2] INFO  ActionDriver - Border applied on Element with name: username with color green
2026-09-14 12:16:40 [TestNG-test-OrangeHRM Test 1-2] INFO  ActionDriver - Value entered on Element with name: username is  orangehrm_chaker
2026-09-14 12:16:41 [TestNG-test-OrangeHRM Test 1-3] INFO  BaseClass - WebDriver instance is closed for :  DataLoginTest
2026-09-14 12:16:41 [TestNG-test-OrangeHRM Test 1-3] INFO  BaseClass - properties.config File Loaded successfully
2026-09-14 12:16:41 [TestNG-test-OrangeHRM Test 1-2] INFO  ActionDriver - Border applied on Element with name: password with color green
2026-09-14 12:16:41 [TestNG-test-OrangeHRM Test 1-2] INFO  ActionDriver - Value entered on Element with name: password is  AdminOrangeHRM12@!
2026-09-14 12:16:42 [TestNG-test-OrangeHRM Test 1-5] INFO  BaseClass - WebDriver Initialized and Browser Opened and Maximized
2026-09-14 12:16:42 [TestNG-test-OrangeHRM Test 1-5] INFO  ActionDriver - WebDriver instance is created for : ActionDriver
2026-09-14 12:16:42 [TestNG-test-OrangeHRM Test 1-5] INFO  BaseClass - ActionDriver Initialize form Thread 32
2026-09-14 12:16:43 [TestNG-test-OrangeHRM Test 1-3] INFO  BaseClass - ChromeDriver Instance Initialized successfully
2026-09-14 12:16:44 [TestNG-test-OrangeHRM Test 1-5] INFO  ActionDriver - Border applied on Element with name: username with color green
2026-09-14 12:16:44 [TestNG-test-OrangeHRM Test 1-5] INFO  ActionDriver - Value entered on Element with name: username is  orangehrm_chaker
2026-09-14 12:16:44 [TestNG-test-OrangeHRM Test 1-5] INFO  ActionDriver - Border applied on Element with name: password with color green
2026-09-14 12:16:44 [TestNG-test-OrangeHRM Test 1-5] INFO  ActionDriver - Value entered on Element with name: password is  AdminOrangeHRM12@!!
2026-09-14 12:16:48 [TestNG-test-OrangeHRM Test 1-5] INFO  ActionDriver - Border applied on Element with text: Login with color green
2026-09-14 12:16:48 [TestNG-test-OrangeHRM Test 1-5] INFO  ActionDriver - Clicked on element  ---> : Element with text: Login
2026-09-14 12:16:48 [TestNG-test-OrangeHRM Test 1-5] INFO  ActionDriver - Actual Text : Invalid credentials match to | Expected Value: Invalid credentials
2026-09-14 12:16:48 [TestNG-test-OrangeHRM Test 1-5] INFO  ActionDriver - Border applied on Element with text: Invalid credentials with color green
2026-09-14 12:16:49 [TestNG-test-OrangeHRM Test 1-3] INFO  BaseClass - WebDriver Initialized and Browser Opened and Maximized
2026-09-14 12:16:49 [TestNG-test-OrangeHRM Test 1-3] INFO  ActionDriver - WebDriver instance is created for : ActionDriver
2026-09-14 12:16:49 [TestNG-test-OrangeHRM Test 1-3] INFO  BaseClass - ActionDriver Initialize form Thread 30
2026-09-14 12:16:50 [TestNG-test-OrangeHRM Test 1-3] INFO  ActionDriver - Border applied on Element with name: username with color green
2026-09-14 12:16:50 [TestNG-test-OrangeHRM Test 1-3] INFO  ActionDriver - Value entered on Element with name: username is  orangehrm_chaker
2026-09-14 12:16:50 [TestNG-test-OrangeHRM Test 1-3] INFO  ActionDriver - Border applied on Element with name: password with color green
2026-09-14 12:16:50 [TestNG-test-OrangeHRM Test 1-3] INFO  ActionDriver - Value entered on Element with name: password is  AdminOrangeHRM12@!
2026-09-14 12:16:51 [TestNG-test-OrangeHRM Test 1-5] INFO  BaseClass - WebDriver instance is closed for :  LoginTest
2026-09-14 12:16:51 [TestNG-test-OrangeHRM Test 1-5] INFO  BaseClass - properties.config File Loaded successfully
2026-09-14 12:16:53 [TestNG-test-OrangeHRM Test 1-5] INFO  BaseClass - ChromeDriver Instance Initialized successfully
2026-09-14 12:16:54 [TestNG-test-OrangeHRM Test 1-1] INFO  ActionDriver - Clicked on element  ---> : Element with text: Login
2026-09-14 12:16:56 [TestNG-test-OrangeHRM Test 1-1] INFO  ActionDriver - Border applied on Element with text: PIM with color green
2026-09-14 12:16:56 [TestNG-test-OrangeHRM Test 1-1] INFO  ActionDriver - Clicked on element  ---> : Element with text: PIM
2026-09-14 12:16:57 [TestNG-test-OrangeHRM Test 1-1] INFO  ActionDriver - Border applied on Element with placeholder: Type for hints... with color green
2026-09-14 12:16:57 [TestNG-test-OrangeHRM Test 1-1] INFO  ActionDriver - Value entered on Element with placeholder: Type for hints... is  alice
2026-09-14 12:16:57 [TestNG-test-OrangeHRM Test 1-1] INFO  ActionDriver - Border applied on Element with text: Search with color green
2026-09-14 12:16:57 [TestNG-test-OrangeHRM Test 1-1] INFO  ActionDriver - Clicked on element  ---> : Element with text: Search
2026-09-14 12:16:58 [TestNG-test-OrangeHRM Test 1-1] INFO  ActionDriver - Border applied on Element with text: Alice Marie with color green
2026-09-14 12:16:58 [TestNG-test-OrangeHRM Test 1-5] INFO  BaseClass - WebDriver Initialized and Browser Opened and Maximized
2026-09-14 12:16:58 [TestNG-test-OrangeHRM Test 1-5] INFO  ActionDriver - WebDriver instance is created for : ActionDriver
2026-09-14 12:16:58 [TestNG-test-OrangeHRM Test 1-5] INFO  BaseClass - ActionDriver Initialize form Thread 32
2026-09-14 12:16:58 [TestNG-test-OrangeHRM Test 1-1] INFO  ActionDriver - Scrolled to element using JS : Element with text: Alice Marie
2026-09-14 12:16:58 [TestNG-test-OrangeHRM Test 1-1] INFO  DBConnection - Starting DB Connection ...
2026-09-14 12:16:58 [TestNG-test-OrangeHRM Test 1-5] INFO  ActionDriver - Border applied on Element with name: username with color green
2026-09-14 12:16:58 [TestNG-test-OrangeHRM Test 1-5] INFO  ActionDriver - Value entered on Element with name: username is  orangehrm_chaker
2026-09-14 12:16:58 [TestNG-test-OrangeHRM Test 1-1] INFO  DBConnection - DB Connection Successful ! 
2026-09-14 12:16:58 [TestNG-test-OrangeHRM Test 1-1] INFO  DBConnection - Executing query : SELECT emp_firstname, emp_middle_name, emp_lastname FROM hs_hr_employee WHERE employee_id = 3.0
2026-09-14 12:16:58 [TestNG-test-OrangeHRM Test 1-1] INFO  DBConnection - Query Executing Successfully !
2026-09-14 12:16:58 [TestNG-test-OrangeHRM Test 1-1] INFO  DBConnection - Employees Data Fetch : {firstName=Alice, lastName=Dubois, middleName=Marie}
2026-09-14 12:16:58 [TestNG-test-OrangeHRM Test 1-1] INFO  ActionDriver - Actual Text : Alice Marie match to | Expected Value: Alice Marie
2026-09-14 12:16:58 [TestNG-test-OrangeHRM Test 1-5] INFO  ActionDriver - Border applied on Element with name: password with color green
2026-09-14 12:16:59 [TestNG-test-OrangeHRM Test 1-5] INFO  ActionDriver - Value entered on Element with name: password is  AdminOrangeHRM12@!
2026-09-14 12:16:59 [TestNG-test-OrangeHRM Test 1-1] INFO  ActionDriver - Border applied on Element with text: Alice Marie with color green
2026-09-14 12:16:59 [TestNG-test-OrangeHRM Test 1-1] INFO  ActionDriver - Actual Text : Dubois match to | Expected Value: Dubois
2026-09-14 12:16:59 [TestNG-test-OrangeHRM Test 1-1] INFO  ActionDriver - Border applied on Element with text: Dubois with color green
2026-09-14 12:17:00 [TestNG-test-OrangeHRM Test 1-1] INFO  BaseClass - WebDriver instance is closed for :  DBVerificationTest
2026-09-14 12:17:00 [TestNG-test-OrangeHRM Test 1-2] INFO  ActionDriver - Clicked on element  ---> : Element with text: Login
2026-09-14 12:17:00 [TestNG-test-OrangeHRM Test 1-2] INFO  ActionDriver - Element : Unable to describe the element is displayed
2026-09-14 12:17:00 [TestNG-test-OrangeHRM Test 1-2] INFO  ActionDriver - Border applied on Unable to describe the element with color green
2026-09-14 12:17:01 [TestNG-test-OrangeHRM Test 1-2] INFO  BaseClass - WebDriver instance is closed for :  HomeTest
2026-09-14 12:17:09 [TestNG-test-OrangeHRM Test 1-3] INFO  ActionDriver - Clicked on element  ---> : Element with text: Login
2026-09-14 12:17:09 [TestNG-test-OrangeHRM Test 1-3] INFO  ActionDriver - Element : Element with text: Admin is displayed
2026-09-14 12:17:09 [TestNG-test-OrangeHRM Test 1-3] INFO  ActionDriver - Border applied on Element with text: Admin with color green
2026-09-14 12:17:09 [TestNG-test-OrangeHRM Test 1-3] INFO  ActionDriver - Border applied on Element with text: Chaker Ben Said with color green
2026-09-14 12:17:09 [TestNG-test-OrangeHRM Test 1-3] INFO  ActionDriver - Clicked on element  ---> : Element with text: Chaker Ben Said
2026-09-14 12:17:16 [TestNG-test-OrangeHRM Test 1-5] INFO  ActionDriver - Clicked on element  ---> : Element with text: Login
2026-09-14 12:17:16 [TestNG-test-OrangeHRM Test 1-5] INFO  ActionDriver - Element : Element with text: Admin is displayed
2026-09-14 12:17:16 [TestNG-test-OrangeHRM Test 1-5] INFO  ActionDriver - Border applied on Element with text: Admin with color green
2026-09-14 12:17:16 [TestNG-test-OrangeHRM Test 1-5] INFO  ActionDriver - Border applied on Element with text: Chaker Ben Said with color green
2026-09-14 12:17:16 [TestNG-test-OrangeHRM Test 1-5] INFO  ActionDriver - Clicked on element  ---> : Element with text: Chaker Ben Said
2026-09-14 12:17:26 [TestNG-test-OrangeHRM Test 1-3] INFO  ActionDriver - Clicked on element  ---> : Element with text: Logout
2026-09-14 12:17:28 [TestNG-test-OrangeHRM Test 1-3] INFO  BaseClass - WebDriver instance is closed for :  DataLoginTest
2026-09-14 12:17:32 [TestNG-test-OrangeHRM Test 1-5] INFO  ActionDriver - Clicked on element  ---> : Element with text: Logout
2026-09-14 12:17:35 [TestNG-test-OrangeHRM Test 1-5] INFO  BaseClass - WebDriver instance is closed for :  LoginTest
2026-09-14 13:50:14 [main] INFO  BaseClass - properties.config File Loaded successfully
2026-09-14 13:50:14 [TestNG-test-OrangeHRM Test 1-5] INFO  BaseClass - properties.config File Loaded successfully
2026-09-14 13:50:14 [TestNG-test-OrangeHRM Test 1-4] INFO  BaseClass - properties.config File Loaded successfully
2026-09-14 13:50:16 [TestNG-test-OrangeHRM Test 1-3] INFO  BaseClass - properties.config File Loaded successfully
2026-09-14 13:50:16 [TestNG-test-OrangeHRM Test 1-1] INFO  BaseClass - properties.config File Loaded successfully
2026-09-14 13:50:19 [TestNG-test-OrangeHRM Test 1-2] INFO  BaseClass - properties.config File Loaded successfully
2026-09-14 13:50:47 [TestNG-test-OrangeHRM Test 1-1] INFO  BaseClass - ChromeDriver Instance Initialized successfully
2026-09-14 13:50:47 [TestNG-test-OrangeHRM Test 1-2] INFO  BaseClass - ChromeDriver Instance Initialized successfully
2026-09-14 13:50:49 [TestNG-test-OrangeHRM Test 1-5] INFO  BaseClass - ChromeDriver Instance Initialized successfully
2026-09-14 13:50:49 [TestNG-test-OrangeHRM Test 1-4] INFO  BaseClass - ChromeDriver Instance Initialized successfully
2026-09-14 13:50:50 [TestNG-test-OrangeHRM Test 1-3] INFO  BaseClass - ChromeDriver Instance Initialized successfully
2026-09-14 13:51:06 [TestNG-test-OrangeHRM Test 1-5] INFO  BaseClass - WebDriver Initialized and Browser Opened and Maximized
2026-09-14 13:51:06 [TestNG-test-OrangeHRM Test 1-5] INFO  ActionDriver - WebDriver instance is created for : ActionDriver
2026-09-14 13:51:06 [TestNG-test-OrangeHRM Test 1-5] INFO  BaseClass - ActionDriver Initialize form Thread 31
2026-09-14 13:51:06 [TestNG-test-OrangeHRM Test 1-2] INFO  BaseClass - WebDriver Initialized and Browser Opened and Maximized
2026-09-14 13:51:06 [TestNG-test-OrangeHRM Test 1-4] INFO  BaseClass - WebDriver Initialized and Browser Opened and Maximized
2026-09-14 13:51:06 [TestNG-test-OrangeHRM Test 1-1] INFO  BaseClass - WebDriver Initialized and Browser Opened and Maximized
2026-09-14 13:51:06 [TestNG-test-OrangeHRM Test 1-3] INFO  BaseClass - WebDriver Initialized and Browser Opened and Maximized
2026-09-14 13:51:06 [TestNG-test-OrangeHRM Test 1-2] INFO  ActionDriver - WebDriver instance is created for : ActionDriver
2026-09-14 13:51:06 [TestNG-test-OrangeHRM Test 1-1] INFO  ActionDriver - WebDriver instance is created for : ActionDriver
2026-09-14 13:51:06 [TestNG-test-OrangeHRM Test 1-4] INFO  ActionDriver - WebDriver instance is created for : ActionDriver
2026-09-14 13:51:06 [TestNG-test-OrangeHRM Test 1-3] INFO  ActionDriver - WebDriver instance is created for : ActionDriver
2026-09-14 13:51:06 [TestNG-test-OrangeHRM Test 1-2] INFO  BaseClass - ActionDriver Initialize form Thread 28
2026-09-14 13:51:06 [TestNG-test-OrangeHRM Test 1-1] INFO  BaseClass - ActionDriver Initialize form Thread 27
2026-09-14 13:51:06 [TestNG-test-OrangeHRM Test 1-3] INFO  BaseClass - ActionDriver Initialize form Thread 29
2026-09-14 13:51:06 [TestNG-test-OrangeHRM Test 1-4] INFO  BaseClass - ActionDriver Initialize form Thread 30
2026-09-14 13:51:06 [TestNG-test-OrangeHRM Test 1-1] INFO  ActionDriver - Border applied on Element with name: username with color green
2026-09-14 13:51:06 [TestNG-test-OrangeHRM Test 1-1] INFO  ActionDriver - Value entered on Element with name: username is  orangehrm_chaker
2026-09-14 13:51:06 [TestNG-test-OrangeHRM Test 1-3] INFO  ActionDriver - Border applied on Element with name: username with color green
2026-09-14 13:51:06 [TestNG-test-OrangeHRM Test 1-3] INFO  ActionDriver - Value entered on Element with name: username is  orangehrm_chaker
2026-09-14 13:51:06 [TestNG-test-OrangeHRM Test 1-2] INFO  ActionDriver - Border applied on Element with name: username with color green
2026-09-14 13:51:06 [TestNG-test-OrangeHRM Test 1-2] INFO  ActionDriver - Value entered on Element with name: username is  orangehrm_chaker
2026-09-14 13:51:07 [TestNG-test-OrangeHRM Test 1-3] INFO  ActionDriver - Border applied on Element with name: password with color green
2026-09-14 13:51:07 [TestNG-test-OrangeHRM Test 1-3] INFO  ActionDriver - Value entered on Element with name: password is  AdminOrangeHRM12@!!
2026-09-14 13:51:07 [TestNG-test-OrangeHRM Test 1-5] INFO  BaseClass - WebDriver instance is closed for :  DummyClass2
2026-09-14 13:51:07 [TestNG-test-OrangeHRM Test 1-4] INFO  BaseClass - WebDriver instance is closed for :  DummyClass
2026-09-14 13:51:07 [TestNG-test-OrangeHRM Test 1-5] INFO  BaseClass - properties.config File Loaded successfully
2026-09-14 13:51:07 [TestNG-test-OrangeHRM Test 1-1] INFO  ActionDriver - Border applied on Element with name: password with color green
2026-09-14 13:51:07 [TestNG-test-OrangeHRM Test 1-1] INFO  ActionDriver - Value entered on Element with name: password is  AdminOrangeHRM12@!
2026-09-14 13:51:07 [TestNG-test-OrangeHRM Test 1-2] INFO  ActionDriver - Border applied on Element with name: password with color green
2026-09-14 13:51:07 [TestNG-test-OrangeHRM Test 1-2] INFO  ActionDriver - Value entered on Element with name: password is  AdminOrangeHRM12@!
2026-09-14 13:51:09 [TestNG-test-OrangeHRM Test 1-5] INFO  BaseClass - ChromeDriver Instance Initialized successfully
2026-09-14 13:51:12 [TestNG-test-OrangeHRM Test 1-3] INFO  ActionDriver - Border applied on Element with text: Login with color green
2026-09-14 13:51:12 [TestNG-test-OrangeHRM Test 1-3] INFO  ActionDriver - Clicked on element  ---> : Element with text: Login
2026-09-14 13:51:12 [TestNG-test-OrangeHRM Test 1-3] INFO  ActionDriver - Actual Text : Invalid credentials match to | Expected Value: Invalid credentials
2026-09-14 13:51:12 [TestNG-test-OrangeHRM Test 1-3] INFO  ActionDriver - Border applied on Element with text: Invalid credentials with color green
2026-09-14 13:51:13 [TestNG-test-OrangeHRM Test 1-5] INFO  BaseClass - WebDriver Initialized and Browser Opened and Maximized
2026-09-14 13:51:13 [TestNG-test-OrangeHRM Test 1-5] INFO  ActionDriver - WebDriver instance is created for : ActionDriver
2026-09-14 13:51:13 [TestNG-test-OrangeHRM Test 1-5] INFO  BaseClass - ActionDriver Initialize form Thread 31
2026-09-14 13:51:14 [TestNG-test-OrangeHRM Test 1-5] INFO  ActionDriver - Border applied on Element with name: username with color green
2026-09-14 13:51:14 [TestNG-test-OrangeHRM Test 1-5] INFO  ActionDriver - Value entered on Element with name: username is  orangehrm_chaker
2026-09-14 13:51:15 [TestNG-test-OrangeHRM Test 1-5] INFO  ActionDriver - Border applied on Element with name: password with color green
2026-09-14 13:51:15 [TestNG-test-OrangeHRM Test 1-5] INFO  ActionDriver - Value entered on Element with name: password is  AdminOrangeHRM12@!!
2026-09-14 13:51:17 [TestNG-test-OrangeHRM Test 1-3] INFO  BaseClass - WebDriver instance is closed for :  DataLoginTest
2026-09-14 13:51:17 [TestNG-test-OrangeHRM Test 1-3] INFO  BaseClass - properties.config File Loaded successfully
2026-09-14 13:51:19 [TestNG-test-OrangeHRM Test 1-5] INFO  ActionDriver - Border applied on Element with text: Login with color green
2026-09-14 13:51:19 [TestNG-test-OrangeHRM Test 1-5] INFO  ActionDriver - Clicked on element  ---> : Element with text: Login
2026-09-14 13:51:19 [TestNG-test-OrangeHRM Test 1-5] INFO  ActionDriver - Actual Text : Invalid credentials match to | Expected Value: Invalid credentials
2026-09-14 13:51:19 [TestNG-test-OrangeHRM Test 1-3] INFO  BaseClass - ChromeDriver Instance Initialized successfully
2026-09-14 13:51:20 [TestNG-test-OrangeHRM Test 1-5] INFO  ActionDriver - Border applied on Element with text: Invalid credentials with color green
2026-09-14 13:51:20 [TestNG-test-OrangeHRM Test 1-5] INFO  BaseClass - WebDriver instance is closed for :  LoginTest
2026-09-14 13:51:20 [TestNG-test-OrangeHRM Test 1-5] INFO  BaseClass - properties.config File Loaded successfully
2026-09-14 13:51:22 [TestNG-test-OrangeHRM Test 1-5] INFO  BaseClass - ChromeDriver Instance Initialized successfully
2026-09-14 13:51:24 [TestNG-test-OrangeHRM Test 1-3] INFO  BaseClass - WebDriver Initialized and Browser Opened and Maximized
2026-09-14 13:51:24 [TestNG-test-OrangeHRM Test 1-3] INFO  ActionDriver - WebDriver instance is created for : ActionDriver
2026-09-14 13:51:24 [TestNG-test-OrangeHRM Test 1-3] INFO  BaseClass - ActionDriver Initialize form Thread 29
2026-09-14 13:51:24 [TestNG-test-OrangeHRM Test 1-3] INFO  ActionDriver - Border applied on Element with name: username with color green
2026-09-14 13:51:24 [TestNG-test-OrangeHRM Test 1-3] INFO  ActionDriver - Value entered on Element with name: username is  orangehrm_chaker
2026-09-14 13:51:25 [TestNG-test-OrangeHRM Test 1-3] INFO  ActionDriver - Border applied on Element with name: password with color green
2026-09-14 13:51:25 [TestNG-test-OrangeHRM Test 1-3] INFO  ActionDriver - Value entered on Element with name: password is  AdminOrangeHRM12@!
2026-09-14 13:51:26 [TestNG-test-OrangeHRM Test 1-2] INFO  ActionDriver - Clicked on element  ---> : Element with text: Login
2026-09-14 13:51:26 [TestNG-test-OrangeHRM Test 1-1] INFO  ActionDriver - Clicked on element  ---> : Element with text: Login
2026-09-14 13:51:26 [TestNG-test-OrangeHRM Test 1-2] INFO  ActionDriver - Element : Unable to describe the element is displayed
2026-09-14 13:51:27 [TestNG-test-OrangeHRM Test 1-2] INFO  ActionDriver - Border applied on Unable to describe the element with color green
2026-09-14 13:51:27 [TestNG-test-OrangeHRM Test 1-5] INFO  BaseClass - WebDriver Initialized and Browser Opened and Maximized
2026-09-14 13:51:27 [TestNG-test-OrangeHRM Test 1-5] INFO  ActionDriver - WebDriver instance is created for : ActionDriver
2026-09-14 13:51:27 [TestNG-test-OrangeHRM Test 1-5] INFO  BaseClass - ActionDriver Initialize form Thread 31
2026-09-14 13:51:28 [TestNG-test-OrangeHRM Test 1-2] INFO  BaseClass - WebDriver instance is closed for :  HomeTest
2026-09-14 13:51:28 [TestNG-test-OrangeHRM Test 1-5] INFO  ActionDriver - Border applied on Element with name: username with color green
2026-09-14 13:51:28 [TestNG-test-OrangeHRM Test 1-5] INFO  ActionDriver - Value entered on Element with name: username is  orangehrm_chaker
2026-09-14 13:51:28 [TestNG-test-OrangeHRM Test 1-5] INFO  ActionDriver - Border applied on Element with name: password with color green
2026-09-14 13:51:28 [TestNG-test-OrangeHRM Test 1-5] INFO  ActionDriver - Value entered on Element with name: password is  AdminOrangeHRM12@!
2026-09-14 13:51:31 [TestNG-test-OrangeHRM Test 1-1] INFO  ActionDriver - Border applied on Element with text: PIM with color green
2026-09-14 13:51:31 [TestNG-test-OrangeHRM Test 1-1] INFO  ActionDriver - Clicked on element  ---> : Element with text: PIM
2026-09-14 13:51:31 [TestNG-test-OrangeHRM Test 1-1] INFO  ActionDriver - Border applied on Element with placeholder: Type for hints... with color green
2026-09-14 13:51:31 [TestNG-test-OrangeHRM Test 1-1] INFO  ActionDriver - Value entered on Element with placeholder: Type for hints... is  alice
2026-09-14 13:51:32 [TestNG-test-OrangeHRM Test 1-1] INFO  ActionDriver - Border applied on Element with text: Search with color green
2026-09-14 13:51:32 [TestNG-test-OrangeHRM Test 1-1] INFO  ActionDriver - Clicked on element  ---> : Element with text: Search
2026-09-14 13:51:33 [TestNG-test-OrangeHRM Test 1-1] INFO  ActionDriver - Border applied on Element with text: Alice Marie with color green
2026-09-14 13:51:33 [TestNG-test-OrangeHRM Test 1-1] INFO  ActionDriver - Scrolled to element using JS : Element with text: Alice Marie
2026-09-14 13:51:33 [TestNG-test-OrangeHRM Test 1-1] INFO  DBConnection - Starting DB Connection ...
2026-09-14 13:51:33 [TestNG-test-OrangeHRM Test 1-1] INFO  DBConnection - DB Connection Successful ! 
2026-09-14 13:51:33 [TestNG-test-OrangeHRM Test 1-1] INFO  DBConnection - Executing query : SELECT emp_firstname, emp_middle_name, emp_lastname FROM hs_hr_employee WHERE employee_id = 3.0
2026-09-14 13:51:33 [TestNG-test-OrangeHRM Test 1-1] INFO  DBConnection - Query Executing Successfully !
2026-09-14 13:51:33 [TestNG-test-OrangeHRM Test 1-1] INFO  DBConnection - Employees Data Fetch : {firstName=Alice, lastName=Dubois, middleName=Marie}
2026-09-14 13:51:33 [TestNG-test-OrangeHRM Test 1-1] INFO  ActionDriver - Actual Text : Alice Marie match to | Expected Value: Alice Marie
2026-09-14 13:51:34 [TestNG-test-OrangeHRM Test 1-1] INFO  ActionDriver - Border applied on Element with text: Alice Marie with color green
2026-09-14 13:51:34 [TestNG-test-OrangeHRM Test 1-1] INFO  ActionDriver - Actual Text : Dubois match to | Expected Value: Dubois
2026-09-14 13:51:34 [TestNG-test-OrangeHRM Test 1-1] INFO  ActionDriver - Border applied on Element with text: Dubois with color green
2026-09-14 13:51:34 [TestNG-test-OrangeHRM Test 1-1] INFO  BaseClass - WebDriver instance is closed for :  DBVerificationTest
2026-09-14 13:51:43 [TestNG-test-OrangeHRM Test 1-3] INFO  ActionDriver - Clicked on element  ---> : Element with text: Login
2026-09-14 13:51:43 [TestNG-test-OrangeHRM Test 1-3] INFO  ActionDriver - Element : Element with text: Admin is displayed
2026-09-14 13:51:43 [TestNG-test-OrangeHRM Test 1-3] INFO  ActionDriver - Border applied on Element with text: Admin with color green
2026-09-14 13:51:43 [TestNG-test-OrangeHRM Test 1-3] INFO  ActionDriver - Border applied on Element with text: Chaker Ben Said with color green
2026-09-14 13:51:43 [TestNG-test-OrangeHRM Test 1-3] INFO  ActionDriver - Clicked on element  ---> : Element with text: Chaker Ben Said
2026-09-14 13:51:46 [TestNG-test-OrangeHRM Test 1-5] INFO  ActionDriver - Clicked on element  ---> : Element with text: Login
2026-09-14 13:51:46 [TestNG-test-OrangeHRM Test 1-5] INFO  ActionDriver - Element : Element with text: Admin is displayed
2026-09-14 13:51:46 [TestNG-test-OrangeHRM Test 1-5] INFO  ActionDriver - Border applied on Element with text: Admin with color green
2026-09-14 13:51:46 [TestNG-test-OrangeHRM Test 1-5] INFO  ActionDriver - Border applied on Element with text: Chaker Ben Said with color green
2026-09-14 13:51:46 [TestNG-test-OrangeHRM Test 1-5] INFO  ActionDriver - Clicked on element  ---> : Element with text: Chaker Ben Said
2026-09-14 13:51:59 [TestNG-test-OrangeHRM Test 1-3] INFO  ActionDriver - Clicked on element  ---> : Element with text: Logout
2026-09-14 13:52:01 [TestNG-test-OrangeHRM Test 1-3] INFO  BaseClass - WebDriver instance is closed for :  DataLoginTest
2026-09-14 13:52:02 [TestNG-test-OrangeHRM Test 1-5] INFO  ActionDriver - Clicked on element  ---> : Element with text: Logout
2026-09-14 13:52:05 [TestNG-test-OrangeHRM Test 1-5] INFO  BaseClass - WebDriver instance is closed for :  LoginTest
2026-09-15 14:21:57 [main] WARN  BaseClass - properties.config File Loaded successfully
2026-09-15 14:21:57 [TestNG-test-OrangeHRM Test 1-5] WARN  BaseClass - Settings up for ---------------> : HomeTest 
2026-09-15 14:21:57 [TestNG-test-OrangeHRM Test 1-4] WARN  BaseClass - Settings up for ---------------> : DummyClass 
2026-09-15 14:21:57 [TestNG-test-OrangeHRM Test 1-5] WARN  BaseClass - properties.config File Loaded successfully
2026-09-15 14:21:57 [TestNG-test-OrangeHRM Test 1-4] WARN  BaseClass - properties.config File Loaded successfully
2026-09-15 14:21:58 [TestNG-test-OrangeHRM Test 1-4] WARN  BaseClass - WebDriver instance is closed for ---------------> : DummyClass
2026-09-15 14:21:58 [TestNG-test-OrangeHRM Test 1-4] WARN  BaseClass - Settings up for ---------------> : DummyClass 
2026-09-15 14:21:58 [TestNG-test-OrangeHRM Test 1-4] WARN  BaseClass - properties.config File Loaded successfully
2026-09-15 14:21:58 [TestNG-test-OrangeHRM Test 1-4] WARN  BaseClass - WebDriver instance is closed for ---------------> : DummyClass
2026-09-15 14:21:58 [TestNG-test-OrangeHRM Test 1-4] WARN  BaseClass - Settings up for ---------------> : DummyClass 
2026-09-15 14:21:58 [TestNG-test-OrangeHRM Test 1-5] WARN  BaseClass - Settings up for ---------------> : LoginTest 
2026-09-15 14:21:58 [TestNG-test-OrangeHRM Test 1-4] WARN  BaseClass - properties.config File Loaded successfully
2026-09-15 14:21:58 [TestNG-test-OrangeHRM Test 1-5] WARN  BaseClass - properties.config File Loaded successfully
2026-09-15 14:21:59 [TestNG-test-OrangeHRM Test 1-1] WARN  BaseClass - Settings up for ---------------> : DBVerificationTest 
2026-09-15 14:21:59 [TestNG-test-OrangeHRM Test 1-3] WARN  BaseClass - Settings up for ---------------> : DataLoginTest 
2026-09-15 14:21:59 [TestNG-test-OrangeHRM Test 1-3] WARN  BaseClass - properties.config File Loaded successfully
2026-09-15 14:21:59 [TestNG-test-OrangeHRM Test 1-1] WARN  BaseClass - properties.config File Loaded successfully
2026-09-15 14:28:15 [main] WARN  BaseClass - properties.config File Loaded successfully
2026-09-15 14:28:15 [TestNG-test-OrangeHRM Test 1-4] WARN  BaseClass - Settings up for ---------------> : DummyClass 
2026-09-15 14:28:15 [TestNG-test-OrangeHRM Test 1-5] WARN  BaseClass - Settings up for ---------------> : HomeTest 
2026-09-15 14:28:15 [TestNG-test-OrangeHRM Test 1-4] WARN  BaseClass - WebDriver instance is closed for ---------------> : DummyClass
2026-09-15 14:28:15 [TestNG-test-OrangeHRM Test 1-4] WARN  BaseClass - Settings up for ---------------> : DummyClass 
2026-09-15 14:28:15 [TestNG-test-OrangeHRM Test 1-4] WARN  BaseClass - WebDriver instance is closed for ---------------> : DummyClass
2026-09-15 14:28:15 [TestNG-test-OrangeHRM Test 1-4] WARN  BaseClass - Settings up for ---------------> : DummyClass 
2026-09-15 14:28:15 [TestNG-test-OrangeHRM Test 1-5] WARN  BaseClass - Settings up for ---------------> : LoginTest 
2026-09-15 14:28:16 [TestNG-test-OrangeHRM Test 1-3] WARN  BaseClass - Settings up for ---------------> : DataLoginTest 
2026-09-15 14:28:16 [TestNG-test-OrangeHRM Test 1-1] WARN  BaseClass - Settings up for ---------------> : DBVerificationTest 
2026-09-15 14:29:55 [main] WARN  BaseClass - properties.config File Loaded successfully
2026-09-15 14:29:55 [TestNG-test-OrangeHRM Test 1-5] WARN  BaseClass - Setting up for ---------------> : HomeTest
2026-09-15 14:29:55 [TestNG-test-OrangeHRM Test 1-4] WARN  BaseClass - Setting up for ---------------> : DummyClass
2026-09-15 14:29:58 [TestNG-test-OrangeHRM Test 1-1] WARN  BaseClass - Setting up for ---------------> : DBVerificationTest
2026-09-15 14:29:58 [TestNG-test-OrangeHRM Test 1-3] WARN  BaseClass - Setting up for ---------------> : DataLoginTest
2026-09-15 14:30:01 [TestNG-test-OrangeHRM Test 1-2] WARN  BaseClass - Setting up for ---------------> : LoginTest
2026-09-15 14:30:21 [TestNG-test-OrangeHRM Test 1-3] INFO  BaseClass - ChromeDriver Instance Initialized successfully On -------> Headless Mode
2026-09-15 14:30:27 [TestNG-test-OrangeHRM Test 1-3] INFO  BaseClass - WebDriver Initialized correctly and Browser Opened
2026-09-15 14:30:27 [TestNG-test-OrangeHRM Test 1-3] INFO  ActionDriver - WebDriver instance is created for : ActionDriver
2026-09-15 14:30:27 [TestNG-test-OrangeHRM Test 1-3] WARN  BaseClass - ActionDriver Initialized for Thread ---------------------> 30
2026-09-15 14:30:28 [TestNG-test-OrangeHRM Test 1-1] INFO  BaseClass - ChromeDriver Instance Initialized successfully On -------> Headless Mode
2026-09-15 14:30:33 [TestNG-test-OrangeHRM Test 1-2] INFO  BaseClass - ChromeDriver Instance Initialized successfully On -------> Headless Mode
2026-09-15 14:30:33 [TestNG-test-OrangeHRM Test 1-3] INFO  ActionDriver - Border applied on ------> Element with name ' username ' with color ------> green
2026-09-15 14:30:33 [TestNG-test-OrangeHRM Test 1-3] INFO  ActionDriver - Value entered on ' Element with name ' username ' ' is  ' orangehrm_chaker '.
2026-09-15 14:30:35 [TestNG-test-OrangeHRM Test 1-3] INFO  ActionDriver - Border applied on ------> Element with name ' password ' with color ------> green
2026-09-15 14:30:35 [TestNG-test-OrangeHRM Test 1-3] INFO  ActionDriver - Value entered on ' Element with name ' password ' ' is  ' AdminOrangeHRM12@!! '.
2026-09-15 14:30:36 [TestNG-test-OrangeHRM Test 1-4] INFO  BaseClass - ChromeDriver Instance Initialized successfully On -------> Headless Mode
2026-09-15 14:30:36 [TestNG-test-OrangeHRM Test 1-1] INFO  BaseClass - WebDriver Initialized correctly and Browser Opened
2026-09-15 14:30:36 [TestNG-test-OrangeHRM Test 1-1] INFO  ActionDriver - WebDriver instance is created for : ActionDriver
2026-09-15 14:30:36 [TestNG-test-OrangeHRM Test 1-1] WARN  BaseClass - ActionDriver Initialized for Thread ---------------------> 28
2026-09-15 14:30:37 [TestNG-test-OrangeHRM Test 1-5] INFO  BaseClass - ChromeDriver Instance Initialized successfully On -------> Headless Mode
2026-09-15 14:30:40 [TestNG-test-OrangeHRM Test 1-1] INFO  ActionDriver - Border applied on ------> Element with name ' username ' with color ------> green
2026-09-15 14:30:40 [TestNG-test-OrangeHRM Test 1-1] INFO  ActionDriver - Value entered on ' Element with name ' username ' ' is  ' orangehrm_chaker '.
2026-09-15 14:30:40 [TestNG-test-OrangeHRM Test 1-2] INFO  BaseClass - WebDriver Initialized correctly and Browser Opened
2026-09-15 14:30:40 [TestNG-test-OrangeHRM Test 1-2] INFO  ActionDriver - WebDriver instance is created for : ActionDriver
2026-09-15 14:30:40 [TestNG-test-OrangeHRM Test 1-2] WARN  BaseClass - ActionDriver Initialized for Thread ---------------------> 29
2026-09-15 14:30:41 [TestNG-test-OrangeHRM Test 1-2] INFO  ActionDriver - Border applied on ------> Element with name ' username ' with color ------> green
2026-09-15 14:30:41 [TestNG-test-OrangeHRM Test 1-2] INFO  ActionDriver - Value entered on ' Element with name ' username ' ' is  ' orangehrm_chaker '.
2026-09-15 14:30:41 [TestNG-test-OrangeHRM Test 1-1] INFO  ActionDriver - Border applied on ------> Element with name ' password ' with color ------> green
2026-09-15 14:30:41 [TestNG-test-OrangeHRM Test 1-1] INFO  ActionDriver - Value entered on ' Element with name ' password ' ' is  ' AdminOrangeHRM12@! '.
2026-09-15 14:30:42 [TestNG-test-OrangeHRM Test 1-2] INFO  ActionDriver - Border applied on ------> Element with name ' password ' with color ------> green
2026-09-15 14:30:42 [TestNG-test-OrangeHRM Test 1-2] INFO  ActionDriver - Value entered on ' Element with name ' password ' ' is  ' AdminOrangeHRM12@!! '.
2026-09-15 14:30:42 [TestNG-test-OrangeHRM Test 1-4] INFO  BaseClass - WebDriver Initialized correctly and Browser Opened
2026-09-15 14:30:42 [TestNG-test-OrangeHRM Test 1-4] INFO  ActionDriver - WebDriver instance is created for : ActionDriver
2026-09-15 14:30:42 [TestNG-test-OrangeHRM Test 1-4] WARN  BaseClass - ActionDriver Initialized for Thread ---------------------> 31
2026-09-15 14:30:43 [TestNG-test-OrangeHRM Test 1-4] WARN  BaseClass - WebDriver instance is closed for ---------------> : DummyClass
2026-09-15 14:30:43 [TestNG-test-OrangeHRM Test 1-3] INFO  ActionDriver - Border applied on ------> Element with text ' Login ' with color ------> green
2026-09-15 14:30:43 [TestNG-test-OrangeHRM Test 1-3] INFO  ActionDriver - Clicked on element  ----------------> : Element with text ' Login '
2026-09-15 14:30:43 [TestNG-test-OrangeHRM Test 1-3] INFO  ActionDriver - Actual Text: Invalid credentials match to ----------> Expected Text Value: Invalid credentials
2026-09-15 14:30:44 [TestNG-test-OrangeHRM Test 1-3] INFO  ActionDriver - Border applied on ------> Element with text ' Invalid credentials ' with color ------> green
2026-09-15 14:30:44 [TestNG-test-OrangeHRM Test 1-5] INFO  BaseClass - WebDriver Initialized correctly and Browser Opened
2026-09-15 14:30:44 [TestNG-test-OrangeHRM Test 1-5] INFO  ActionDriver - WebDriver instance is created for : ActionDriver
2026-09-15 14:30:44 [TestNG-test-OrangeHRM Test 1-5] WARN  BaseClass - ActionDriver Initialized for Thread ---------------------> 32
2026-09-15 14:30:44 [TestNG-test-OrangeHRM Test 1-5] INFO  ActionDriver - Border applied on ------> Element with name ' username ' with color ------> green
2026-09-15 14:30:44 [TestNG-test-OrangeHRM Test 1-5] INFO  ActionDriver - Value entered on ' Element with name ' username ' ' is  ' orangehrm_chaker '.
2026-09-15 14:30:45 [TestNG-test-OrangeHRM Test 1-5] INFO  ActionDriver - Border applied on ------> Element with name ' password ' with color ------> green
2026-09-15 14:30:45 [TestNG-test-OrangeHRM Test 1-5] INFO  ActionDriver - Value entered on ' Element with name ' password ' ' is  ' AdminOrangeHRM12@! '.
2026-09-15 14:30:45 [TestNG-test-OrangeHRM Test 1-3] WARN  BaseClass - WebDriver instance is closed for ---------------> : DataLoginTest
2026-09-15 14:30:45 [TestNG-test-OrangeHRM Test 1-3] WARN  BaseClass - Setting up for ---------------> : DataLoginTest
2026-09-15 14:30:46 [TestNG-test-OrangeHRM Test 1-2] INFO  ActionDriver - Border applied on ------> Element with text ' Login ' with color ------> green
2026-09-15 14:30:46 [TestNG-test-OrangeHRM Test 1-2] INFO  ActionDriver - Clicked on element  ----------------> : Element with text ' Login '
2026-09-15 14:30:46 [TestNG-test-OrangeHRM Test 1-2] INFO  ActionDriver - Actual Text: Invalid credentials match to ----------> Expected Text Value: Invalid credentials
2026-09-15 14:30:46 [TestNG-test-OrangeHRM Test 1-2] INFO  ActionDriver - Border applied on ------> Element with text ' Invalid credentials ' with color ------> green
2026-09-15 14:30:49 [TestNG-test-OrangeHRM Test 1-3] INFO  BaseClass - ChromeDriver Instance Initialized successfully On -------> Headless Mode
2026-09-15 14:30:54 [TestNG-test-OrangeHRM Test 1-2] WARN  BaseClass - WebDriver instance is closed for ---------------> : LoginTest
2026-09-15 14:30:54 [TestNG-test-OrangeHRM Test 1-2] WARN  BaseClass - Setting up for ---------------> : LoginTest
2026-09-15 14:30:54 [TestNG-test-OrangeHRM Test 1-3] INFO  BaseClass - WebDriver Initialized correctly and Browser Opened
2026-09-15 14:30:54 [TestNG-test-OrangeHRM Test 1-3] INFO  ActionDriver - WebDriver instance is created for : ActionDriver
2026-09-15 14:30:54 [TestNG-test-OrangeHRM Test 1-3] WARN  BaseClass - ActionDriver Initialized for Thread ---------------------> 30
2026-09-15 14:30:55 [TestNG-test-OrangeHRM Test 1-3] INFO  ActionDriver - Border applied on ------> Element with name ' username ' with color ------> green
2026-09-15 14:30:55 [TestNG-test-OrangeHRM Test 1-3] INFO  ActionDriver - Value entered on ' Element with name ' username ' ' is  ' orangehrm_chaker '.
2026-09-15 14:30:55 [TestNG-test-OrangeHRM Test 1-3] INFO  ActionDriver - Border applied on ------> Element with name ' password ' with color ------> green
2026-09-15 14:30:55 [TestNG-test-OrangeHRM Test 1-3] INFO  ActionDriver - Value entered on ' Element with name ' password ' ' is  ' AdminOrangeHRM12@! '.
2026-09-15 14:30:56 [TestNG-test-OrangeHRM Test 1-2] INFO  BaseClass - ChromeDriver Instance Initialized successfully On -------> Headless Mode
2026-09-15 14:31:00 [TestNG-test-OrangeHRM Test 1-1] INFO  ActionDriver - Clicked on element  ----------------> : Element with text ' Login '
2026-09-15 14:31:01 [TestNG-test-OrangeHRM Test 1-2] INFO  BaseClass - WebDriver Initialized correctly and Browser Opened
2026-09-15 14:31:01 [TestNG-test-OrangeHRM Test 1-2] INFO  ActionDriver - WebDriver instance is created for : ActionDriver
2026-09-15 14:31:01 [TestNG-test-OrangeHRM Test 1-2] WARN  BaseClass - ActionDriver Initialized for Thread ---------------------> 29
2026-09-15 14:31:03 [TestNG-test-OrangeHRM Test 1-2] INFO  ActionDriver - Border applied on ------> Element with name ' username ' with color ------> green
2026-09-15 14:31:03 [TestNG-test-OrangeHRM Test 1-2] INFO  ActionDriver - Value entered on ' Element with name ' username ' ' is  ' orangehrm_chaker '.
2026-09-15 14:31:04 [TestNG-test-OrangeHRM Test 1-5] INFO  ActionDriver - Clicked on element  ----------------> : Element with text ' Login '
2026-09-15 14:31:04 [TestNG-test-OrangeHRM Test 1-2] INFO  ActionDriver - Border applied on ------> Element with name ' password ' with color ------> green
2026-09-15 14:31:04 [TestNG-test-OrangeHRM Test 1-2] INFO  ActionDriver - Value entered on ' Element with name ' password ' ' is  ' AdminOrangeHRM12@! '.
2026-09-15 14:31:04 [TestNG-test-OrangeHRM Test 1-5] INFO  ActionDriver - Element ' Unable to describe the element ' ------> is displayed
2026-09-15 14:31:05 [TestNG-test-OrangeHRM Test 1-5] INFO  ActionDriver - Border applied on ------> Unable to describe the element with color ------> green
2026-09-15 14:31:05 [TestNG-test-OrangeHRM Test 1-1] INFO  ActionDriver - Border applied on ------> Element with text ' PIM ' with color ------> green
2026-09-15 14:31:05 [TestNG-test-OrangeHRM Test 1-1] INFO  ActionDriver - Clicked on element  ----------------> : Element with text ' PIM '
2026-09-15 14:31:06 [TestNG-test-OrangeHRM Test 1-1] INFO  ActionDriver - Border applied on ------> Element with placeholder ' Type for hints... ' with color ------> green
2026-09-15 14:31:06 [TestNG-test-OrangeHRM Test 1-1] INFO  ActionDriver - Value entered on ' Element with placeholder ' Type for hints... ' ' is  ' alice '.
2026-09-15 14:31:07 [TestNG-test-OrangeHRM Test 1-1] INFO  ActionDriver - Border applied on ------> Element with text ' Search ' with color ------> green
2026-09-15 14:31:07 [TestNG-test-OrangeHRM Test 1-1] INFO  ActionDriver - Clicked on element  ----------------> : Element with text ' Search '
2026-09-15 14:31:08 [TestNG-test-OrangeHRM Test 1-1] INFO  ActionDriver - Border applied on ------> Element with text ' Alice Marie ' with color ------> green
2026-09-15 14:31:08 [TestNG-test-OrangeHRM Test 1-1] INFO  ActionDriver - Scrolled to element --------> Element with text ' Alice Marie ' using JS
2026-09-15 14:31:08 [TestNG-test-OrangeHRM Test 1-1] INFO  DBConnection - Starting DB Connection ...
2026-09-15 14:31:09 [TestNG-test-OrangeHRM Test 1-1] INFO  DBConnection - DB Connection Successful ! 
2026-09-15 14:31:09 [TestNG-test-OrangeHRM Test 1-1] INFO  DBConnection - Executing query : SELECT emp_firstname, emp_middle_name, emp_lastname FROM hs_hr_employee WHERE employee_id = 3.0
2026-09-15 14:31:09 [TestNG-test-OrangeHRM Test 1-1] INFO  DBConnection - Query Executing Successfully !
2026-09-15 14:31:09 [TestNG-test-OrangeHRM Test 1-1] INFO  DBConnection - Employees Data Fetch : {firstName=Alice, lastName=Dubois, middleName=Marie}
2026-09-15 14:31:09 [TestNG-test-OrangeHRM Test 1-1] INFO  ActionDriver - Actual Text: Alice Marie match to ----------> Expected Text Value: Alice Marie
2026-09-15 14:31:10 [TestNG-test-OrangeHRM Test 1-1] INFO  ActionDriver - Border applied on ------> Element with text ' Alice Marie ' with color ------> green
2026-09-15 14:31:10 [TestNG-test-OrangeHRM Test 1-1] INFO  ActionDriver - Actual Text: Dubois match to ----------> Expected Text Value: Dubois
2026-09-15 14:31:11 [TestNG-test-OrangeHRM Test 1-1] INFO  ActionDriver - Border applied on ------> Element with text ' Dubois ' with color ------> green
2026-09-15 14:31:12 [TestNG-test-OrangeHRM Test 1-5] WARN  BaseClass - WebDriver instance is closed for ---------------> : HomeTest
2026-09-15 14:31:12 [TestNG-test-OrangeHRM Test 1-1] WARN  BaseClass - WebDriver instance is closed for ---------------> : DBVerificationTest
2026-09-15 14:31:14 [TestNG-test-OrangeHRM Test 1-3] INFO  ActionDriver - Clicked on element  ----------------> : Element with text ' Login '
2026-09-15 14:31:15 [TestNG-test-OrangeHRM Test 1-3] INFO  ActionDriver - Element ' Element with text ' Admin ' ' ------> is displayed
2026-09-15 14:31:15 [TestNG-test-OrangeHRM Test 1-3] INFO  ActionDriver - Border applied on ------> Element with text ' Admin ' with color ------> green
2026-09-15 14:31:15 [TestNG-test-OrangeHRM Test 1-3] INFO  ActionDriver - Border applied on ------> Element with text ' Chaker Ben Said ' with color ------> green
2026-09-15 14:31:15 [TestNG-test-OrangeHRM Test 1-3] INFO  ActionDriver - Clicked on element  ----------------> : Element with text ' Chaker Ben Said '
2026-09-15 14:31:23 [TestNG-test-OrangeHRM Test 1-2] INFO  ActionDriver - Clicked on element  ----------------> : Element with text ' Login '
2026-09-15 14:31:24 [TestNG-test-OrangeHRM Test 1-2] INFO  ActionDriver - Element ' Element with text ' Admin ' ' ------> is displayed
2026-09-15 14:31:24 [TestNG-test-OrangeHRM Test 1-2] INFO  ActionDriver - Border applied on ------> Element with text ' Admin ' with color ------> green
2026-09-15 14:31:24 [TestNG-test-OrangeHRM Test 1-2] INFO  ActionDriver - Border applied on ------> Element with text ' Chaker Ben Said ' with color ------> green
2026-09-15 14:31:24 [TestNG-test-OrangeHRM Test 1-2] INFO  ActionDriver - Clicked on element  ----------------> : Element with text ' Chaker Ben Said '
2026-09-15 14:31:31 [TestNG-test-OrangeHRM Test 1-3] INFO  ActionDriver - Clicked on element  ----------------> : Element with text ' Logout '
2026-09-15 14:31:34 [TestNG-test-OrangeHRM Test 1-3] WARN  BaseClass - WebDriver instance is closed for ---------------> : DataLoginTest
2026-09-15 14:31:40 [TestNG-test-OrangeHRM Test 1-2] INFO  ActionDriver - Clicked on element  ----------------> : Element with text ' Logout '
2026-09-15 14:31:43 [TestNG-test-OrangeHRM Test 1-2] WARN  BaseClass - WebDriver instance is closed for ---------------> : LoginTest
2026-09-15 14:39:57 [main] WARN  BaseClass - properties.config File Loaded successfully
2026-09-15 14:39:57 [TestNG-test-OrangeHRM Test 1-5] WARN  BaseClass - Setting up for ---------------> : HomeTest
2026-09-15 14:39:57 [TestNG-test-OrangeHRM Test 1-4] WARN  BaseClass - Setting up for ---------------> : DummyClass
2026-09-15 14:39:58 [TestNG-test-OrangeHRM Test 1-1] WARN  BaseClass - Setting up for ---------------> : DBVerificationTest
2026-09-15 14:39:58 [TestNG-test-OrangeHRM Test 1-3] WARN  BaseClass - Setting up for ---------------> : DataLoginTest
2026-09-15 14:40:01 [TestNG-test-OrangeHRM Test 1-5] INFO  BaseClass - ChromeDriver Instance Initialized successfully On -------> Opening Browser
2026-09-15 14:40:04 [TestNG-test-OrangeHRM Test 1-2] WARN  BaseClass - Setting up for ---------------> : LoginTest
2026-09-15 14:40:06 [TestNG-test-OrangeHRM Test 1-5] INFO  BaseClass - WebDriver Initialized correctly and Browser Opened
2026-09-15 14:40:06 [TestNG-test-OrangeHRM Test 1-5] INFO  ActionDriver - WebDriver instance is created for : ActionDriver
2026-09-15 14:40:06 [TestNG-test-OrangeHRM Test 1-5] WARN  BaseClass - ActionDriver Initialized for Thread ---------------------> 32
2026-09-15 14:40:07 [TestNG-test-OrangeHRM Test 1-5] INFO  ActionDriver - Border applied on ------> Element with name ' username ' with color ------> green
2026-09-15 14:40:07 [TestNG-test-OrangeHRM Test 1-5] INFO  ActionDriver - Value entered on ' Element with name ' username ' ' is  ' orangehrm_chaker '.
2026-09-15 14:40:07 [TestNG-test-OrangeHRM Test 1-5] INFO  ActionDriver - Border applied on ------> Element with name ' password ' with color ------> green
2026-09-15 14:40:07 [TestNG-test-OrangeHRM Test 1-5] INFO  ActionDriver - Value entered on ' Element with name ' password ' ' is  ' AdminOrangeHRM12@! '.
2026-09-15 14:40:21 [TestNG-test-OrangeHRM Test 1-1] INFO  BaseClass - ChromeDriver Instance Initialized successfully On -------> Opening Browser
2026-09-15 14:40:24 [TestNG-test-OrangeHRM Test 1-5] INFO  ActionDriver - Clicked on element  ----------------> : Element with text ' Login '
2026-09-15 14:40:24 [TestNG-test-OrangeHRM Test 1-5] INFO  ActionDriver - Element ' Unable to describe the element ' ------> is displayed
2026-09-15 14:40:24 [TestNG-test-OrangeHRM Test 1-5] INFO  ActionDriver - Border applied on ------> Unable to describe the element with color ------> green
2026-09-15 14:40:25 [TestNG-test-OrangeHRM Test 1-5] WARN  BaseClass - WebDriver instance is closed for ---------------> : HomeTest
2026-09-15 14:40:25 [TestNG-test-OrangeHRM Test 1-1] INFO  BaseClass - WebDriver Initialized correctly and Browser Opened
2026-09-15 14:40:25 [TestNG-test-OrangeHRM Test 1-1] INFO  ActionDriver - WebDriver instance is created for : ActionDriver
2026-09-15 14:40:25 [TestNG-test-OrangeHRM Test 1-1] WARN  BaseClass - ActionDriver Initialized for Thread ---------------------> 28
2026-09-15 14:40:26 [TestNG-test-OrangeHRM Test 1-1] INFO  ActionDriver - Border applied on ------> Element with name ' username ' with color ------> green
2026-09-15 14:40:26 [TestNG-test-OrangeHRM Test 1-1] INFO  ActionDriver - Value entered on ' Element with name ' username ' ' is  ' orangehrm_chaker '.
2026-09-15 14:40:26 [TestNG-test-OrangeHRM Test 1-4] INFO  BaseClass - ChromeDriver Instance Initialized successfully On -------> Opening Browser
2026-09-15 14:40:26 [TestNG-test-OrangeHRM Test 1-1] INFO  ActionDriver - Border applied on ------> Element with name ' password ' with color ------> green
2026-09-15 14:40:26 [TestNG-test-OrangeHRM Test 1-1] INFO  ActionDriver - Value entered on ' Element with name ' password ' ' is  ' AdminOrangeHRM12@! '.
2026-09-15 14:40:30 [TestNG-test-OrangeHRM Test 1-4] INFO  BaseClass - WebDriver Initialized correctly and Browser Opened
2026-09-15 14:40:30 [TestNG-test-OrangeHRM Test 1-4] INFO  ActionDriver - WebDriver instance is created for : ActionDriver
2026-09-15 14:40:30 [TestNG-test-OrangeHRM Test 1-4] WARN  BaseClass - ActionDriver Initialized for Thread ---------------------> 31
2026-09-15 14:40:32 [TestNG-test-OrangeHRM Test 1-3] INFO  BaseClass - ChromeDriver Instance Initialized successfully On -------> Opening Browser
2026-09-15 14:40:32 [TestNG-test-OrangeHRM Test 1-4] WARN  BaseClass - WebDriver instance is closed for ---------------> : DummyClass
2026-09-15 14:40:36 [TestNG-test-OrangeHRM Test 1-3] INFO  BaseClass - WebDriver Initialized correctly and Browser Opened
2026-09-15 14:40:36 [TestNG-test-OrangeHRM Test 1-3] INFO  ActionDriver - WebDriver instance is created for : ActionDriver
2026-09-15 14:40:36 [TestNG-test-OrangeHRM Test 1-3] WARN  BaseClass - ActionDriver Initialized for Thread ---------------------> 30
2026-09-15 14:40:36 [TestNG-test-OrangeHRM Test 1-3] INFO  ActionDriver - Border applied on ------> Element with name ' username ' with color ------> green
2026-09-15 14:40:36 [TestNG-test-OrangeHRM Test 1-3] INFO  ActionDriver - Value entered on ' Element with name ' username ' ' is  ' orangehrm_chaker '.
2026-09-15 14:40:37 [TestNG-test-OrangeHRM Test 1-3] INFO  ActionDriver - Border applied on ------> Element with name ' password ' with color ------> green
2026-09-15 14:40:37 [TestNG-test-OrangeHRM Test 1-3] INFO  ActionDriver - Value entered on ' Element with name ' password ' ' is  ' AdminOrangeHRM12@!! '.
2026-09-15 14:40:38 [TestNG-test-OrangeHRM Test 1-3] INFO  ActionDriver - Border applied on ------> Element with text ' Login ' with color ------> green
2026-09-15 14:40:38 [TestNG-test-OrangeHRM Test 1-3] INFO  ActionDriver - Clicked on element  ----------------> : Element with text ' Login '
2026-09-15 14:40:38 [TestNG-test-OrangeHRM Test 1-3] INFO  ActionDriver - Actual Text: Invalid credentials match to ----------> Expected Text Value: Invalid credentials
2026-09-15 14:40:38 [TestNG-test-OrangeHRM Test 1-3] INFO  ActionDriver - Border applied on ------> Element with text ' Invalid credentials ' with color ------> green
2026-09-15 14:40:39 [TestNG-test-OrangeHRM Test 1-3] WARN  BaseClass - WebDriver instance is closed for ---------------> : DataLoginTest
2026-09-15 14:40:39 [TestNG-test-OrangeHRM Test 1-3] WARN  BaseClass - Setting up for ---------------> : DataLoginTest
2026-09-15 14:40:41 [TestNG-test-OrangeHRM Test 1-3] INFO  BaseClass - ChromeDriver Instance Initialized successfully On -------> Opening Browser
2026-09-15 14:40:41 [TestNG-test-OrangeHRM Test 1-2] INFO  BaseClass - ChromeDriver Instance Initialized successfully On -------> Opening Browser
2026-09-15 14:40:43 [TestNG-test-OrangeHRM Test 1-1] INFO  ActionDriver - Clicked on element  ----------------> : Element with text ' Login '
2026-09-15 14:40:45 [TestNG-test-OrangeHRM Test 1-1] INFO  ActionDriver - Border applied on ------> Element with text ' PIM ' with color ------> green
2026-09-15 14:40:45 [TestNG-test-OrangeHRM Test 1-1] INFO  ActionDriver - Clicked on element  ----------------> : Element with text ' PIM '
2026-09-15 14:40:45 [TestNG-test-OrangeHRM Test 1-3] INFO  BaseClass - WebDriver Initialized correctly and Browser Opened
2026-09-15 14:40:45 [TestNG-test-OrangeHRM Test 1-3] INFO  ActionDriver - WebDriver instance is created for : ActionDriver
2026-09-15 14:40:45 [TestNG-test-OrangeHRM Test 1-3] WARN  BaseClass - ActionDriver Initialized for Thread ---------------------> 30
2026-09-15 14:40:46 [TestNG-test-OrangeHRM Test 1-1] INFO  ActionDriver - Border applied on ------> Element with placeholder ' Type for hints... ' with color ------> green
2026-09-15 14:40:46 [TestNG-test-OrangeHRM Test 1-1] INFO  ActionDriver - Value entered on ' Element with placeholder ' Type for hints... ' ' is  ' alice '.
2026-09-15 14:40:46 [TestNG-test-OrangeHRM Test 1-3] INFO  ActionDriver - Border applied on ------> Element with name ' username ' with color ------> green
2026-09-15 14:40:46 [TestNG-test-OrangeHRM Test 1-3] INFO  ActionDriver - Value entered on ' Element with name ' username ' ' is  ' orangehrm_chaker '.
2026-09-15 14:40:46 [TestNG-test-OrangeHRM Test 1-1] INFO  ActionDriver - Border applied on ------> Element with text ' Search ' with color ------> green
2026-09-15 14:40:46 [TestNG-test-OrangeHRM Test 1-1] INFO  ActionDriver - Clicked on element  ----------------> : Element with text ' Search '
2026-09-15 14:40:46 [TestNG-test-OrangeHRM Test 1-2] INFO  BaseClass - WebDriver Initialized correctly and Browser Opened
2026-09-15 14:40:46 [TestNG-test-OrangeHRM Test 1-2] INFO  ActionDriver - WebDriver instance is created for : ActionDriver
2026-09-15 14:40:46 [TestNG-test-OrangeHRM Test 1-2] WARN  BaseClass - ActionDriver Initialized for Thread ---------------------> 29
2026-09-15 14:40:46 [TestNG-test-OrangeHRM Test 1-3] INFO  ActionDriver - Border applied on ------> Element with name ' password ' with color ------> green
2026-09-15 14:40:46 [TestNG-test-OrangeHRM Test 1-3] INFO  ActionDriver - Value entered on ' Element with name ' password ' ' is  ' AdminOrangeHRM12@! '.
2026-09-15 14:40:46 [TestNG-test-OrangeHRM Test 1-2] INFO  ActionDriver - Border applied on ------> Element with name ' username ' with color ------> green
2026-09-15 14:40:46 [TestNG-test-OrangeHRM Test 1-2] INFO  ActionDriver - Value entered on ' Element with name ' username ' ' is  ' orangehrm_chaker '.
2026-09-15 14:40:47 [TestNG-test-OrangeHRM Test 1-2] INFO  ActionDriver - Border applied on ------> Element with name ' password ' with color ------> green
2026-09-15 14:40:47 [TestNG-test-OrangeHRM Test 1-2] INFO  ActionDriver - Value entered on ' Element with name ' password ' ' is  ' AdminOrangeHRM12@!! '.
2026-09-15 14:40:47 [TestNG-test-OrangeHRM Test 1-1] INFO  ActionDriver - Border applied on ------> Element with text ' Alice Marie ' with color ------> green
2026-09-15 14:40:47 [TestNG-test-OrangeHRM Test 1-1] INFO  ActionDriver - Scrolled to element --------> Element with text ' Alice Marie ' using JS
2026-09-15 14:40:47 [TestNG-test-OrangeHRM Test 1-1] INFO  DBConnection - Starting DB Connection ...
2026-09-15 14:40:48 [TestNG-test-OrangeHRM Test 1-1] INFO  DBConnection - DB Connection Successful ! 
2026-09-15 14:40:48 [TestNG-test-OrangeHRM Test 1-1] INFO  DBConnection - Executing query : SELECT emp_firstname, emp_middle_name, emp_lastname FROM hs_hr_employee WHERE employee_id = 3.0
2026-09-15 14:40:48 [TestNG-test-OrangeHRM Test 1-1] INFO  DBConnection - Query Executing Successfully !
2026-09-15 14:40:48 [TestNG-test-OrangeHRM Test 1-1] INFO  DBConnection - Employees Data Fetch : {firstName=Alice, lastName=Dubois, middleName=Marie}
2026-09-15 14:40:48 [TestNG-test-OrangeHRM Test 1-1] INFO  ActionDriver - Actual Text: Alice Marie match to ----------> Expected Text Value: Alice Marie
2026-09-15 14:40:48 [TestNG-test-OrangeHRM Test 1-1] INFO  ActionDriver - Border applied on ------> Element with text ' Alice Marie ' with color ------> green
2026-09-15 14:40:48 [TestNG-test-OrangeHRM Test 1-1] INFO  ActionDriver - Actual Text: Dubois match to ----------> Expected Text Value: Dubois
2026-09-15 14:40:48 [TestNG-test-OrangeHRM Test 1-1] INFO  ActionDriver - Border applied on ------> Element with text ' Dubois ' with color ------> green
2026-09-15 14:40:50 [TestNG-test-OrangeHRM Test 1-2] INFO  ActionDriver - Clicked on element  ----------------> : Element with text ' Login '
2026-09-15 14:40:50 [TestNG-test-OrangeHRM Test 1-2] INFO  ActionDriver - Actual Text: Invalid credentials match to ----------> Expected Text Value: Invalid credentials
2026-09-15 14:40:50 [TestNG-test-OrangeHRM Test 1-2] INFO  ActionDriver - Border applied on ------> Element with text ' Invalid credentials ' with color ------> green
2026-09-15 14:40:50 [TestNG-test-OrangeHRM Test 1-2] WARN  BaseClass - WebDriver instance is closed for ---------------> : LoginTest
2026-09-15 14:40:50 [TestNG-test-OrangeHRM Test 1-2] WARN  BaseClass - Setting up for ---------------> : LoginTest
2026-09-15 14:40:51 [TestNG-test-OrangeHRM Test 1-1] WARN  BaseClass - WebDriver instance is closed for ---------------> : DBVerificationTest
2026-09-15 14:40:52 [TestNG-test-OrangeHRM Test 1-2] INFO  BaseClass - ChromeDriver Instance Initialized successfully On -------> Opening Browser
2026-09-15 14:40:57 [TestNG-test-OrangeHRM Test 1-2] INFO  BaseClass - WebDriver Initialized correctly and Browser Opened
2026-09-15 14:40:57 [TestNG-test-OrangeHRM Test 1-2] INFO  ActionDriver - WebDriver instance is created for : ActionDriver
2026-09-15 14:40:57 [TestNG-test-OrangeHRM Test 1-2] WARN  BaseClass - ActionDriver Initialized for Thread ---------------------> 29
2026-09-15 14:40:57 [TestNG-test-OrangeHRM Test 1-2] INFO  ActionDriver - Border applied on ------> Element with name ' username ' with color ------> green
2026-09-15 14:40:57 [TestNG-test-OrangeHRM Test 1-2] INFO  ActionDriver - Value entered on ' Element with name ' username ' ' is  ' orangehrm_chaker '.
2026-09-15 14:40:58 [TestNG-test-OrangeHRM Test 1-2] INFO  ActionDriver - Border applied on ------> Element with name ' password ' with color ------> green
2026-09-15 14:40:58 [TestNG-test-OrangeHRM Test 1-2] INFO  ActionDriver - Value entered on ' Element with name ' password ' ' is  ' AdminOrangeHRM12@! '.
2026-09-15 14:41:04 [TestNG-test-OrangeHRM Test 1-3] INFO  ActionDriver - Clicked on element  ----------------> : Element with text ' Login '
2026-09-15 14:41:04 [TestNG-test-OrangeHRM Test 1-3] INFO  ActionDriver - Element ' Element with text ' Admin ' ' ------> is displayed
2026-09-15 14:41:04 [TestNG-test-OrangeHRM Test 1-3] INFO  ActionDriver - Border applied on ------> Element with text ' Admin ' with color ------> green
2026-09-15 14:41:04 [TestNG-test-OrangeHRM Test 1-3] INFO  ActionDriver - Border applied on ------> Element with text ' Chaker Ben Said ' with color ------> green
2026-09-15 14:41:04 [TestNG-test-OrangeHRM Test 1-3] INFO  ActionDriver - Clicked on element  ----------------> : Element with text ' Chaker Ben Said '
2026-09-15 14:41:15 [TestNG-test-OrangeHRM Test 1-2] INFO  ActionDriver - Clicked on element  ----------------> : Element with text ' Login '
2026-09-15 14:41:16 [TestNG-test-OrangeHRM Test 1-2] INFO  ActionDriver - Element ' Element with text ' Admin ' ' ------> is displayed
2026-09-15 14:41:16 [TestNG-test-OrangeHRM Test 1-2] INFO  ActionDriver - Border applied on ------> Element with text ' Admin ' with color ------> green
2026-09-15 14:41:16 [TestNG-test-OrangeHRM Test 1-2] INFO  ActionDriver - Border applied on ------> Element with text ' Chaker Ben Said ' with color ------> green
2026-09-15 14:41:16 [TestNG-test-OrangeHRM Test 1-2] INFO  ActionDriver - Clicked on element  ----------------> : Element with text ' Chaker Ben Said '
2026-09-15 14:41:20 [TestNG-test-OrangeHRM Test 1-3] INFO  ActionDriver - Clicked on element  ----------------> : Element with text ' Logout '
2026-09-15 14:41:23 [TestNG-test-OrangeHRM Test 1-3] WARN  BaseClass - WebDriver instance is closed for ---------------> : DataLoginTest
2026-09-15 14:41:32 [TestNG-test-OrangeHRM Test 1-2] INFO  ActionDriver - Clicked on element  ----------------> : Element with text ' Logout '
2026-09-15 14:41:34 [TestNG-test-OrangeHRM Test 1-2] WARN  BaseClass - WebDriver instance is closed for ---------------> : LoginTest
2026-09-15 14:43:29 [main] WARN  BaseClass - properties.config File Loaded successfully
2026-09-15 14:43:30 [TestNG-test-OrangeHRM Test 1-4] WARN  BaseClass - Setting up for ---------------> : DummyClass
2026-09-15 14:43:30 [TestNG-test-OrangeHRM Test 1-5] WARN  BaseClass - Setting up for ---------------> : HomeTest
2026-09-15 14:43:31 [TestNG-test-OrangeHRM Test 1-1] WARN  BaseClass - Setting up for ---------------> : DBVerificationTest
2026-09-15 14:43:31 [TestNG-test-OrangeHRM Test 1-3] WARN  BaseClass - Setting up for ---------------> : DataLoginTest
2026-09-15 14:43:36 [TestNG-test-OrangeHRM Test 1-3] INFO  BaseClass - ChromeDriver Instance Initialized successfully On -------> Headless Mode
2026-09-15 14:43:36 [TestNG-test-OrangeHRM Test 1-1] INFO  BaseClass - ChromeDriver Instance Initialized successfully On -------> Headless Mode
2026-09-15 14:43:36 [TestNG-test-OrangeHRM Test 1-4] INFO  BaseClass - ChromeDriver Instance Initialized successfully On -------> Headless Mode
2026-09-15 14:43:37 [TestNG-test-OrangeHRM Test 1-2] WARN  BaseClass - Setting up for ---------------> : LoginTest
2026-09-15 14:43:41 [TestNG-test-OrangeHRM Test 1-5] INFO  BaseClass - ChromeDriver Instance Initialized successfully On -------> Headless Mode
2026-09-15 14:43:41 [TestNG-test-OrangeHRM Test 1-4] INFO  BaseClass - WebDriver Initialized correctly and Browser Opened
2026-09-15 14:43:41 [TestNG-test-OrangeHRM Test 1-4] INFO  ActionDriver - WebDriver instance is created for : ActionDriver
2026-09-15 14:43:41 [TestNG-test-OrangeHRM Test 1-4] WARN  BaseClass - ActionDriver Initialized for Thread ---------------------> 31
2026-09-15 14:43:42 [TestNG-test-OrangeHRM Test 1-2] INFO  BaseClass - ChromeDriver Instance Initialized successfully On -------> Headless Mode
2026-09-15 14:43:42 [TestNG-test-OrangeHRM Test 1-1] INFO  BaseClass - WebDriver Initialized correctly and Browser Opened
2026-09-15 14:43:42 [TestNG-test-OrangeHRM Test 1-3] INFO  BaseClass - WebDriver Initialized correctly and Browser Opened
2026-09-15 14:43:42 [TestNG-test-OrangeHRM Test 1-3] INFO  ActionDriver - WebDriver instance is created for : ActionDriver
2026-09-15 14:43:42 [TestNG-test-OrangeHRM Test 1-1] INFO  ActionDriver - WebDriver instance is created for : ActionDriver
2026-09-15 14:43:42 [TestNG-test-OrangeHRM Test 1-3] WARN  BaseClass - ActionDriver Initialized for Thread ---------------------> 30
2026-09-15 14:43:42 [TestNG-test-OrangeHRM Test 1-1] WARN  BaseClass - ActionDriver Initialized for Thread ---------------------> 28
2026-09-15 14:43:44 [TestNG-test-OrangeHRM Test 1-3] INFO  ActionDriver - Border applied on ------> Element with name ' username ' with color ------> green
2026-09-15 14:43:44 [TestNG-test-OrangeHRM Test 1-3] INFO  ActionDriver - Value entered on ' Element with name ' username ' ' is  ' orangehrm_chaker '.
2026-09-15 14:43:44 [TestNG-test-OrangeHRM Test 1-1] INFO  ActionDriver - Border applied on ------> Element with name ' username ' with color ------> green
2026-09-15 14:43:44 [TestNG-test-OrangeHRM Test 1-1] INFO  ActionDriver - Value entered on ' Element with name ' username ' ' is  ' orangehrm_chaker '.
2026-09-15 14:43:45 [TestNG-test-OrangeHRM Test 1-3] INFO  ActionDriver - Border applied on ------> Element with name ' password ' with color ------> green
2026-09-15 14:43:45 [TestNG-test-OrangeHRM Test 1-3] INFO  ActionDriver - Value entered on ' Element with name ' password ' ' is  ' AdminOrangeHRM12@!! '.
2026-09-15 14:43:46 [TestNG-test-OrangeHRM Test 1-1] INFO  ActionDriver - Border applied on ------> Element with name ' password ' with color ------> green
2026-09-15 14:43:46 [TestNG-test-OrangeHRM Test 1-1] INFO  ActionDriver - Value entered on ' Element with name ' password ' ' is  ' AdminOrangeHRM12@! '.
2026-09-15 14:43:46 [TestNG-test-OrangeHRM Test 1-5] INFO  BaseClass - WebDriver Initialized correctly and Browser Opened
2026-09-15 14:43:46 [TestNG-test-OrangeHRM Test 1-5] INFO  ActionDriver - WebDriver instance is created for : ActionDriver
2026-09-15 14:43:46 [TestNG-test-OrangeHRM Test 1-5] WARN  BaseClass - ActionDriver Initialized for Thread ---------------------> 32
2026-09-15 14:43:47 [TestNG-test-OrangeHRM Test 1-4] WARN  BaseClass - WebDriver instance is closed for ---------------> : DummyClass
2026-09-15 14:43:47 [TestNG-test-OrangeHRM Test 1-5] INFO  ActionDriver - Border applied on ------> Element with name ' username ' with color ------> green
2026-09-15 14:43:47 [TestNG-test-OrangeHRM Test 1-5] INFO  ActionDriver - Value entered on ' Element with name ' username ' ' is  ' orangehrm_chaker '.
2026-09-15 14:43:47 [TestNG-test-OrangeHRM Test 1-5] INFO  ActionDriver - Border applied on ------> Element with name ' password ' with color ------> green
2026-09-15 14:43:47 [TestNG-test-OrangeHRM Test 1-5] INFO  ActionDriver - Value entered on ' Element with name ' password ' ' is  ' AdminOrangeHRM12@! '.
2026-09-15 14:43:48 [TestNG-test-OrangeHRM Test 1-2] INFO  BaseClass - WebDriver Initialized correctly and Browser Opened
2026-09-15 14:43:48 [TestNG-test-OrangeHRM Test 1-2] INFO  ActionDriver - WebDriver instance is created for : ActionDriver
2026-09-15 14:43:48 [TestNG-test-OrangeHRM Test 1-2] WARN  BaseClass - ActionDriver Initialized for Thread ---------------------> 29
2026-09-15 14:43:50 [TestNG-test-OrangeHRM Test 1-3] INFO  ActionDriver - Border applied on ------> Element with text ' Login ' with color ------> green
2026-09-15 14:43:50 [TestNG-test-OrangeHRM Test 1-3] INFO  ActionDriver - Clicked on element  ----------------> : Element with text ' Login '
2026-09-15 14:43:50 [TestNG-test-OrangeHRM Test 1-2] INFO  ActionDriver - Border applied on ------> Element with name ' username ' with color ------> green
2026-09-15 14:43:50 [TestNG-test-OrangeHRM Test 1-2] INFO  ActionDriver - Value entered on ' Element with name ' username ' ' is  ' orangehrm_chaker '.
2026-09-15 14:43:50 [TestNG-test-OrangeHRM Test 1-3] INFO  ActionDriver - Actual Text: Invalid credentials match to ----------> Expected Text Value: Invalid credentials
2026-09-15 14:43:51 [TestNG-test-OrangeHRM Test 1-3] INFO  ActionDriver - Border applied on ------> Element with text ' Invalid credentials ' with color ------> green
2026-09-15 14:43:52 [TestNG-test-OrangeHRM Test 1-2] INFO  ActionDriver - Border applied on ------> Element with name ' password ' with color ------> green
2026-09-15 14:43:52 [TestNG-test-OrangeHRM Test 1-2] INFO  ActionDriver - Value entered on ' Element with name ' password ' ' is  ' AdminOrangeHRM12@!! '.
2026-09-15 14:44:01 [TestNG-test-OrangeHRM Test 1-3] WARN  BaseClass - WebDriver instance is closed for ---------------> : DataLoginTest
2026-09-15 14:44:01 [TestNG-test-OrangeHRM Test 1-3] WARN  BaseClass - Setting up for ---------------> : DataLoginTest
2026-09-15 14:44:05 [TestNG-test-OrangeHRM Test 1-1] INFO  ActionDriver - Clicked on element  ----------------> : Element with text ' Login '
2026-09-15 14:44:07 [TestNG-test-OrangeHRM Test 1-3] INFO  BaseClass - ChromeDriver Instance Initialized successfully On -------> Headless Mode
2026-09-15 14:44:08 [TestNG-test-OrangeHRM Test 1-5] INFO  ActionDriver - Clicked on element  ----------------> : Element with text ' Login '
2026-09-15 14:44:09 [TestNG-test-OrangeHRM Test 1-5] INFO  ActionDriver - Element ' Unable to describe the element ' ------> is displayed
2026-09-15 14:44:10 [TestNG-test-OrangeHRM Test 1-2] INFO  ActionDriver - Border applied on ------> Element with text ' Login ' with color ------> green
2026-09-15 14:44:10 [TestNG-test-OrangeHRM Test 1-2] INFO  ActionDriver - Clicked on element  ----------------> : Element with text ' Login '
2026-09-15 14:44:10 [TestNG-test-OrangeHRM Test 1-5] INFO  ActionDriver - Border applied on ------> Unable to describe the element with color ------> green
2026-09-15 14:44:11 [TestNG-test-OrangeHRM Test 1-2] INFO  ActionDriver - Actual Text: Invalid credentials match to ----------> Expected Text Value: Invalid credentials
2026-09-15 14:44:13 [TestNG-test-OrangeHRM Test 1-3] INFO  BaseClass - WebDriver Initialized correctly and Browser Opened
2026-09-15 14:44:13 [TestNG-test-OrangeHRM Test 1-3] INFO  ActionDriver - WebDriver instance is created for : ActionDriver
2026-09-15 14:44:13 [TestNG-test-OrangeHRM Test 1-3] WARN  BaseClass - ActionDriver Initialized for Thread ---------------------> 30
2026-09-15 14:44:13 [TestNG-test-OrangeHRM Test 1-2] INFO  ActionDriver - Border applied on ------> Element with text ' Invalid credentials ' with color ------> green
2026-09-15 14:44:15 [TestNG-test-OrangeHRM Test 1-3] INFO  ActionDriver - Border applied on ------> Element with name ' username ' with color ------> green
2026-09-15 14:44:15 [TestNG-test-OrangeHRM Test 1-3] INFO  ActionDriver - Value entered on ' Element with name ' username ' ' is  ' orangehrm_chaker '.
2026-09-15 14:44:15 [TestNG-test-OrangeHRM Test 1-1] INFO  ActionDriver - Border applied on ------> Element with text ' PIM ' with color ------> green
2026-09-15 14:44:15 [TestNG-test-OrangeHRM Test 1-1] INFO  ActionDriver - Clicked on element  ----------------> : Element with text ' PIM '
2026-09-15 14:44:16 [TestNG-test-OrangeHRM Test 1-5] WARN  BaseClass - WebDriver instance is closed for ---------------> : HomeTest
2026-09-15 14:44:16 [TestNG-test-OrangeHRM Test 1-3] INFO  ActionDriver - Border applied on ------> Element with name ' password ' with color ------> green
2026-09-15 14:44:16 [TestNG-test-OrangeHRM Test 1-3] INFO  ActionDriver - Value entered on ' Element with name ' password ' ' is  ' AdminOrangeHRM12@! '.
2026-09-15 14:44:16 [TestNG-test-OrangeHRM Test 1-1] INFO  ActionDriver - Border applied on ------> Element with placeholder ' Type for hints... ' with color ------> green
2026-09-15 14:44:16 [TestNG-test-OrangeHRM Test 1-1] INFO  ActionDriver - Value entered on ' Element with placeholder ' Type for hints... ' ' is  ' alice '.
2026-09-15 14:44:16 [TestNG-test-OrangeHRM Test 1-1] INFO  ActionDriver - Border applied on ------> Element with text ' Search ' with color ------> green
2026-09-15 14:44:16 [TestNG-test-OrangeHRM Test 1-1] INFO  ActionDriver - Clicked on element  ----------------> : Element with text ' Search '
2026-09-15 14:44:17 [TestNG-test-OrangeHRM Test 1-2] WARN  BaseClass - WebDriver instance is closed for ---------------> : LoginTest
2026-09-15 14:44:17 [TestNG-test-OrangeHRM Test 1-2] WARN  BaseClass - Setting up for ---------------> : LoginTest
2026-09-15 14:44:18 [TestNG-test-OrangeHRM Test 1-1] INFO  ActionDriver - Border applied on ------> Element with text ' Alice Marie ' with color ------> green
2026-09-15 14:44:18 [TestNG-test-OrangeHRM Test 1-1] INFO  ActionDriver - Scrolled to element --------> Element with text ' Alice Marie ' using JS
2026-09-15 14:44:18 [TestNG-test-OrangeHRM Test 1-1] INFO  DBConnection - Starting DB Connection ...
2026-09-15 14:44:19 [TestNG-test-OrangeHRM Test 1-2] INFO  BaseClass - ChromeDriver Instance Initialized successfully On -------> Headless Mode
2026-09-15 14:44:20 [TestNG-test-OrangeHRM Test 1-1] INFO  DBConnection - DB Connection Successful ! 
2026-09-15 14:44:20 [TestNG-test-OrangeHRM Test 1-1] INFO  DBConnection - Executing query : SELECT emp_firstname, emp_middle_name, emp_lastname FROM hs_hr_employee WHERE employee_id = 3.0
2026-09-15 14:44:20 [TestNG-test-OrangeHRM Test 1-1] INFO  DBConnection - Query Executing Successfully !
2026-09-15 14:44:20 [TestNG-test-OrangeHRM Test 1-1] INFO  DBConnection - Employees Data Fetch : {firstName=Alice, lastName=Dubois, middleName=Marie}
2026-09-15 14:44:21 [TestNG-test-OrangeHRM Test 1-1] INFO  ActionDriver - Actual Text: Alice Marie match to ----------> Expected Text Value: Alice Marie
2026-09-15 14:44:21 [TestNG-test-OrangeHRM Test 1-1] INFO  ActionDriver - Border applied on ------> Element with text ' Alice Marie ' with color ------> green
2026-09-15 14:44:21 [TestNG-test-OrangeHRM Test 1-1] INFO  ActionDriver - Actual Text: Dubois match to ----------> Expected Text Value: Dubois
2026-09-15 14:44:22 [TestNG-test-OrangeHRM Test 1-1] INFO  ActionDriver - Border applied on ------> Element with text ' Dubois ' with color ------> green
2026-09-15 14:44:24 [TestNG-test-OrangeHRM Test 1-1] WARN  BaseClass - WebDriver instance is closed for ---------------> : DBVerificationTest
2026-09-15 14:44:25 [TestNG-test-OrangeHRM Test 1-2] INFO  BaseClass - WebDriver Initialized correctly and Browser Opened
2026-09-15 14:44:25 [TestNG-test-OrangeHRM Test 1-2] INFO  ActionDriver - WebDriver instance is created for : ActionDriver
2026-09-15 14:44:25 [TestNG-test-OrangeHRM Test 1-2] WARN  BaseClass - ActionDriver Initialized for Thread ---------------------> 29
2026-09-15 14:44:25 [TestNG-test-OrangeHRM Test 1-2] INFO  ActionDriver - Border applied on ------> Element with name ' username ' with color ------> green
2026-09-15 14:44:25 [TestNG-test-OrangeHRM Test 1-2] INFO  ActionDriver - Value entered on ' Element with name ' username ' ' is  ' orangehrm_chaker '.
2026-09-15 14:44:25 [TestNG-test-OrangeHRM Test 1-2] INFO  ActionDriver - Border applied on ------> Element with name ' password ' with color ------> green
2026-09-15 14:44:25 [TestNG-test-OrangeHRM Test 1-2] INFO  ActionDriver - Value entered on ' Element with name ' password ' ' is  ' AdminOrangeHRM12@! '.
2026-09-15 14:44:33 [TestNG-test-OrangeHRM Test 1-3] INFO  ActionDriver - Clicked on element  ----------------> : Element with text ' Login '
2026-09-15 14:44:33 [TestNG-test-OrangeHRM Test 1-3] INFO  ActionDriver - Element ' Element with text ' Admin ' ' ------> is displayed
2026-09-15 14:44:34 [TestNG-test-OrangeHRM Test 1-3] INFO  ActionDriver - Border applied on ------> Element with text ' Admin ' with color ------> green
2026-09-15 14:44:34 [TestNG-test-OrangeHRM Test 1-3] INFO  ActionDriver - Border applied on ------> Element with text ' Chaker Ben Said ' with color ------> green
2026-09-15 14:44:34 [TestNG-test-OrangeHRM Test 1-3] INFO  ActionDriver - Clicked on element  ----------------> : Element with text ' Chaker Ben Said '
2026-09-15 14:44:42 [TestNG-test-OrangeHRM Test 1-2] INFO  ActionDriver - Clicked on element  ----------------> : Element with text ' Login '
2026-09-15 14:44:42 [TestNG-test-OrangeHRM Test 1-2] INFO  ActionDriver - Element ' Element with text ' Admin ' ' ------> is displayed
2026-09-15 14:44:42 [TestNG-test-OrangeHRM Test 1-2] INFO  ActionDriver - Border applied on ------> Element with text ' Admin ' with color ------> green
2026-09-15 14:44:42 [TestNG-test-OrangeHRM Test 1-2] INFO  ActionDriver - Border applied on ------> Element with text ' Chaker Ben Said ' with color ------> green
2026-09-15 14:44:42 [TestNG-test-OrangeHRM Test 1-2] INFO  ActionDriver - Clicked on element  ----------------> : Element with text ' Chaker Ben Said '
2026-09-15 14:44:51 [TestNG-test-OrangeHRM Test 1-3] INFO  ActionDriver - Clicked on element  ----------------> : Element with text ' Logout '
2026-09-15 14:44:53 [TestNG-test-OrangeHRM Test 1-3] WARN  BaseClass - WebDriver instance is closed for ---------------> : DataLoginTest
2026-09-15 14:44:58 [TestNG-test-OrangeHRM Test 1-2] INFO  ActionDriver - Clicked on element  ----------------> : Element with text ' Logout '
2026-09-15 14:45:01 [TestNG-test-OrangeHRM Test 1-2] WARN  BaseClass - WebDriver instance is closed for ---------------> : LoginTest
