2026-09-09 13:41:07 [main] ERROR BaseClass - This is an error message
2026-09-09 13:41:07 [main] FATAL BaseClass - This is a fatal message
2026-09-09 13:41:21 [main] ERROR BaseClass - This is an error message
2026-09-09 13:41:21 [main] FATAL BaseClass - This is a fatal message
2026-09-09 14:20:45 [main] ERROR BaseClass - This is an error message
2026-09-09 14:20:45 [main] FATAL BaseClass - This is a fatal message
2026-09-09 14:20:57 [main] ERROR BaseClass - This is an error message
2026-09-09 14:20:57 [main] FATAL BaseClass - This is a fatal message
2026-09-09 14:45:55 [TestNG-test-OrangeHRM Test 1-1] ERROR BaseClass - This is an error message
2026-09-09 14:45:55 [TestNG-test-OrangeHRM Test 1-1] FATAL BaseClass - This is a fatal message
2026-09-09 14:45:56 [TestNG-test-OrangeHRM Test 1-4] ERROR BaseClass - This is an error message
2026-09-09 14:45:56 [TestNG-test-OrangeHRM Test 1-4] FATAL BaseClass - This is a fatal message
2026-09-09 14:45:57 [TestNG-test-OrangeHRM Test 1-2] ERROR BaseClass - This is an error message
2026-09-09 14:45:57 [TestNG-test-OrangeHRM Test 1-2] FATAL BaseClass - This is a fatal message
2026-09-09 14:46:05 [TestNG-test-OrangeHRM Test 1-3] ERROR BaseClass - This is an error message
2026-09-09 14:46:05 [TestNG-test-OrangeHRM Test 1-3] FATAL BaseClass - This is a fatal message
2026-09-09 14:49:46 [TestNG-tests-1] ERROR BaseClass - This is an error message
2026-09-09 14:49:46 [TestNG-tests-1] FATAL BaseClass - This is a fatal message
2026-09-09 14:49:58 [TestNG-tests-1] ERROR BaseClass - This is an error message
2026-09-09 14:49:58 [TestNG-tests-1] FATAL BaseClass - This is a fatal message
2026-09-09 14:50:07 [TestNG-tests-1] ERROR BaseClass - This is an error message
2026-09-09 14:50:07 [TestNG-tests-1] FATAL BaseClass - This is a fatal message
2026-09-09 14:50:19 [TestNG-tests-1] ERROR BaseClass - This is an error message
2026-09-09 14:50:19 [TestNG-tests-1] FATAL BaseClass - This is a fatal message
2026-09-09 14:50:36 [TestNG-tests-1] ERROR BaseClass - This is an error message
2026-09-09 14:50:36 [TestNG-tests-1] FATAL BaseClass - This is a fatal message
2026-09-09 15:11:20 [TestNG-test-OrangeHRM Test 1-1] ERROR BaseClass - This is an error message
2026-09-09 15:11:20 [TestNG-test-OrangeHRM Test 1-1] FATAL BaseClass - This is a fatal message
2026-09-09 15:11:21 [TestNG-test-OrangeHRM Test 1-4] ERROR BaseClass - This is an error message
2026-09-09 15:11:21 [TestNG-test-OrangeHRM Test 1-4] FATAL BaseClass - This is a fatal message
2026-09-09 15:11:24 [TestNG-test-OrangeHRM Test 1-3] ERROR BaseClass - This is an error message
2026-09-09 15:11:24 [TestNG-test-OrangeHRM Test 1-3] FATAL BaseClass - This is a fatal message
2026-09-09 15:11:31 [TestNG-test-OrangeHRM Test 1-2] ERROR BaseClass - This is an error message
2026-09-09 15:11:31 [TestNG-test-OrangeHRM Test 1-2] FATAL BaseClass - This is a fatal message
2026-09-09 15:11:40 [TestNG-test-OrangeHRM Test 1-3] ERROR BaseClass - This is an error message
2026-09-09 15:11:40 [TestNG-test-OrangeHRM Test 1-3] FATAL BaseClass - This is a fatal message
2026-09-09 15:14:15 [TestNG-tests-1] ERROR BaseClass - This is an error message
2026-09-09 15:14:15 [TestNG-tests-1] FATAL BaseClass - This is a fatal message
2026-09-09 15:14:25 [TestNG-tests-1] ERROR BaseClass - This is an error message
2026-09-09 15:14:25 [TestNG-tests-1] FATAL BaseClass - This is a fatal message
2026-09-09 15:14:34 [TestNG-tests-1] ERROR BaseClass - This is an error message
2026-09-09 15:14:34 [TestNG-tests-1] FATAL BaseClass - This is a fatal message
2026-09-09 15:14:46 [TestNG-tests-1] ERROR BaseClass - This is an error message
2026-09-09 15:14:46 [TestNG-tests-1] FATAL BaseClass - This is a fatal message
2026-09-09 15:15:02 [TestNG-tests-1] ERROR BaseClass - This is an error message
2026-09-09 15:15:02 [TestNG-tests-1] FATAL BaseClass - This is a fatal message
2026-09-09 15:17:48 [TestNG-test-OrangeHRM Test 1-1] ERROR BaseClass - This is an error message
2026-09-09 15:17:48 [TestNG-test-OrangeHRM Test 1-1] FATAL BaseClass - This is a fatal message
2026-09-09 15:17:48 [TestNG-test-OrangeHRM Test 1-3] ERROR BaseClass - This is an error message
2026-09-09 15:17:48 [TestNG-test-OrangeHRM Test 1-3] FATAL BaseClass - This is a fatal message
2026-09-09 15:17:48 [TestNG-test-OrangeHRM Test 1-4] ERROR BaseClass - This is an error message
2026-09-09 15:17:48 [TestNG-test-OrangeHRM Test 1-4] FATAL BaseClass - This is a fatal message
2026-09-09 15:18:44 [TestNG-test-OrangeHRM Test 1-2] ERROR BaseClass - This is an error message
2026-09-09 15:18:44 [TestNG-test-OrangeHRM Test 1-2] FATAL BaseClass - This is a fatal message
2026-09-09 15:18:50 [TestNG-test-OrangeHRM Test 1-5] ERROR BaseClass - This is an error message
2026-09-09 15:18:50 [TestNG-test-OrangeHRM Test 1-5] FATAL BaseClass - This is a fatal message
2026-09-09 15:18:55 [TestNG-test-OrangeHRM Test 1-3] ERROR ActionDriver - Element is not clickable: stale element reference: stale element not found
  (Session info: chrome=152.0.7977.76)
For documentation on this error, please visit: https://www.selenium.dev/documentation/webdriver/troubleshooting/errors#staleelementreferenceexception
Build info: version: '4.48.0', revision: '27f5213 27f5213055e28398a5105b7892b7a3bb2012a6ef'
System info: os.name: 'Windows 10', os.arch: 'amd64', os.version: '10.0', java.version: '17'
Driver info: org.openqa.selenium.chrome.ChromeDriver
Command: [3aa0f232bb1341600689dfad32087de6, clickElement {id=f.417E9EC8E14A97DB2D0BED52AFA6BE91.d.A8578367128C946683A0615F4F0F516B.e.7}]
Capabilities {acceptInsecureCerts: false, browserName: chrome, browserVersion: 152.0.7977.76, chrome: {chromedriverVersion: 152.0.7977.82 (d04cdb24d67b..., userDataDir: C:\Users\chaker\AppData\Loc...}, fedcm:accounts: true, goog:chromeOptions: {debuggerAddress: localhost:65295}, goog:processID: 23276, networkConnectionEnabled: false, pageLoadStrategy: normal, platformName: windows, proxy: Proxy(), se:cdp: ws://localhost:65295/devtoo..., se:cdpVersion: 152.0.7977.76, setWindowRect: true, strictFileInteractability: false, timeouts: {implicit: 0, pageLoad: 300000, script: 30000}, unhandledPromptBehavior: dismiss and notify, webauthn:extension:credBlob: true, webauthn:extension:largeBlob: true, webauthn:extension:minPinLength: true, webauthn:extension:prf: true, webauthn:virtualAuthenticators: true}
Element: [[ChromeDriver: chrome on windows (3aa0f232bb1341600689dfad32087de6)] -> css selector: button[type='submit']]
Session ID: 3aa0f232bb1341600689dfad32087de6
2026-09-09 15:19:10 [TestNG-test-OrangeHRM Test 1-4] ERROR ActionDriver - Unable to describe the element: no such element: Unable to locate element: {"method":"css selector","selector":"body > div:nth-child(3) > div:nth-child(1) > div:nth-child(1) > aside:nth-child(1) > nav:nth-child(1) > div:nth-child(2) > ul:nth-child(2) > li:nth-child(1) > a:nth-child(1) > span:nth-child(2)"}
  (Session info: chrome=152.0.7977.76)
For documentation on this error, please visit: https://www.selenium.dev/documentation/webdriver/troubleshooting/errors#nosuchelementexception
Build info: version: '4.48.0', revision: '27f5213 27f5213055e28398a5105b7892b7a3bb2012a6ef'
System info: os.name: 'Windows 10', os.arch: 'amd64', os.version: '10.0', java.version: '17'
Driver info: org.openqa.selenium.chrome.ChromeDriver
Command: [3aa0f232bb1341600689dfad32087de6, findElement {using=css selector, value=body > div:nth-child(3) > div:nth-child(1) > div:nth-child(1) > aside:nth-child(1) > nav:nth-child(1) > div:nth-child(2) > ul:nth-child(2) > li:nth-child(1) > a:nth-child(1) > span:nth-child(2)}]
Capabilities {acceptInsecureCerts: false, browserName: chrome, browserVersion: 152.0.7977.76, chrome: {chromedriverVersion: 152.0.7977.82 (d04cdb24d67b..., userDataDir: C:\Users\chaker\AppData\Loc...}, fedcm:accounts: true, goog:chromeOptions: {debuggerAddress: localhost:65295}, goog:processID: 23276, networkConnectionEnabled: false, pageLoadStrategy: normal, platformName: windows, proxy: Proxy(), se:cdp: ws://localhost:65295/devtoo..., se:cdpVersion: 152.0.7977.76, setWindowRect: true, strictFileInteractability: false, timeouts: {implicit: 0, pageLoad: 300000, script: 30000}, unhandledPromptBehavior: dismiss and notify, webauthn:extension:credBlob: true, webauthn:extension:largeBlob: true, webauthn:extension:minPinLength: true, webauthn:extension:prf: true, webauthn:virtualAuthenticators: true}
Session ID: 3aa0f232bb1341600689dfad32087de6
2026-09-09 15:19:25 [TestNG-test-OrangeHRM Test 1-4] ERROR ActionDriver - This Element is not visible: Session ID is null. Using WebDriver after calling quit()?
Build info: version: '4.48.0', revision: '27f5213 27f5213055e28398a5105b7892b7a3bb2012a6ef'
System info: os.name: 'Windows 10', os.arch: 'amd64', os.version: '10.0', java.version: '17'
Driver info: org.openqa.selenium.chrome.ChromeDriver
Command: [null, findElement {using=css selector, value=body > div:nth-child(3) > div:nth-child(1) > div:nth-child(1) > aside:nth-child(1) > nav:nth-child(1) > div:nth-child(2) > ul:nth-child(2) > li:nth-child(1) > a:nth-child(1) > span:nth-child(2)}]
Capabilities {acceptInsecureCerts: false, browserName: chrome, browserVersion: 152.0.7977.76, chrome: {chromedriverVersion: 152.0.7977.82 (d04cdb24d67b..., userDataDir: C:\Users\chaker\AppData\Loc...}, fedcm:accounts: true, goog:chromeOptions: {debuggerAddress: localhost:65295}, goog:processID: 23276, networkConnectionEnabled: false, pageLoadStrategy: normal, platformName: windows, proxy: Proxy(), se:cdp: ws://localhost:65295/devtoo..., se:cdpVersion: 152.0.7977.76, setWindowRect: true, strictFileInteractability: false, timeouts: {implicit: 0, pageLoad: 300000, script: 30000}, unhandledPromptBehavior: dismiss and notify, webauthn:extension:credBlob: true, webauthn:extension:largeBlob: true, webauthn:extension:minPinLength: true, webauthn:extension:prf: true, webauthn:virtualAuthenticators: true}
2026-09-09 15:19:25 [TestNG-test-OrangeHRM Test 1-4] ERROR ActionDriver - Element is not displayed: Session ID is null. Using WebDriver after calling quit()?
Build info: version: '4.48.0', revision: '27f5213 27f5213055e28398a5105b7892b7a3bb2012a6ef'
System info: os.name: 'Windows 10', os.arch: 'amd64', os.version: '10.0', java.version: '17'
Driver info: org.openqa.selenium.chrome.ChromeDriver
Command: [null, findElement {using=css selector, value=body > div:nth-child(3) > div:nth-child(1) > div:nth-child(1) > aside:nth-child(1) > nav:nth-child(1) > div:nth-child(2) > ul:nth-child(2) > li:nth-child(1) > a:nth-child(1) > span:nth-child(2)}]
Capabilities {acceptInsecureCerts: false, browserName: chrome, browserVersion: 152.0.7977.76, chrome: {chromedriverVersion: 152.0.7977.82 (d04cdb24d67b..., userDataDir: C:\Users\chaker\AppData\Loc...}, fedcm:accounts: true, goog:chromeOptions: {debuggerAddress: localhost:65295}, goog:processID: 23276, networkConnectionEnabled: false, pageLoadStrategy: normal, platformName: windows, proxy: Proxy(), se:cdp: ws://localhost:65295/devtoo..., se:cdpVersion: 152.0.7977.76, setWindowRect: true, strictFileInteractability: false, timeouts: {implicit: 0, pageLoad: 300000, script: 30000}, unhandledPromptBehavior: dismiss and notify, webauthn:extension:credBlob: true, webauthn:extension:largeBlob: true, webauthn:extension:minPinLength: true, webauthn:extension:prf: true, webauthn:virtualAuthenticators: true}
2026-09-09 15:45:04 [TestNG-test-OrangeHRM Test 1-2] ERROR BaseClass - This is an error message
2026-09-09 15:45:04 [TestNG-test-OrangeHRM Test 1-2] FATAL BaseClass - This is a fatal message
2026-09-09 15:45:38 [TestNG-test-OrangeHRM Test 1-1] ERROR BaseClass - This is an error message
2026-09-09 15:45:38 [TestNG-test-OrangeHRM Test 1-1] FATAL BaseClass - This is a fatal message
2026-09-09 15:45:40 [TestNG-test-OrangeHRM Test 1-4] ERROR BaseClass - This is an error message
2026-09-09 15:45:40 [TestNG-test-OrangeHRM Test 1-4] FATAL BaseClass - This is a fatal message
2026-09-09 15:45:46 [TestNG-test-OrangeHRM Test 1-5] ERROR BaseClass - This is an error message
2026-09-09 15:45:46 [TestNG-test-OrangeHRM Test 1-5] FATAL BaseClass - This is a fatal message
2026-09-09 15:45:54 [TestNG-test-OrangeHRM Test 1-3] ERROR BaseClass - This is an error message
2026-09-09 15:45:54 [TestNG-test-OrangeHRM Test 1-3] FATAL BaseClass - This is a fatal message
2026-09-09 15:49:36 [TestNG-test-OrangeHRM Test 1-2] ERROR BaseClass - This is an error message
2026-09-09 15:49:36 [TestNG-test-OrangeHRM Test 1-2] FATAL BaseClass - This is a fatal message
2026-09-09 15:49:43 [TestNG-test-OrangeHRM Test 1-1] ERROR BaseClass - This is an error message
2026-09-09 15:49:43 [TestNG-test-OrangeHRM Test 1-1] FATAL BaseClass - This is a fatal message
2026-09-09 15:49:47 [TestNG-test-OrangeHRM Test 1-3] ERROR BaseClass - This is an error message
2026-09-09 15:49:47 [TestNG-test-OrangeHRM Test 1-3] FATAL BaseClass - This is a fatal message
2026-09-09 15:49:54 [TestNG-test-OrangeHRM Test 1-4] ERROR BaseClass - This is an error message
2026-09-09 15:49:54 [TestNG-test-OrangeHRM Test 1-4] FATAL BaseClass - This is a fatal message
2026-09-09 15:50:16 [TestNG-test-OrangeHRM Test 1-3] ERROR BaseClass - This is an error message
2026-09-09 15:50:16 [TestNG-test-OrangeHRM Test 1-3] FATAL BaseClass - This is a fatal message
2026-09-09 16:10:23 [TestNG-test-OrangeHRM Test 1-3] ERROR BaseClass - This is an error message
2026-09-09 16:10:23 [TestNG-test-OrangeHRM Test 1-3] FATAL BaseClass - This is a fatal message
2026-09-09 16:10:27 [TestNG-test-OrangeHRM Test 1-2] ERROR BaseClass - This is an error message
2026-09-09 16:10:27 [TestNG-test-OrangeHRM Test 1-2] FATAL BaseClass - This is a fatal message
2026-09-09 16:10:30 [TestNG-test-OrangeHRM Test 1-4] ERROR BaseClass - This is an error message
2026-09-09 16:10:30 [TestNG-test-OrangeHRM Test 1-4] FATAL BaseClass - This is a fatal message
2026-09-09 16:10:41 [TestNG-test-OrangeHRM Test 1-1] ERROR BaseClass - This is an error message
2026-09-09 16:10:41 [TestNG-test-OrangeHRM Test 1-1] FATAL BaseClass - This is a fatal message
2026-09-09 16:10:55 [TestNG-test-OrangeHRM Test 1-3] ERROR BaseClass - This is an error message
2026-09-09 16:10:55 [TestNG-test-OrangeHRM Test 1-3] FATAL BaseClass - This is a fatal message
2026-09-09 16:12:09 [TestNG-test-OrangeHRM Test 1-1] ERROR BaseClass - This is an error message
2026-09-09 16:12:09 [TestNG-test-OrangeHRM Test 1-1] FATAL BaseClass - This is a fatal message
2026-09-09 16:12:21 [TestNG-test-OrangeHRM Test 1-3] ERROR BaseClass - This is an error message
2026-09-09 16:12:21 [TestNG-test-OrangeHRM Test 1-3] FATAL BaseClass - This is a fatal message
2026-09-09 16:12:32 [TestNG-test-OrangeHRM Test 1-4] ERROR BaseClass - This is an error message
2026-09-09 16:12:32 [TestNG-test-OrangeHRM Test 1-4] FATAL BaseClass - This is a fatal message
2026-09-09 16:12:35 [TestNG-test-OrangeHRM Test 1-2] ERROR BaseClass - This is an error message
2026-09-09 16:12:35 [TestNG-test-OrangeHRM Test 1-2] FATAL BaseClass - This is a fatal message
2026-09-09 16:12:47 [TestNG-test-OrangeHRM Test 1-3] ERROR BaseClass - This is an error message
2026-09-09 16:12:47 [TestNG-test-OrangeHRM Test 1-3] FATAL BaseClass - This is a fatal message
2026-09-10 09:42:37 [TestNG-test-OrangeHRM Test 1-4] ERROR BaseClass - This is an error message
2026-09-10 09:42:37 [TestNG-test-OrangeHRM Test 1-4] FATAL BaseClass - This is a fatal message
2026-09-10 09:42:39 [TestNG-test-OrangeHRM Test 1-3] ERROR BaseClass - This is an error message
2026-09-10 09:42:39 [TestNG-test-OrangeHRM Test 1-3] FATAL BaseClass - This is a fatal message
2026-09-10 09:42:47 [TestNG-test-OrangeHRM Test 1-1] ERROR BaseClass - This is an error message
2026-09-10 09:42:47 [TestNG-test-OrangeHRM Test 1-1] FATAL BaseClass - This is a fatal message
2026-09-10 09:42:51 [TestNG-test-OrangeHRM Test 1-2] ERROR BaseClass - This is an error message
2026-09-10 09:42:51 [TestNG-test-OrangeHRM Test 1-2] FATAL BaseClass - This is a fatal message
2026-09-10 09:43:47 [TestNG-test-OrangeHRM Test 1-3] ERROR BaseClass - This is an error message
2026-09-10 09:43:47 [TestNG-test-OrangeHRM Test 1-3] FATAL BaseClass - This is a fatal message
2026-09-10 10:01:31 [TestNG-test-OrangeHRM Test 1-3] ERROR BaseClass - This is an error message
2026-09-10 10:01:31 [TestNG-test-OrangeHRM Test 1-3] FATAL BaseClass - This is a fatal message
2026-09-10 10:01:47 [TestNG-test-OrangeHRM Test 1-1] ERROR BaseClass - This is an error message
2026-09-10 10:01:47 [TestNG-test-OrangeHRM Test 1-1] FATAL BaseClass - This is a fatal message
2026-09-10 10:02:14 [TestNG-test-OrangeHRM Test 1-2] ERROR BaseClass - This is an error message
2026-09-10 10:02:14 [TestNG-test-OrangeHRM Test 1-2] FATAL BaseClass - This is a fatal message
2026-09-10 10:02:21 [TestNG-test-OrangeHRM Test 1-4] ERROR BaseClass - This is an error message
2026-09-10 10:02:21 [TestNG-test-OrangeHRM Test 1-4] FATAL BaseClass - This is a fatal message
2026-09-10 10:02:39 [TestNG-test-OrangeHRM Test 1-3] ERROR BaseClass - This is an error message
2026-09-10 10:02:39 [TestNG-test-OrangeHRM Test 1-3] FATAL BaseClass - This is a fatal message
2026-09-10 10:12:13 [TestNG-test-OrangeHRM Test 1-4] ERROR BaseClass - This is an error message
2026-09-10 10:12:13 [TestNG-test-OrangeHRM Test 1-4] FATAL BaseClass - This is a fatal message
2026-09-10 10:12:27 [TestNG-test-OrangeHRM Test 1-1] ERROR BaseClass - This is an error message
2026-09-10 10:12:27 [TestNG-test-OrangeHRM Test 1-1] FATAL BaseClass - This is a fatal message
2026-09-10 10:12:33 [TestNG-test-OrangeHRM Test 1-3] ERROR BaseClass - This is an error message
2026-09-10 10:12:33 [TestNG-test-OrangeHRM Test 1-3] FATAL BaseClass - This is a fatal message
2026-09-10 10:13:00 [TestNG-test-OrangeHRM Test 1-2] ERROR BaseClass - This is an error message
2026-09-10 10:13:00 [TestNG-test-OrangeHRM Test 1-2] FATAL BaseClass - This is a fatal message
2026-09-10 10:13:07 [TestNG-test-OrangeHRM Test 1-3] ERROR BaseClass - This is an error message
2026-09-10 10:13:07 [TestNG-test-OrangeHRM Test 1-3] FATAL BaseClass - This is a fatal message
2026-09-10 11:11:49 [TestNG-test-OrangeHRM Test 1-2] ERROR BaseClass - This is an error message
2026-09-10 11:11:49 [TestNG-test-OrangeHRM Test 1-2] FATAL BaseClass - This is a fatal message
2026-09-10 11:11:53 [TestNG-test-OrangeHRM Test 1-1] ERROR BaseClass - This is an error message
2026-09-10 11:11:53 [TestNG-test-OrangeHRM Test 1-1] FATAL BaseClass - This is a fatal message
2026-09-10 11:11:58 [TestNG-test-OrangeHRM Test 1-3] ERROR BaseClass - This is an error message
2026-09-10 11:11:58 [TestNG-test-OrangeHRM Test 1-3] FATAL BaseClass - This is a fatal message
2026-09-10 11:12:01 [TestNG-test-OrangeHRM Test 1-4] ERROR BaseClass - This is an error message
2026-09-10 11:12:01 [TestNG-test-OrangeHRM Test 1-4] FATAL BaseClass - This is a fatal message
2026-09-10 11:12:36 [TestNG-test-OrangeHRM Test 1-3] ERROR BaseClass - This is an error message
2026-09-10 11:12:36 [TestNG-test-OrangeHRM Test 1-3] FATAL BaseClass - This is a fatal message
2026-09-10 11:20:34 [TestNG-test-OrangeHRM Test 1-1] ERROR BaseClass - This is an error message
2026-09-10 11:20:34 [TestNG-test-OrangeHRM Test 1-1] FATAL BaseClass - This is a fatal message
2026-09-10 11:21:26 [TestNG-test-OrangeHRM Test 1-4] ERROR BaseClass - This is an error message
2026-09-10 11:21:26 [TestNG-test-OrangeHRM Test 1-4] FATAL BaseClass - This is a fatal message
2026-09-10 11:21:26 [TestNG-test-OrangeHRM Test 1-3] ERROR BaseClass - This is an error message
2026-09-10 11:21:26 [TestNG-test-OrangeHRM Test 1-3] FATAL BaseClass - This is a fatal message
2026-09-10 11:21:26 [TestNG-test-OrangeHRM Test 1-2] ERROR BaseClass - This is an error message
2026-09-10 11:21:26 [TestNG-test-OrangeHRM Test 1-2] FATAL BaseClass - This is a fatal message
2026-09-10 11:21:41 [TestNG-test-OrangeHRM Test 1-4] ERROR ActionDriver - Unable to describe the element: no such element: Unable to locate element: {"method":"css selector","selector":"*[name='username']"}
  (Session info: chrome=152.0.7977.76)
For documentation on this error, please visit: https://www.selenium.dev/documentation/webdriver/troubleshooting/errors#nosuchelementexception
Build info: version: '4.48.0', revision: '27f5213 27f5213055e28398a5105b7892b7a3bb2012a6ef'
System info: os.name: 'Windows 10', os.arch: 'amd64', os.version: '10.0', java.version: '17'
Driver info: org.openqa.selenium.chrome.ChromeDriver
Command: [ef2d6e72b0c2cd98aa1629566f205c66, findElement {value=username, using=name}]
Capabilities {acceptInsecureCerts: false, browserName: chrome, browserVersion: 152.0.7977.76, chrome: {chromedriverVersion: 152.0.7977.82 (d04cdb24d67b..., userDataDir: C:\Users\chaker\AppData\Loc...}, fedcm:accounts: true, goog:chromeOptions: {debuggerAddress: localhost:56372}, goog:processID: 8720, networkConnectionEnabled: false, pageLoadStrategy: normal, platformName: windows, proxy: Proxy(), se:cdp: ws://localhost:56372/devtoo..., se:cdpVersion: 152.0.7977.76, setWindowRect: true, strictFileInteractability: false, timeouts: {implicit: 0, pageLoad: 300000, script: 30000}, unhandledPromptBehavior: dismiss and notify, webauthn:extension:credBlob: true, webauthn:extension:largeBlob: true, webauthn:extension:minPinLength: true, webauthn:extension:prf: true, webauthn:virtualAuthenticators: true}
Session ID: ef2d6e72b0c2cd98aa1629566f205c66
2026-09-10 11:21:41 [TestNG-test-OrangeHRM Test 1-3] ERROR ActionDriver - Unable to describe the element: no such element: Unable to locate element: {"method":"css selector","selector":"*[name='username']"}
  (Session info: chrome=152.0.7977.76)
For documentation on this error, please visit: https://www.selenium.dev/documentation/webdriver/troubleshooting/errors#nosuchelementexception
Build info: version: '4.48.0', revision: '27f5213 27f5213055e28398a5105b7892b7a3bb2012a6ef'
System info: os.name: 'Windows 10', os.arch: 'amd64', os.version: '10.0', java.version: '17'
Driver info: org.openqa.selenium.chrome.ChromeDriver
Command: [76426a23eb765f3b5187d0509aa88072, findElement {value=username, using=name}]
Capabilities {acceptInsecureCerts: false, browserName: chrome, browserVersion: 152.0.7977.76, chrome: {chromedriverVersion: 152.0.7977.82 (d04cdb24d67b..., userDataDir: C:\Users\chaker\AppData\Loc...}, fedcm:accounts: true, goog:chromeOptions: {debuggerAddress: localhost:56371}, goog:processID: 31456, networkConnectionEnabled: false, pageLoadStrategy: normal, platformName: windows, proxy: Proxy(), se:cdp: ws://localhost:56371/devtoo..., se:cdpVersion: 152.0.7977.76, setWindowRect: true, strictFileInteractability: false, timeouts: {implicit: 0, pageLoad: 300000, script: 30000}, unhandledPromptBehavior: dismiss and notify, webauthn:extension:credBlob: true, webauthn:extension:largeBlob: true, webauthn:extension:minPinLength: true, webauthn:extension:prf: true, webauthn:virtualAuthenticators: true}
Session ID: 76426a23eb765f3b5187d0509aa88072
2026-09-10 11:22:11 [TestNG-test-OrangeHRM Test 1-4] ERROR ActionDriver - This Element is not visible: Expected condition failed: waiting for visibility of element found by By.name: username, but... org.openqa.selenium.NoSuchElementException: no such element: Unable to locate element: {"method":"css selector","selector":"*[name='username']"}.
(tried for 25 seconds with 500 milliseconds interval)
Build info: version: '4.48.0', revision: '27f5213 27f5213055e28398a5105b7892b7a3bb2012a6ef'
System info: os.name: 'Windows 10', os.arch: 'amd64', os.version: '10.0', java.version: '17'
Driver info: org.openqa.selenium.chrome.ChromeDriver
Capabilities {acceptInsecureCerts: false, browserName: chrome, browserVersion: 152.0.7977.76, chrome: {chromedriverVersion: 152.0.7977.82 (d04cdb24d67b..., userDataDir: C:\Users\chaker\AppData\Loc...}, fedcm:accounts: true, goog:chromeOptions: {debuggerAddress: localhost:56372}, goog:processID: 8720, networkConnectionEnabled: false, pageLoadStrategy: normal, platformName: windows, proxy: Proxy(), se:cdp: ws://localhost:56372/devtoo..., se:cdpVersion: 152.0.7977.76, setWindowRect: true, strictFileInteractability: false, timeouts: {implicit: 0, pageLoad: 300000, script: 30000}, unhandledPromptBehavior: dismiss and notify, webauthn:extension:credBlob: true, webauthn:extension:largeBlob: true, webauthn:extension:minPinLength: true, webauthn:extension:prf: true, webauthn:virtualAuthenticators: true}
Session ID: ef2d6e72b0c2cd98aa1629566f205c66
2026-09-10 11:22:11 [TestNG-test-OrangeHRM Test 1-3] ERROR ActionDriver - This Element is not visible: Expected condition failed: waiting for visibility of element found by By.name: username, but... org.openqa.selenium.NoSuchElementException: no such element: Unable to locate element: {"method":"css selector","selector":"*[name='username']"}.
(tried for 25 seconds with 500 milliseconds interval)
Build info: version: '4.48.0', revision: '27f5213 27f5213055e28398a5105b7892b7a3bb2012a6ef'
System info: os.name: 'Windows 10', os.arch: 'amd64', os.version: '10.0', java.version: '17'
Driver info: org.openqa.selenium.chrome.ChromeDriver
Capabilities {acceptInsecureCerts: false, browserName: chrome, browserVersion: 152.0.7977.76, chrome: {chromedriverVersion: 152.0.7977.82 (d04cdb24d67b..., userDataDir: C:\Users\chaker\AppData\Loc...}, fedcm:accounts: true, goog:chromeOptions: {debuggerAddress: localhost:56371}, goog:processID: 31456, networkConnectionEnabled: false, pageLoadStrategy: normal, platformName: windows, proxy: Proxy(), se:cdp: ws://localhost:56371/devtoo..., se:cdpVersion: 152.0.7977.76, setWindowRect: true, strictFileInteractability: false, timeouts: {implicit: 0, pageLoad: 300000, script: 30000}, unhandledPromptBehavior: dismiss and notify, webauthn:extension:credBlob: true, webauthn:extension:largeBlob: true, webauthn:extension:minPinLength: true, webauthn:extension:prf: true, webauthn:virtualAuthenticators: true}
Session ID: 76426a23eb765f3b5187d0509aa88072
2026-09-10 11:22:27 [TestNG-test-OrangeHRM Test 1-4] ERROR ActionDriver - Element is not entered: no such element: Unable to locate element: {"method":"css selector","selector":"*[name='username']"}
  (Session info: chrome=152.0.7977.76)
For documentation on this error, please visit: https://www.selenium.dev/documentation/webdriver/troubleshooting/errors#nosuchelementexception
Build info: version: '4.48.0', revision: '27f5213 27f5213055e28398a5105b7892b7a3bb2012a6ef'
System info: os.name: 'Windows 10', os.arch: 'amd64', os.version: '10.0', java.version: '17'
Driver info: org.openqa.selenium.chrome.ChromeDriver
Command: [ef2d6e72b0c2cd98aa1629566f205c66, findElement {value=username, using=name}]
Capabilities {acceptInsecureCerts: false, browserName: chrome, browserVersion: 152.0.7977.76, chrome: {chromedriverVersion: 152.0.7977.82 (d04cdb24d67b..., userDataDir: C:\Users\chaker\AppData\Loc...}, fedcm:accounts: true, goog:chromeOptions: {debuggerAddress: localhost:56372}, goog:processID: 8720, networkConnectionEnabled: false, pageLoadStrategy: normal, platformName: windows, proxy: Proxy(), se:cdp: ws://localhost:56372/devtoo..., se:cdpVersion: 152.0.7977.76, setWindowRect: true, strictFileInteractability: false, timeouts: {implicit: 0, pageLoad: 300000, script: 30000}, unhandledPromptBehavior: dismiss and notify, webauthn:extension:credBlob: true, webauthn:extension:largeBlob: true, webauthn:extension:minPinLength: true, webauthn:extension:prf: true, webauthn:virtualAuthenticators: true}
Session ID: ef2d6e72b0c2cd98aa1629566f205c66
2026-09-10 11:22:27 [TestNG-test-OrangeHRM Test 1-3] ERROR ActionDriver - Element is not entered: no such element: Unable to locate element: {"method":"css selector","selector":"*[name='username']"}
  (Session info: chrome=152.0.7977.76)
For documentation on this error, please visit: https://www.selenium.dev/documentation/webdriver/troubleshooting/errors#nosuchelementexception
Build info: version: '4.48.0', revision: '27f5213 27f5213055e28398a5105b7892b7a3bb2012a6ef'
System info: os.name: 'Windows 10', os.arch: 'amd64', os.version: '10.0', java.version: '17'
Driver info: org.openqa.selenium.chrome.ChromeDriver
Command: [76426a23eb765f3b5187d0509aa88072, findElement {value=username, using=name}]
Capabilities {acceptInsecureCerts: false, browserName: chrome, browserVersion: 152.0.7977.76, chrome: {chromedriverVersion: 152.0.7977.82 (d04cdb24d67b..., userDataDir: C:\Users\chaker\AppData\Loc...}, fedcm:accounts: true, goog:chromeOptions: {debuggerAddress: localhost:56371}, goog:processID: 31456, networkConnectionEnabled: false, pageLoadStrategy: normal, platformName: windows, proxy: Proxy(), se:cdp: ws://localhost:56371/devtoo..., se:cdpVersion: 152.0.7977.76, setWindowRect: true, strictFileInteractability: false, timeouts: {implicit: 0, pageLoad: 300000, script: 30000}, unhandledPromptBehavior: dismiss and notify, webauthn:extension:credBlob: true, webauthn:extension:largeBlob: true, webauthn:extension:minPinLength: true, webauthn:extension:prf: true, webauthn:virtualAuthenticators: true}
Session ID: 76426a23eb765f3b5187d0509aa88072
2026-09-10 11:22:42 [TestNG-test-OrangeHRM Test 1-4] ERROR ActionDriver - Unable to describe the element: no such element: Unable to locate element: {"method":"css selector","selector":"input[type='password']"}
  (Session info: chrome=152.0.7977.76)
For documentation on this error, please visit: https://www.selenium.dev/documentation/webdriver/troubleshooting/errors#nosuchelementexception
Build info: version: '4.48.0', revision: '27f5213 27f5213055e28398a5105b7892b7a3bb2012a6ef'
System info: os.name: 'Windows 10', os.arch: 'amd64', os.version: '10.0', java.version: '17'
Driver info: org.openqa.selenium.chrome.ChromeDriver
Command: [ef2d6e72b0c2cd98aa1629566f205c66, findElement {value=input[type='password'], using=css selector}]
Capabilities {acceptInsecureCerts: false, browserName: chrome, browserVersion: 152.0.7977.76, chrome: {chromedriverVersion: 152.0.7977.82 (d04cdb24d67b..., userDataDir: C:\Users\chaker\AppData\Loc...}, fedcm:accounts: true, goog:chromeOptions: {debuggerAddress: localhost:56372}, goog:processID: 8720, networkConnectionEnabled: false, pageLoadStrategy: normal, platformName: windows, proxy: Proxy(), se:cdp: ws://localhost:56372/devtoo..., se:cdpVersion: 152.0.7977.76, setWindowRect: true, strictFileInteractability: false, timeouts: {implicit: 0, pageLoad: 300000, script: 30000}, unhandledPromptBehavior: dismiss and notify, webauthn:extension:credBlob: true, webauthn:extension:largeBlob: true, webauthn:extension:minPinLength: true, webauthn:extension:prf: true, webauthn:virtualAuthenticators: true}
Session ID: ef2d6e72b0c2cd98aa1629566f205c66
2026-09-10 11:22:42 [TestNG-test-OrangeHRM Test 1-3] ERROR ActionDriver - Unable to describe the element: no such element: Unable to locate element: {"method":"css selector","selector":"input[type='password']"}
  (Session info: chrome=152.0.7977.76)
For documentation on this error, please visit: https://www.selenium.dev/documentation/webdriver/troubleshooting/errors#nosuchelementexception
Build info: version: '4.48.0', revision: '27f5213 27f5213055e28398a5105b7892b7a3bb2012a6ef'
System info: os.name: 'Windows 10', os.arch: 'amd64', os.version: '10.0', java.version: '17'
Driver info: org.openqa.selenium.chrome.ChromeDriver
Command: [76426a23eb765f3b5187d0509aa88072, findElement {value=input[type='password'], using=css selector}]
Capabilities {acceptInsecureCerts: false, browserName: chrome, browserVersion: 152.0.7977.76, chrome: {chromedriverVersion: 152.0.7977.82 (d04cdb24d67b..., userDataDir: C:\Users\chaker\AppData\Loc...}, fedcm:accounts: true, goog:chromeOptions: {debuggerAddress: localhost:56371}, goog:processID: 31456, networkConnectionEnabled: false, pageLoadStrategy: normal, platformName: windows, proxy: Proxy(), se:cdp: ws://localhost:56371/devtoo..., se:cdpVersion: 152.0.7977.76, setWindowRect: true, strictFileInteractability: false, timeouts: {implicit: 0, pageLoad: 300000, script: 30000}, unhandledPromptBehavior: dismiss and notify, webauthn:extension:credBlob: true, webauthn:extension:largeBlob: true, webauthn:extension:minPinLength: true, webauthn:extension:prf: true, webauthn:virtualAuthenticators: true}
Session ID: 76426a23eb765f3b5187d0509aa88072
2026-09-10 11:23:12 [TestNG-test-OrangeHRM Test 1-4] ERROR ActionDriver - This Element is not visible: Expected condition failed: waiting for visibility of element found by By.cssSelector: input[type='password'], but... org.openqa.selenium.NoSuchElementException: no such element: Unable to locate element: {"method":"css selector","selector":"input[type='password']"}.
(tried for 25 seconds with 500 milliseconds interval)
Build info: version: '4.48.0', revision: '27f5213 27f5213055e28398a5105b7892b7a3bb2012a6ef'
System info: os.name: 'Windows 10', os.arch: 'amd64', os.version: '10.0', java.version: '17'
Driver info: org.openqa.selenium.chrome.ChromeDriver
Capabilities {acceptInsecureCerts: false, browserName: chrome, browserVersion: 152.0.7977.76, chrome: {chromedriverVersion: 152.0.7977.82 (d04cdb24d67b..., userDataDir: C:\Users\chaker\AppData\Loc...}, fedcm:accounts: true, goog:chromeOptions: {debuggerAddress: localhost:56372}, goog:processID: 8720, networkConnectionEnabled: false, pageLoadStrategy: normal, platformName: windows, proxy: Proxy(), se:cdp: ws://localhost:56372/devtoo..., se:cdpVersion: 152.0.7977.76, setWindowRect: true, strictFileInteractability: false, timeouts: {implicit: 0, pageLoad: 300000, script: 30000}, unhandledPromptBehavior: dismiss and notify, webauthn:extension:credBlob: true, webauthn:extension:largeBlob: true, webauthn:extension:minPinLength: true, webauthn:extension:prf: true, webauthn:virtualAuthenticators: true}
Session ID: ef2d6e72b0c2cd98aa1629566f205c66
2026-09-10 11:23:12 [TestNG-test-OrangeHRM Test 1-3] ERROR ActionDriver - This Element is not visible: Expected condition failed: waiting for visibility of element found by By.cssSelector: input[type='password'], but... org.openqa.selenium.NoSuchElementException: no such element: Unable to locate element: {"method":"css selector","selector":"input[type='password']"}.
(tried for 25 seconds with 500 milliseconds interval)
Build info: version: '4.48.0', revision: '27f5213 27f5213055e28398a5105b7892b7a3bb2012a6ef'
System info: os.name: 'Windows 10', os.arch: 'amd64', os.version: '10.0', java.version: '17'
Driver info: org.openqa.selenium.chrome.ChromeDriver
Capabilities {acceptInsecureCerts: false, browserName: chrome, browserVersion: 152.0.7977.76, chrome: {chromedriverVersion: 152.0.7977.82 (d04cdb24d67b..., userDataDir: C:\Users\chaker\AppData\Loc...}, fedcm:accounts: true, goog:chromeOptions: {debuggerAddress: localhost:56371}, goog:processID: 31456, networkConnectionEnabled: false, pageLoadStrategy: normal, platformName: windows, proxy: Proxy(), se:cdp: ws://localhost:56371/devtoo..., se:cdpVersion: 152.0.7977.76, setWindowRect: true, strictFileInteractability: false, timeouts: {implicit: 0, pageLoad: 300000, script: 30000}, unhandledPromptBehavior: dismiss and notify, webauthn:extension:credBlob: true, webauthn:extension:largeBlob: true, webauthn:extension:minPinLength: true, webauthn:extension:prf: true, webauthn:virtualAuthenticators: true}
Session ID: 76426a23eb765f3b5187d0509aa88072
2026-09-10 11:23:28 [TestNG-test-OrangeHRM Test 1-3] ERROR ActionDriver - Element is not entered: no such element: Unable to locate element: {"method":"css selector","selector":"input[type='password']"}
  (Session info: chrome=152.0.7977.76)
For documentation on this error, please visit: https://www.selenium.dev/documentation/webdriver/troubleshooting/errors#nosuchelementexception
Build info: version: '4.48.0', revision: '27f5213 27f5213055e28398a5105b7892b7a3bb2012a6ef'
System info: os.name: 'Windows 10', os.arch: 'amd64', os.version: '10.0', java.version: '17'
Driver info: org.openqa.selenium.chrome.ChromeDriver
Command: [76426a23eb765f3b5187d0509aa88072, findElement {value=input[type='password'], using=css selector}]
Capabilities {acceptInsecureCerts: false, browserName: chrome, browserVersion: 152.0.7977.76, chrome: {chromedriverVersion: 152.0.7977.82 (d04cdb24d67b..., userDataDir: C:\Users\chaker\AppData\Loc...}, fedcm:accounts: true, goog:chromeOptions: {debuggerAddress: localhost:56371}, goog:processID: 31456, networkConnectionEnabled: false, pageLoadStrategy: normal, platformName: windows, proxy: Proxy(), se:cdp: ws://localhost:56371/devtoo..., se:cdpVersion: 152.0.7977.76, setWindowRect: true, strictFileInteractability: false, timeouts: {implicit: 0, pageLoad: 300000, script: 30000}, unhandledPromptBehavior: dismiss and notify, webauthn:extension:credBlob: true, webauthn:extension:largeBlob: true, webauthn:extension:minPinLength: true, webauthn:extension:prf: true, webauthn:virtualAuthenticators: true}
Session ID: 76426a23eb765f3b5187d0509aa88072
2026-09-10 11:23:34 [TestNG-test-OrangeHRM Test 1-4] ERROR ActionDriver - Unable to describe the element: invalid session id: session deleted as the browser has closed the connection
from disconnected: unable to send message to renderer
  (Session info: chrome=152.0.7977.76)
Build info: version: '4.48.0', revision: '27f5213 27f5213055e28398a5105b7892b7a3bb2012a6ef'
System info: os.name: 'Windows 10', os.arch: 'amd64', os.version: '10.0', java.version: '17'
Driver info: org.openqa.selenium.chrome.ChromeDriver
Command: [ef2d6e72b0c2cd98aa1629566f205c66, findElement {value=//div[@class='oxd-brand-banner']//img, using=xpath}]
Capabilities {acceptInsecureCerts: false, browserName: chrome, browserVersion: 152.0.7977.76, chrome: {chromedriverVersion: 152.0.7977.82 (d04cdb24d67b..., userDataDir: C:\Users\chaker\AppData\Loc...}, fedcm:accounts: true, goog:chromeOptions: {debuggerAddress: localhost:56372}, goog:processID: 8720, networkConnectionEnabled: false, pageLoadStrategy: normal, platformName: windows, proxy: Proxy(), se:cdp: ws://localhost:56372/devtoo..., se:cdpVersion: 152.0.7977.76, setWindowRect: true, strictFileInteractability: false, timeouts: {implicit: 0, pageLoad: 300000, script: 30000}, unhandledPromptBehavior: dismiss and notify, webauthn:extension:credBlob: true, webauthn:extension:largeBlob: true, webauthn:extension:minPinLength: true, webauthn:extension:prf: true, webauthn:virtualAuthenticators: true}
Session ID: ef2d6e72b0c2cd98aa1629566f205c66
2026-09-10 11:23:35 [TestNG-test-OrangeHRM Test 1-4] ERROR ActionDriver - This Element is not visible: invalid session id
Build info: version: '4.48.0', revision: '27f5213 27f5213055e28398a5105b7892b7a3bb2012a6ef'
System info: os.name: 'Windows 10', os.arch: 'amd64', os.version: '10.0', java.version: '17'
Driver info: org.openqa.selenium.chrome.ChromeDriver
Command: [ef2d6e72b0c2cd98aa1629566f205c66, findElement {value=//div[@class='oxd-brand-banner']//img, using=xpath}]
Capabilities {acceptInsecureCerts: false, browserName: chrome, browserVersion: 152.0.7977.76, chrome: {chromedriverVersion: 152.0.7977.82 (d04cdb24d67b..., userDataDir: C:\Users\chaker\AppData\Loc...}, fedcm:accounts: true, goog:chromeOptions: {debuggerAddress: localhost:56372}, goog:processID: 8720, networkConnectionEnabled: false, pageLoadStrategy: normal, platformName: windows, proxy: Proxy(), se:cdp: ws://localhost:56372/devtoo..., se:cdpVersion: 152.0.7977.76, setWindowRect: true, strictFileInteractability: false, timeouts: {implicit: 0, pageLoad: 300000, script: 30000}, unhandledPromptBehavior: dismiss and notify, webauthn:extension:credBlob: true, webauthn:extension:largeBlob: true, webauthn:extension:minPinLength: true, webauthn:extension:prf: true, webauthn:virtualAuthenticators: true}
Session ID: ef2d6e72b0c2cd98aa1629566f205c66
2026-09-10 11:23:35 [TestNG-test-OrangeHRM Test 1-4] ERROR ActionDriver - Element is not displayed: invalid session id
Build info: version: '4.48.0', revision: '27f5213 27f5213055e28398a5105b7892b7a3bb2012a6ef'
System info: os.name: 'Windows 10', os.arch: 'amd64', os.version: '10.0', java.version: '17'
Driver info: org.openqa.selenium.chrome.ChromeDriver
Command: [ef2d6e72b0c2cd98aa1629566f205c66, findElement {value=//div[@class='oxd-brand-banner']//img, using=xpath}]
Capabilities {acceptInsecureCerts: false, browserName: chrome, browserVersion: 152.0.7977.76, chrome: {chromedriverVersion: 152.0.7977.82 (d04cdb24d67b..., userDataDir: C:\Users\chaker\AppData\Loc...}, fedcm:accounts: true, goog:chromeOptions: {debuggerAddress: localhost:56372}, goog:processID: 8720, networkConnectionEnabled: false, pageLoadStrategy: normal, platformName: windows, proxy: Proxy(), se:cdp: ws://localhost:56372/devtoo..., se:cdpVersion: 152.0.7977.76, setWindowRect: true, strictFileInteractability: false, timeouts: {implicit: 0, pageLoad: 300000, script: 30000}, unhandledPromptBehavior: dismiss and notify, webauthn:extension:credBlob: true, webauthn:extension:largeBlob: true, webauthn:extension:minPinLength: true, webauthn:extension:prf: true, webauthn:virtualAuthenticators: true}
Session ID: ef2d6e72b0c2cd98aa1629566f205c66
2026-09-10 11:23:36 [TestNG-test-OrangeHRM Test 1-3] ERROR ActionDriver - Unable to describe the element: invalid session id: session deleted as the browser has closed the connection
from disconnected: unable to send message to renderer
  (Session info: chrome=152.0.7977.76)
Build info: version: '4.48.0', revision: '27f5213 27f5213055e28398a5105b7892b7a3bb2012a6ef'
System info: os.name: 'Windows 10', os.arch: 'amd64', os.version: '10.0', java.version: '17'
Driver info: org.openqa.selenium.chrome.ChromeDriver
Command: [76426a23eb765f3b5187d0509aa88072, findElement {value=button[type='submit'], using=css selector}]
Capabilities {acceptInsecureCerts: false, browserName: chrome, browserVersion: 152.0.7977.76, chrome: {chromedriverVersion: 152.0.7977.82 (d04cdb24d67b..., userDataDir: C:\Users\chaker\AppData\Loc...}, fedcm:accounts: true, goog:chromeOptions: {debuggerAddress: localhost:56371}, goog:processID: 31456, networkConnectionEnabled: false, pageLoadStrategy: normal, platformName: windows, proxy: Proxy(), se:cdp: ws://localhost:56371/devtoo..., se:cdpVersion: 152.0.7977.76, setWindowRect: true, strictFileInteractability: false, timeouts: {implicit: 0, pageLoad: 300000, script: 30000}, unhandledPromptBehavior: dismiss and notify, webauthn:extension:credBlob: true, webauthn:extension:largeBlob: true, webauthn:extension:minPinLength: true, webauthn:extension:prf: true, webauthn:virtualAuthenticators: true}
Session ID: 76426a23eb765f3b5187d0509aa88072
2026-09-10 11:23:37 [TestNG-test-OrangeHRM Test 1-3] ERROR ActionDriver - This Element is not clickable: invalid session id
Build info: version: '4.48.0', revision: '27f5213 27f5213055e28398a5105b7892b7a3bb2012a6ef'
System info: os.name: 'Windows 10', os.arch: 'amd64', os.version: '10.0', java.version: '17'
Driver info: org.openqa.selenium.chrome.ChromeDriver
Command: [76426a23eb765f3b5187d0509aa88072, findElement {value=button[type='submit'], using=css selector}]
Capabilities {acceptInsecureCerts: false, browserName: chrome, browserVersion: 152.0.7977.76, chrome: {chromedriverVersion: 152.0.7977.82 (d04cdb24d67b..., userDataDir: C:\Users\chaker\AppData\Loc...}, fedcm:accounts: true, goog:chromeOptions: {debuggerAddress: localhost:56371}, goog:processID: 31456, networkConnectionEnabled: false, pageLoadStrategy: normal, platformName: windows, proxy: Proxy(), se:cdp: ws://localhost:56371/devtoo..., se:cdpVersion: 152.0.7977.76, setWindowRect: true, strictFileInteractability: false, timeouts: {implicit: 0, pageLoad: 300000, script: 30000}, unhandledPromptBehavior: dismiss and notify, webauthn:extension:credBlob: true, webauthn:extension:largeBlob: true, webauthn:extension:minPinLength: true, webauthn:extension:prf: true, webauthn:virtualAuthenticators: true}
Session ID: 76426a23eb765f3b5187d0509aa88072
2026-09-10 11:23:37 [TestNG-test-OrangeHRM Test 1-3] ERROR ActionDriver - Element is not clickable: invalid session id
Build info: version: '4.48.0', revision: '27f5213 27f5213055e28398a5105b7892b7a3bb2012a6ef'
System info: os.name: 'Windows 10', os.arch: 'amd64', os.version: '10.0', java.version: '17'
Driver info: org.openqa.selenium.chrome.ChromeDriver
Command: [76426a23eb765f3b5187d0509aa88072, findElement {value=button[type='submit'], using=css selector}]
Capabilities {acceptInsecureCerts: false, browserName: chrome, browserVersion: 152.0.7977.76, chrome: {chromedriverVersion: 152.0.7977.82 (d04cdb24d67b..., userDataDir: C:\Users\chaker\AppData\Loc...}, fedcm:accounts: true, goog:chromeOptions: {debuggerAddress: localhost:56371}, goog:processID: 31456, networkConnectionEnabled: false, pageLoadStrategy: normal, platformName: windows, proxy: Proxy(), se:cdp: ws://localhost:56371/devtoo..., se:cdpVersion: 152.0.7977.76, setWindowRect: true, strictFileInteractability: false, timeouts: {implicit: 0, pageLoad: 300000, script: 30000}, unhandledPromptBehavior: dismiss and notify, webauthn:extension:credBlob: true, webauthn:extension:largeBlob: true, webauthn:extension:minPinLength: true, webauthn:extension:prf: true, webauthn:virtualAuthenticators: true}
Session ID: 76426a23eb765f3b5187d0509aa88072
2026-09-10 11:23:37 [TestNG-test-OrangeHRM Test 1-3] ERROR ActionDriver - This Element is not visible: invalid session id
Build info: version: '4.48.0', revision: '27f5213 27f5213055e28398a5105b7892b7a3bb2012a6ef'
System info: os.name: 'Windows 10', os.arch: 'amd64', os.version: '10.0', java.version: '17'
Driver info: org.openqa.selenium.chrome.ChromeDriver
Command: [76426a23eb765f3b5187d0509aa88072, findElement {value=//p[@class='oxd-text oxd-text--p oxd-alert-content-text'], using=xpath}]
Capabilities {acceptInsecureCerts: false, browserName: chrome, browserVersion: 152.0.7977.76, chrome: {chromedriverVersion: 152.0.7977.82 (d04cdb24d67b..., userDataDir: C:\Users\chaker\AppData\Loc...}, fedcm:accounts: true, goog:chromeOptions: {debuggerAddress: localhost:56371}, goog:processID: 31456, networkConnectionEnabled: false, pageLoadStrategy: normal, platformName: windows, proxy: Proxy(), se:cdp: ws://localhost:56371/devtoo..., se:cdpVersion: 152.0.7977.76, setWindowRect: true, strictFileInteractability: false, timeouts: {implicit: 0, pageLoad: 300000, script: 30000}, unhandledPromptBehavior: dismiss and notify, webauthn:extension:credBlob: true, webauthn:extension:largeBlob: true, webauthn:extension:minPinLength: true, webauthn:extension:prf: true, webauthn:virtualAuthenticators: true}
Session ID: 76426a23eb765f3b5187d0509aa88072
2026-09-10 11:23:37 [TestNG-test-OrangeHRM Test 1-3] ERROR ActionDriver - Element compared is not visible: invalid session id
Build info: version: '4.48.0', revision: '27f5213 27f5213055e28398a5105b7892b7a3bb2012a6ef'
System info: os.name: 'Windows 10', os.arch: 'amd64', os.version: '10.0', java.version: '17'
Driver info: org.openqa.selenium.chrome.ChromeDriver
Command: [76426a23eb765f3b5187d0509aa88072, findElement {value=//p[@class='oxd-text oxd-text--p oxd-alert-content-text'], using=xpath}]
Capabilities {acceptInsecureCerts: false, browserName: chrome, browserVersion: 152.0.7977.76, chrome: {chromedriverVersion: 152.0.7977.82 (d04cdb24d67b..., userDataDir: C:\Users\chaker\AppData\Loc...}, fedcm:accounts: true, goog:chromeOptions: {debuggerAddress: localhost:56371}, goog:processID: 31456, networkConnectionEnabled: false, pageLoadStrategy: normal, platformName: windows, proxy: Proxy(), se:cdp: ws://localhost:56371/devtoo..., se:cdpVersion: 152.0.7977.76, setWindowRect: true, strictFileInteractability: false, timeouts: {implicit: 0, pageLoad: 300000, script: 30000}, unhandledPromptBehavior: dismiss and notify, webauthn:extension:credBlob: true, webauthn:extension:largeBlob: true, webauthn:extension:minPinLength: true, webauthn:extension:prf: true, webauthn:virtualAuthenticators: true}
Session ID: 76426a23eb765f3b5187d0509aa88072
2026-09-10 11:24:16 [TestNG-test-OrangeHRM Test 1-2] ERROR BaseClass - This is an error message
2026-09-10 11:24:16 [TestNG-test-OrangeHRM Test 1-2] FATAL BaseClass - This is a fatal message
2026-09-10 11:24:52 [TestNG-test-OrangeHRM Test 1-3] ERROR BaseClass - This is an error message
2026-09-10 11:24:52 [TestNG-test-OrangeHRM Test 1-3] FATAL BaseClass - This is a fatal message
2026-09-10 11:24:55 [TestNG-test-OrangeHRM Test 1-1] ERROR BaseClass - This is an error message
2026-09-10 11:24:55 [TestNG-test-OrangeHRM Test 1-1] FATAL BaseClass - This is a fatal message
2026-09-10 11:24:57 [TestNG-test-OrangeHRM Test 1-4] ERROR BaseClass - This is an error message
2026-09-10 11:24:57 [TestNG-test-OrangeHRM Test 1-4] FATAL BaseClass - This is a fatal message
2026-09-10 11:25:09 [TestNG-test-OrangeHRM Test 1-3] ERROR BaseClass - This is an error message
2026-09-10 11:25:09 [TestNG-test-OrangeHRM Test 1-3] FATAL BaseClass - This is a fatal message
2026-09-10 11:56:04 [TestNG-test-OrangeHRM Test 1-2] ERROR BaseClass - This is an error message
2026-09-10 11:56:04 [TestNG-test-OrangeHRM Test 1-2] FATAL BaseClass - This is a fatal message
2026-09-10 11:56:31 [TestNG-test-OrangeHRM Test 1-1] ERROR BaseClass - This is an error message
2026-09-10 11:56:31 [TestNG-test-OrangeHRM Test 1-1] FATAL BaseClass - This is a fatal message
2026-09-10 11:56:32 [TestNG-test-OrangeHRM Test 1-3] ERROR BaseClass - This is an error message
2026-09-10 11:56:32 [TestNG-test-OrangeHRM Test 1-3] FATAL BaseClass - This is a fatal message
2026-09-10 11:56:32 [TestNG-test-OrangeHRM Test 1-3] ERROR ActionDriver - Error when try to apply color in a border: javascript error: Unexpected identifier 'green'
  (Session info: chrome=152.0.7977.76)
Build info: version: '4.48.0', revision: '27f5213 27f5213055e28398a5105b7892b7a3bb2012a6ef'
System info: os.name: 'Windows 10', os.arch: 'amd64', os.version: '10.0', java.version: '17'
Driver info: org.openqa.selenium.chrome.ChromeDriver
Command: [f08c2319299c8e316920a026e96c7bf6, executeScript {script=arguments[0].apply.border = '3px solid 'green', args=[{element-6066-11e4-a52e-4f735466cecf=f.DD8F143F20ED014919E858D1B117A420.d.1FEF47FAAE31ACC31DB6FD31F172D33C.e.2}]}]
Capabilities {acceptInsecureCerts: false, browserName: chrome, browserVersion: 152.0.7977.76, chrome: {chromedriverVersion: 152.0.7977.82 (d04cdb24d67b..., userDataDir: C:\Users\chaker\AppData\Loc...}, fedcm:accounts: true, goog:chromeOptions: {debuggerAddress: localhost:52808}, goog:processID: 9240, networkConnectionEnabled: false, pageLoadStrategy: normal, platformName: windows, proxy: Proxy(), se:cdp: ws://localhost:52808/devtoo..., se:cdpVersion: 152.0.7977.76, setWindowRect: true, strictFileInteractability: false, timeouts: {implicit: 0, pageLoad: 300000, script: 30000}, unhandledPromptBehavior: dismiss and notify, webauthn:extension:credBlob: true, webauthn:extension:largeBlob: true, webauthn:extension:minPinLength: true, webauthn:extension:prf: true, webauthn:virtualAuthenticators: true}
Session ID: f08c2319299c8e316920a026e96c7bf6
2026-09-10 11:56:34 [TestNG-test-OrangeHRM Test 1-3] ERROR ActionDriver - Error when try to apply color in a border: javascript error: Unexpected identifier 'green'
  (Session info: chrome=152.0.7977.76)
Build info: version: '4.48.0', revision: '27f5213 27f5213055e28398a5105b7892b7a3bb2012a6ef'
System info: os.name: 'Windows 10', os.arch: 'amd64', os.version: '10.0', java.version: '17'
Driver info: org.openqa.selenium.chrome.ChromeDriver
Command: [f08c2319299c8e316920a026e96c7bf6, executeScript {script=arguments[0].apply.border = '3px solid 'green', args=[{element-6066-11e4-a52e-4f735466cecf=f.DD8F143F20ED014919E858D1B117A420.d.1FEF47FAAE31ACC31DB6FD31F172D33C.e.4}]}]
Capabilities {acceptInsecureCerts: false, browserName: chrome, browserVersion: 152.0.7977.76, chrome: {chromedriverVersion: 152.0.7977.82 (d04cdb24d67b..., userDataDir: C:\Users\chaker\AppData\Loc...}, fedcm:accounts: true, goog:chromeOptions: {debuggerAddress: localhost:52808}, goog:processID: 9240, networkConnectionEnabled: false, pageLoadStrategy: normal, platformName: windows, proxy: Proxy(), se:cdp: ws://localhost:52808/devtoo..., se:cdpVersion: 152.0.7977.76, setWindowRect: true, strictFileInteractability: false, timeouts: {implicit: 0, pageLoad: 300000, script: 30000}, unhandledPromptBehavior: dismiss and notify, webauthn:extension:credBlob: true, webauthn:extension:largeBlob: true, webauthn:extension:minPinLength: true, webauthn:extension:prf: true, webauthn:virtualAuthenticators: true}
Session ID: f08c2319299c8e316920a026e96c7bf6
2026-09-10 11:56:34 [TestNG-test-OrangeHRM Test 1-4] ERROR BaseClass - This is an error message
2026-09-10 11:56:34 [TestNG-test-OrangeHRM Test 1-4] FATAL BaseClass - This is a fatal message
2026-09-10 11:56:34 [TestNG-test-OrangeHRM Test 1-3] ERROR ActionDriver - Error when try to apply color in a border: javascript error: Unexpected identifier 'green'
  (Session info: chrome=152.0.7977.76)
Build info: version: '4.48.0', revision: '27f5213 27f5213055e28398a5105b7892b7a3bb2012a6ef'
System info: os.name: 'Windows 10', os.arch: 'amd64', os.version: '10.0', java.version: '17'
Driver info: org.openqa.selenium.chrome.ChromeDriver
Command: [f08c2319299c8e316920a026e96c7bf6, executeScript {script=arguments[0].apply.border = '3px solid 'green', args=[{element-6066-11e4-a52e-4f735466cecf=f.DD8F143F20ED014919E858D1B117A420.d.1FEF47FAAE31ACC31DB6FD31F172D33C.e.6}]}]
Capabilities {acceptInsecureCerts: false, browserName: chrome, browserVersion: 152.0.7977.76, chrome: {chromedriverVersion: 152.0.7977.82 (d04cdb24d67b..., userDataDir: C:\Users\chaker\AppData\Loc...}, fedcm:accounts: true, goog:chromeOptions: {debuggerAddress: localhost:52808}, goog:processID: 9240, networkConnectionEnabled: false, pageLoadStrategy: normal, platformName: windows, proxy: Proxy(), se:cdp: ws://localhost:52808/devtoo..., se:cdpVersion: 152.0.7977.76, setWindowRect: true, strictFileInteractability: false, timeouts: {implicit: 0, pageLoad: 300000, script: 30000}, unhandledPromptBehavior: dismiss and notify, webauthn:extension:credBlob: true, webauthn:extension:largeBlob: true, webauthn:extension:minPinLength: true, webauthn:extension:prf: true, webauthn:virtualAuthenticators: true}
Session ID: f08c2319299c8e316920a026e96c7bf6
2026-09-10 11:56:34 [TestNG-test-OrangeHRM Test 1-4] ERROR ActionDriver - Error when try to apply color in a border: javascript error: Unexpected identifier 'green'
  (Session info: chrome=152.0.7977.76)
Build info: version: '4.48.0', revision: '27f5213 27f5213055e28398a5105b7892b7a3bb2012a6ef'
System info: os.name: 'Windows 10', os.arch: 'amd64', os.version: '10.0', java.version: '17'
Driver info: org.openqa.selenium.chrome.ChromeDriver
Command: [25955eb0c542e6139b5ef93214bd1f3d, executeScript {script=arguments[0].apply.border = '3px solid 'green', args=[{element-6066-11e4-a52e-4f735466cecf=f.9F0C0B01306370603F4C91439573447D.d.4D2295FE1DD0C37340EE2411582AEED8.e.2}]}]
Capabilities {acceptInsecureCerts: false, browserName: chrome, browserVersion: 152.0.7977.76, chrome: {chromedriverVersion: 152.0.7977.82 (d04cdb24d67b..., userDataDir: C:\Users\chaker\AppData\Loc...}, fedcm:accounts: true, goog:chromeOptions: {debuggerAddress: localhost:52810}, goog:processID: 2772, networkConnectionEnabled: false, pageLoadStrategy: normal, platformName: windows, proxy: Proxy(), se:cdp: ws://localhost:52810/devtoo..., se:cdpVersion: 152.0.7977.76, setWindowRect: true, strictFileInteractability: false, timeouts: {implicit: 0, pageLoad: 300000, script: 30000}, unhandledPromptBehavior: dismiss and notify, webauthn:extension:credBlob: true, webauthn:extension:largeBlob: true, webauthn:extension:minPinLength: true, webauthn:extension:prf: true, webauthn:virtualAuthenticators: true}
Session ID: 25955eb0c542e6139b5ef93214bd1f3d
2026-09-10 11:56:35 [TestNG-test-OrangeHRM Test 1-4] ERROR ActionDriver - Error when try to apply color in a border: javascript error: Unexpected identifier 'green'
  (Session info: chrome=152.0.7977.76)
Build info: version: '4.48.0', revision: '27f5213 27f5213055e28398a5105b7892b7a3bb2012a6ef'
System info: os.name: 'Windows 10', os.arch: 'amd64', os.version: '10.0', java.version: '17'
Driver info: org.openqa.selenium.chrome.ChromeDriver
Command: [25955eb0c542e6139b5ef93214bd1f3d, executeScript {script=arguments[0].apply.border = '3px solid 'green', args=[{element-6066-11e4-a52e-4f735466cecf=f.9F0C0B01306370603F4C91439573447D.d.4D2295FE1DD0C37340EE2411582AEED8.e.4}]}]
Capabilities {acceptInsecureCerts: false, browserName: chrome, browserVersion: 152.0.7977.76, chrome: {chromedriverVersion: 152.0.7977.82 (d04cdb24d67b..., userDataDir: C:\Users\chaker\AppData\Loc...}, fedcm:accounts: true, goog:chromeOptions: {debuggerAddress: localhost:52810}, goog:processID: 2772, networkConnectionEnabled: false, pageLoadStrategy: normal, platformName: windows, proxy: Proxy(), se:cdp: ws://localhost:52810/devtoo..., se:cdpVersion: 152.0.7977.76, setWindowRect: true, strictFileInteractability: false, timeouts: {implicit: 0, pageLoad: 300000, script: 30000}, unhandledPromptBehavior: dismiss and notify, webauthn:extension:credBlob: true, webauthn:extension:largeBlob: true, webauthn:extension:minPinLength: true, webauthn:extension:prf: true, webauthn:virtualAuthenticators: true}
Session ID: 25955eb0c542e6139b5ef93214bd1f3d
2026-09-10 11:56:38 [TestNG-test-OrangeHRM Test 1-4] ERROR ActionDriver - Error when try to apply color in a border: javascript error: Unexpected identifier 'green'
  (Session info: chrome=152.0.7977.76)
Build info: version: '4.48.0', revision: '27f5213 27f5213055e28398a5105b7892b7a3bb2012a6ef'
System info: os.name: 'Windows 10', os.arch: 'amd64', os.version: '10.0', java.version: '17'
Driver info: org.openqa.selenium.chrome.ChromeDriver
Command: [25955eb0c542e6139b5ef93214bd1f3d, executeScript {script=arguments[0].apply.border = '3px solid 'green', args=[{element-6066-11e4-a52e-4f735466cecf=f.9F0C0B01306370603F4C91439573447D.d.4D2295FE1DD0C37340EE2411582AEED8.e.8}]}]
Capabilities {acceptInsecureCerts: false, browserName: chrome, browserVersion: 152.0.7977.76, chrome: {chromedriverVersion: 152.0.7977.82 (d04cdb24d67b..., userDataDir: C:\Users\chaker\AppData\Loc...}, fedcm:accounts: true, goog:chromeOptions: {debuggerAddress: localhost:52810}, goog:processID: 2772, networkConnectionEnabled: false, pageLoadStrategy: normal, platformName: windows, proxy: Proxy(), se:cdp: ws://localhost:52810/devtoo..., se:cdpVersion: 152.0.7977.76, setWindowRect: true, strictFileInteractability: false, timeouts: {implicit: 0, pageLoad: 300000, script: 30000}, unhandledPromptBehavior: dismiss and notify, webauthn:extension:credBlob: true, webauthn:extension:largeBlob: true, webauthn:extension:minPinLength: true, webauthn:extension:prf: true, webauthn:virtualAuthenticators: true}
Session ID: 25955eb0c542e6139b5ef93214bd1f3d
2026-09-10 11:56:40 [TestNG-test-OrangeHRM Test 1-3] ERROR ActionDriver - Error when try to apply color in a border: javascript error: Unexpected identifier 'red'
  (Session info: chrome=152.0.7977.76)
Build info: version: '4.48.0', revision: '27f5213 27f5213055e28398a5105b7892b7a3bb2012a6ef'
System info: os.name: 'Windows 10', os.arch: 'amd64', os.version: '10.0', java.version: '17'
Driver info: org.openqa.selenium.chrome.ChromeDriver
Command: [f08c2319299c8e316920a026e96c7bf6, executeScript {script=arguments[0].apply.border = '3px solid 'red', args=[{element-6066-11e4-a52e-4f735466cecf=f.DD8F143F20ED014919E858D1B117A420.d.92218D6F08944FC4DDC49258A9F540E4.e.54}]}]
Capabilities {acceptInsecureCerts: false, browserName: chrome, browserVersion: 152.0.7977.76, chrome: {chromedriverVersion: 152.0.7977.82 (d04cdb24d67b..., userDataDir: C:\Users\chaker\AppData\Loc...}, fedcm:accounts: true, goog:chromeOptions: {debuggerAddress: localhost:52808}, goog:processID: 9240, networkConnectionEnabled: false, pageLoadStrategy: normal, platformName: windows, proxy: Proxy(), se:cdp: ws://localhost:52808/devtoo..., se:cdpVersion: 152.0.7977.76, setWindowRect: true, strictFileInteractability: false, timeouts: {implicit: 0, pageLoad: 300000, script: 30000}, unhandledPromptBehavior: dismiss and notify, webauthn:extension:credBlob: true, webauthn:extension:largeBlob: true, webauthn:extension:minPinLength: true, webauthn:extension:prf: true, webauthn:virtualAuthenticators: true}
Session ID: f08c2319299c8e316920a026e96c7bf6
2026-09-10 11:56:47 [TestNG-test-OrangeHRM Test 1-4] ERROR ActionDriver - Error when try to apply color in a border: javascript error: Unexpected identifier 'green'
  (Session info: chrome=152.0.7977.76)
Build info: version: '4.48.0', revision: '27f5213 27f5213055e28398a5105b7892b7a3bb2012a6ef'
System info: os.name: 'Windows 10', os.arch: 'amd64', os.version: '10.0', java.version: '17'
Driver info: org.openqa.selenium.chrome.ChromeDriver
Command: [25955eb0c542e6139b5ef93214bd1f3d, executeScript {script=arguments[0].apply.border = '3px solid 'green', args=[{element-6066-11e4-a52e-4f735466cecf=f.9F0C0B01306370603F4C91439573447D.d.48CD0B505FD45E73D4CD9B2E018A6ED3.e.51}]}]
Capabilities {acceptInsecureCerts: false, browserName: chrome, browserVersion: 152.0.7977.76, chrome: {chromedriverVersion: 152.0.7977.82 (d04cdb24d67b..., userDataDir: C:\Users\chaker\AppData\Loc...}, fedcm:accounts: true, goog:chromeOptions: {debuggerAddress: localhost:52810}, goog:processID: 2772, networkConnectionEnabled: false, pageLoadStrategy: normal, platformName: windows, proxy: Proxy(), se:cdp: ws://localhost:52810/devtoo..., se:cdpVersion: 152.0.7977.76, setWindowRect: true, strictFileInteractability: false, timeouts: {implicit: 0, pageLoad: 300000, script: 30000}, unhandledPromptBehavior: dismiss and notify, webauthn:extension:credBlob: true, webauthn:extension:largeBlob: true, webauthn:extension:minPinLength: true, webauthn:extension:prf: true, webauthn:virtualAuthenticators: true}
Session ID: 25955eb0c542e6139b5ef93214bd1f3d
2026-09-10 11:56:49 [TestNG-test-OrangeHRM Test 1-3] ERROR BaseClass - This is an error message
2026-09-10 11:56:49 [TestNG-test-OrangeHRM Test 1-3] FATAL BaseClass - This is a fatal message
2026-09-10 11:56:56 [TestNG-test-OrangeHRM Test 1-3] ERROR ActionDriver - Error when try to apply color in a border: javascript error: Unexpected identifier 'green'
  (Session info: chrome=152.0.7977.76)
Build info: version: '4.48.0', revision: '27f5213 27f5213055e28398a5105b7892b7a3bb2012a6ef'
System info: os.name: 'Windows 10', os.arch: 'amd64', os.version: '10.0', java.version: '17'
Driver info: org.openqa.selenium.chrome.ChromeDriver
Command: [28f46abad65d685e47282674463b63db, executeScript {script=arguments[0].apply.border = '3px solid 'green', args=[{element-6066-11e4-a52e-4f735466cecf=f.56DC45D7E5654C09DC4AD1BF0FD55A58.d.B3E3EC52E4E41512779EC606726DC13D.e.2}]}]
Capabilities {acceptInsecureCerts: false, browserName: chrome, browserVersion: 152.0.7977.76, chrome: {chromedriverVersion: 152.0.7977.82 (d04cdb24d67b..., userDataDir: C:\Users\chaker\AppData\Loc...}, fedcm:accounts: true, goog:chromeOptions: {debuggerAddress: localhost:51593}, goog:processID: 12344, networkConnectionEnabled: false, pageLoadStrategy: normal, platformName: windows, proxy: Proxy(), se:cdp: ws://localhost:51593/devtoo..., se:cdpVersion: 152.0.7977.76, setWindowRect: true, strictFileInteractability: false, timeouts: {implicit: 0, pageLoad: 300000, script: 30000}, unhandledPromptBehavior: dismiss and notify, webauthn:extension:credBlob: true, webauthn:extension:largeBlob: true, webauthn:extension:minPinLength: true, webauthn:extension:prf: true, webauthn:virtualAuthenticators: true}
Session ID: 28f46abad65d685e47282674463b63db
2026-09-10 11:56:57 [TestNG-test-OrangeHRM Test 1-3] ERROR ActionDriver - Error when try to apply color in a border: javascript error: Unexpected identifier 'green'
  (Session info: chrome=152.0.7977.76)
Build info: version: '4.48.0', revision: '27f5213 27f5213055e28398a5105b7892b7a3bb2012a6ef'
System info: os.name: 'Windows 10', os.arch: 'amd64', os.version: '10.0', java.version: '17'
Driver info: org.openqa.selenium.chrome.ChromeDriver
Command: [28f46abad65d685e47282674463b63db, executeScript {script=arguments[0].apply.border = '3px solid 'green', args=[{element-6066-11e4-a52e-4f735466cecf=f.56DC45D7E5654C09DC4AD1BF0FD55A58.d.B3E3EC52E4E41512779EC606726DC13D.e.4}]}]
Capabilities {acceptInsecureCerts: false, browserName: chrome, browserVersion: 152.0.7977.76, chrome: {chromedriverVersion: 152.0.7977.82 (d04cdb24d67b..., userDataDir: C:\Users\chaker\AppData\Loc...}, fedcm:accounts: true, goog:chromeOptions: {debuggerAddress: localhost:51593}, goog:processID: 12344, networkConnectionEnabled: false, pageLoadStrategy: normal, platformName: windows, proxy: Proxy(), se:cdp: ws://localhost:51593/devtoo..., se:cdpVersion: 152.0.7977.76, setWindowRect: true, strictFileInteractability: false, timeouts: {implicit: 0, pageLoad: 300000, script: 30000}, unhandledPromptBehavior: dismiss and notify, webauthn:extension:credBlob: true, webauthn:extension:largeBlob: true, webauthn:extension:minPinLength: true, webauthn:extension:prf: true, webauthn:virtualAuthenticators: true}
Session ID: 28f46abad65d685e47282674463b63db
2026-09-10 11:56:57 [TestNG-test-OrangeHRM Test 1-3] ERROR ActionDriver - Error when try to apply color in a border: javascript error: Unexpected identifier 'green'
  (Session info: chrome=152.0.7977.76)
Build info: version: '4.48.0', revision: '27f5213 27f5213055e28398a5105b7892b7a3bb2012a6ef'
System info: os.name: 'Windows 10', os.arch: 'amd64', os.version: '10.0', java.version: '17'
Driver info: org.openqa.selenium.chrome.ChromeDriver
Command: [28f46abad65d685e47282674463b63db, executeScript {script=arguments[0].apply.border = '3px solid 'green', args=[{element-6066-11e4-a52e-4f735466cecf=f.56DC45D7E5654C09DC4AD1BF0FD55A58.d.B3E3EC52E4E41512779EC606726DC13D.e.6}]}]
Capabilities {acceptInsecureCerts: false, browserName: chrome, browserVersion: 152.0.7977.76, chrome: {chromedriverVersion: 152.0.7977.82 (d04cdb24d67b..., userDataDir: C:\Users\chaker\AppData\Loc...}, fedcm:accounts: true, goog:chromeOptions: {debuggerAddress: localhost:51593}, goog:processID: 12344, networkConnectionEnabled: false, pageLoadStrategy: normal, platformName: windows, proxy: Proxy(), se:cdp: ws://localhost:51593/devtoo..., se:cdpVersion: 152.0.7977.76, setWindowRect: true, strictFileInteractability: false, timeouts: {implicit: 0, pageLoad: 300000, script: 30000}, unhandledPromptBehavior: dismiss and notify, webauthn:extension:credBlob: true, webauthn:extension:largeBlob: true, webauthn:extension:minPinLength: true, webauthn:extension:prf: true, webauthn:virtualAuthenticators: true}
Session ID: 28f46abad65d685e47282674463b63db
2026-09-10 11:57:08 [TestNG-test-OrangeHRM Test 1-3] ERROR ActionDriver - Error when try to apply color in a border: javascript error: Unexpected identifier 'green'
  (Session info: chrome=152.0.7977.76)
Build info: version: '4.48.0', revision: '27f5213 27f5213055e28398a5105b7892b7a3bb2012a6ef'
System info: os.name: 'Windows 10', os.arch: 'amd64', os.version: '10.0', java.version: '17'
Driver info: org.openqa.selenium.chrome.ChromeDriver
Command: [28f46abad65d685e47282674463b63db, executeScript {script=arguments[0].apply.border = '3px solid 'green', args=[{element-6066-11e4-a52e-4f735466cecf=f.56DC45D7E5654C09DC4AD1BF0FD55A58.d.40EEA733C55A66D9F46D4FCFA7364131.e.51}]}]
Capabilities {acceptInsecureCerts: false, browserName: chrome, browserVersion: 152.0.7977.76, chrome: {chromedriverVersion: 152.0.7977.82 (d04cdb24d67b..., userDataDir: C:\Users\chaker\AppData\Loc...}, fedcm:accounts: true, goog:chromeOptions: {debuggerAddress: localhost:51593}, goog:processID: 12344, networkConnectionEnabled: false, pageLoadStrategy: normal, platformName: windows, proxy: Proxy(), se:cdp: ws://localhost:51593/devtoo..., se:cdpVersion: 152.0.7977.76, setWindowRect: true, strictFileInteractability: false, timeouts: {implicit: 0, pageLoad: 300000, script: 30000}, unhandledPromptBehavior: dismiss and notify, webauthn:extension:credBlob: true, webauthn:extension:largeBlob: true, webauthn:extension:minPinLength: true, webauthn:extension:prf: true, webauthn:virtualAuthenticators: true}
Session ID: 28f46abad65d685e47282674463b63db
2026-09-10 11:57:08 [TestNG-test-OrangeHRM Test 1-3] ERROR ActionDriver - Error when try to apply color in a border: javascript error: Unexpected identifier 'green'
  (Session info: chrome=152.0.7977.76)
Build info: version: '4.48.0', revision: '27f5213 27f5213055e28398a5105b7892b7a3bb2012a6ef'
System info: os.name: 'Windows 10', os.arch: 'amd64', os.version: '10.0', java.version: '17'
Driver info: org.openqa.selenium.chrome.ChromeDriver
Command: [28f46abad65d685e47282674463b63db, executeScript {script=arguments[0].apply.border = '3px solid 'green', args=[{element-6066-11e4-a52e-4f735466cecf=f.56DC45D7E5654C09DC4AD1BF0FD55A58.d.40EEA733C55A66D9F46D4FCFA7364131.e.54}]}]
Capabilities {acceptInsecureCerts: false, browserName: chrome, browserVersion: 152.0.7977.76, chrome: {chromedriverVersion: 152.0.7977.82 (d04cdb24d67b..., userDataDir: C:\Users\chaker\AppData\Loc...}, fedcm:accounts: true, goog:chromeOptions: {debuggerAddress: localhost:51593}, goog:processID: 12344, networkConnectionEnabled: false, pageLoadStrategy: normal, platformName: windows, proxy: Proxy(), se:cdp: ws://localhost:51593/devtoo..., se:cdpVersion: 152.0.7977.76, setWindowRect: true, strictFileInteractability: false, timeouts: {implicit: 0, pageLoad: 300000, script: 30000}, unhandledPromptBehavior: dismiss and notify, webauthn:extension:credBlob: true, webauthn:extension:largeBlob: true, webauthn:extension:minPinLength: true, webauthn:extension:prf: true, webauthn:virtualAuthenticators: true}
Session ID: 28f46abad65d685e47282674463b63db
2026-09-10 11:57:09 [TestNG-test-OrangeHRM Test 1-3] ERROR ActionDriver - Error when try to apply color in a border: javascript error: Unexpected identifier 'green'
  (Session info: chrome=152.0.7977.76)
Build info: version: '4.48.0', revision: '27f5213 27f5213055e28398a5105b7892b7a3bb2012a6ef'
System info: os.name: 'Windows 10', os.arch: 'amd64', os.version: '10.0', java.version: '17'
Driver info: org.openqa.selenium.chrome.ChromeDriver
Command: [28f46abad65d685e47282674463b63db, executeScript {script=arguments[0].apply.border = '3px solid 'green', args=[{element-6066-11e4-a52e-4f735466cecf=f.56DC45D7E5654C09DC4AD1BF0FD55A58.d.40EEA733C55A66D9F46D4FCFA7364131.e.55}]}]
Capabilities {acceptInsecureCerts: false, browserName: chrome, browserVersion: 152.0.7977.76, chrome: {chromedriverVersion: 152.0.7977.82 (d04cdb24d67b..., userDataDir: C:\Users\chaker\AppData\Loc...}, fedcm:accounts: true, goog:chromeOptions: {debuggerAddress: localhost:51593}, goog:processID: 12344, networkConnectionEnabled: false, pageLoadStrategy: normal, platformName: windows, proxy: Proxy(), se:cdp: ws://localhost:51593/devtoo..., se:cdpVersion: 152.0.7977.76, setWindowRect: true, strictFileInteractability: false, timeouts: {implicit: 0, pageLoad: 300000, script: 30000}, unhandledPromptBehavior: dismiss and notify, webauthn:extension:credBlob: true, webauthn:extension:largeBlob: true, webauthn:extension:minPinLength: true, webauthn:extension:prf: true, webauthn:virtualAuthenticators: true}
Session ID: 28f46abad65d685e47282674463b63db
2026-09-10 12:00:35 [TestNG-test-OrangeHRM Test 1-4] ERROR BaseClass - This is an error message
2026-09-10 12:00:35 [TestNG-test-OrangeHRM Test 1-4] FATAL BaseClass - This is a fatal message
2026-09-10 12:00:38 [TestNG-test-OrangeHRM Test 1-3] ERROR BaseClass - This is an error message
2026-09-10 12:00:38 [TestNG-test-OrangeHRM Test 1-3] FATAL BaseClass - This is a fatal message
2026-09-10 12:00:50 [TestNG-test-OrangeHRM Test 1-2] ERROR BaseClass - This is an error message
2026-09-10 12:00:50 [TestNG-test-OrangeHRM Test 1-2] FATAL BaseClass - This is a fatal message
2026-09-10 12:00:52 [TestNG-test-OrangeHRM Test 1-1] ERROR BaseClass - This is an error message
2026-09-10 12:00:52 [TestNG-test-OrangeHRM Test 1-1] FATAL BaseClass - This is a fatal message
2026-09-10 12:01:26 [TestNG-test-OrangeHRM Test 1-3] ERROR BaseClass - This is an error message
2026-09-10 12:01:26 [TestNG-test-OrangeHRM Test 1-3] FATAL BaseClass - This is a fatal message
2026-09-10 13:18:53 [TestNG-test-OrangeHRM Test 1-2] ERROR BaseClass - This is an error message
2026-09-10 13:18:53 [TestNG-test-OrangeHRM Test 1-2] FATAL BaseClass - This is a fatal message
2026-09-10 13:19:27 [TestNG-test-OrangeHRM Test 1-4] ERROR BaseClass - This is an error message
2026-09-10 13:19:27 [TestNG-test-OrangeHRM Test 1-4] FATAL BaseClass - This is a fatal message
2026-09-10 13:19:33 [TestNG-test-OrangeHRM Test 1-3] ERROR BaseClass - This is an error message
2026-09-10 13:19:33 [TestNG-test-OrangeHRM Test 1-3] FATAL BaseClass - This is a fatal message
2026-09-10 13:19:41 [TestNG-test-OrangeHRM Test 1-1] ERROR BaseClass - This is an error message
2026-09-10 13:19:41 [TestNG-test-OrangeHRM Test 1-1] FATAL BaseClass - This is a fatal message
2026-09-10 13:19:46 [TestNG-test-OrangeHRM Test 1-4] ERROR ActionDriver - Unable to describe the element: no such element: Unable to locate element: {"method":"css selector","selector":"*[name='username']"}
  (Session info: chrome=152.0.7977.76)
For documentation on this error, please visit: https://www.selenium.dev/documentation/webdriver/troubleshooting/errors#nosuchelementexception
Build info: version: '4.48.0', revision: '27f5213 27f5213055e28398a5105b7892b7a3bb2012a6ef'
System info: os.name: 'Windows 10', os.arch: 'amd64', os.version: '10.0', java.version: '17'
Driver info: org.openqa.selenium.chrome.ChromeDriver
Command: [3f6d4c35ad8061f23828f83812f2071b, findElement {value=username, using=name}]
Capabilities {acceptInsecureCerts: false, browserName: chrome, browserVersion: 152.0.7977.76, chrome: {chromedriverVersion: 152.0.7977.82 (d04cdb24d67b..., userDataDir: C:\Users\chaker\AppData\Loc...}, fedcm:accounts: true, goog:chromeOptions: {debuggerAddress: localhost:51066}, goog:processID: 20860, networkConnectionEnabled: false, pageLoadStrategy: normal, platformName: windows, proxy: Proxy(), se:cdp: ws://localhost:51066/devtoo..., se:cdpVersion: 152.0.7977.76, setWindowRect: true, strictFileInteractability: false, timeouts: {implicit: 0, pageLoad: 300000, script: 30000}, unhandledPromptBehavior: dismiss and notify, webauthn:extension:credBlob: true, webauthn:extension:largeBlob: true, webauthn:extension:minPinLength: true, webauthn:extension:prf: true, webauthn:virtualAuthenticators: true}
Session ID: 3f6d4c35ad8061f23828f83812f2071b
2026-09-10 13:19:48 [TestNG-test-OrangeHRM Test 1-3] ERROR ActionDriver - Unable to describe the element: no such element: Unable to locate element: {"method":"css selector","selector":"*[name='username']"}
  (Session info: chrome=152.0.7977.76)
For documentation on this error, please visit: https://www.selenium.dev/documentation/webdriver/troubleshooting/errors#nosuchelementexception
Build info: version: '4.48.0', revision: '27f5213 27f5213055e28398a5105b7892b7a3bb2012a6ef'
System info: os.name: 'Windows 10', os.arch: 'amd64', os.version: '10.0', java.version: '17'
Driver info: org.openqa.selenium.chrome.ChromeDriver
Command: [7caeaf662122ea17f48a41721e11b6a3, findElement {value=username, using=name}]
Capabilities {acceptInsecureCerts: false, browserName: chrome, browserVersion: 152.0.7977.76, chrome: {chromedriverVersion: 152.0.7977.82 (d04cdb24d67b..., userDataDir: C:\Users\chaker\AppData\Loc...}, fedcm:accounts: true, goog:chromeOptions: {debuggerAddress: localhost:57125}, goog:processID: 13452, networkConnectionEnabled: false, pageLoadStrategy: normal, platformName: windows, proxy: Proxy(), se:cdp: ws://localhost:57125/devtoo..., se:cdpVersion: 152.0.7977.76, setWindowRect: true, strictFileInteractability: false, timeouts: {implicit: 0, pageLoad: 300000, script: 30000}, unhandledPromptBehavior: dismiss and notify, webauthn:extension:credBlob: true, webauthn:extension:largeBlob: true, webauthn:extension:minPinLength: true, webauthn:extension:prf: true, webauthn:virtualAuthenticators: true}
Session ID: 7caeaf662122ea17f48a41721e11b6a3
2026-09-10 13:20:57 [TestNG-test-OrangeHRM Test 1-4] ERROR ActionDriver - Unable to describe the element: no such element: Unable to locate element: {"method":"xpath","selector":"//div[@class='oxd-brand-banner']//img"}
  (Session info: chrome=152.0.7977.76)
For documentation on this error, please visit: https://www.selenium.dev/documentation/webdriver/troubleshooting/errors#nosuchelementexception
Build info: version: '4.48.0', revision: '27f5213 27f5213055e28398a5105b7892b7a3bb2012a6ef'
System info: os.name: 'Windows 10', os.arch: 'amd64', os.version: '10.0', java.version: '17'
Driver info: org.openqa.selenium.chrome.ChromeDriver
Command: [3f6d4c35ad8061f23828f83812f2071b, findElement {value=//div[@class='oxd-brand-banner']//img, using=xpath}]
Capabilities {acceptInsecureCerts: false, browserName: chrome, browserVersion: 152.0.7977.76, chrome: {chromedriverVersion: 152.0.7977.82 (d04cdb24d67b..., userDataDir: C:\Users\chaker\AppData\Loc...}, fedcm:accounts: true, goog:chromeOptions: {debuggerAddress: localhost:51066}, goog:processID: 20860, networkConnectionEnabled: false, pageLoadStrategy: normal, platformName: windows, proxy: Proxy(), se:cdp: ws://localhost:51066/devtoo..., se:cdpVersion: 152.0.7977.76, setWindowRect: true, strictFileInteractability: false, timeouts: {implicit: 0, pageLoad: 300000, script: 30000}, unhandledPromptBehavior: dismiss and notify, webauthn:extension:credBlob: true, webauthn:extension:largeBlob: true, webauthn:extension:minPinLength: true, webauthn:extension:prf: true, webauthn:virtualAuthenticators: true}
Session ID: 3f6d4c35ad8061f23828f83812f2071b
2026-09-10 13:21:55 [TestNG-test-OrangeHRM Test 1-3] ERROR BaseClass - This is an error message
2026-09-10 13:21:55 [TestNG-test-OrangeHRM Test 1-3] FATAL BaseClass - This is a fatal message
2026-09-10 13:22:12 [TestNG-test-OrangeHRM Test 1-3] ERROR ActionDriver - Unable to describe the element: no such element: Unable to locate element: {"method":"css selector","selector":"body > div:nth-child(3) > div:nth-child(1) > div:nth-child(1) > aside:nth-child(1) > nav:nth-child(1) > div:nth-child(2) > ul:nth-child(2) > li:nth-child(1) > a:nth-child(1) > span:nth-child(2)"}
  (Session info: chrome=152.0.7977.76)
For documentation on this error, please visit: https://www.selenium.dev/documentation/webdriver/troubleshooting/errors#nosuchelementexception
Build info: version: '4.48.0', revision: '27f5213 27f5213055e28398a5105b7892b7a3bb2012a6ef'
System info: os.name: 'Windows 10', os.arch: 'amd64', os.version: '10.0', java.version: '17'
Driver info: org.openqa.selenium.chrome.ChromeDriver
Command: [690cd9264be30382cebf4cffc3cdbbcc, findElement {value=body > div:nth-child(3) > div:nth-child(1) > div:nth-child(1) > aside:nth-child(1) > nav:nth-child(1) > div:nth-child(2) > ul:nth-child(2) > li:nth-child(1) > a:nth-child(1) > span:nth-child(2), using=css selector}]
Capabilities {acceptInsecureCerts: false, browserName: chrome, browserVersion: 152.0.7977.76, chrome: {chromedriverVersion: 152.0.7977.82 (d04cdb24d67b..., userDataDir: C:\Users\chaker\AppData\Loc...}, fedcm:accounts: true, goog:chromeOptions: {debuggerAddress: localhost:61107}, goog:processID: 16784, networkConnectionEnabled: false, pageLoadStrategy: normal, platformName: windows, proxy: Proxy(), se:cdp: ws://localhost:61107/devtoo..., se:cdpVersion: 152.0.7977.76, setWindowRect: true, strictFileInteractability: false, timeouts: {implicit: 0, pageLoad: 300000, script: 30000}, unhandledPromptBehavior: dismiss and notify, webauthn:extension:credBlob: true, webauthn:extension:largeBlob: true, webauthn:extension:minPinLength: true, webauthn:extension:prf: true, webauthn:virtualAuthenticators: true}
Session ID: 690cd9264be30382cebf4cffc3cdbbcc
2026-09-10 13:22:42 [TestNG-test-OrangeHRM Test 1-3] ERROR ActionDriver - This Element is not visible: Expected condition failed: waiting for visibility of element found by By.cssSelector: body > div:nth-child(3) > div:nth-child(1) > div:nth-child(1) > aside:nth-child(1) > nav:nth-child(1) > div:nth-child(2) > ul:nth-child(2) > li:nth-child(1) > a:nth-child(1) > span:nth-child(2), but... org.openqa.selenium.NoSuchElementException: no such element: Unable to locate element: {"method":"css selector","selector":"body > div:nth-child(3) > div:nth-child(1) > div:nth-child(1) > aside:nth-child(1) > nav:nth-child(1) > div:nth-child(2) > ul:nth-child(2) > li:nth-child(1) > a:nth-child(1) > span:nth-child(2)"}.
(tried for 25 seconds with 500 milliseconds interval)
Build info: version: '4.48.0', revision: '27f5213 27f5213055e28398a5105b7892b7a3bb2012a6ef'
System info: os.name: 'Windows 10', os.arch: 'amd64', os.version: '10.0', java.version: '17'
Driver info: org.openqa.selenium.chrome.ChromeDriver
Capabilities {acceptInsecureCerts: false, browserName: chrome, browserVersion: 152.0.7977.76, chrome: {chromedriverVersion: 152.0.7977.82 (d04cdb24d67b..., userDataDir: C:\Users\chaker\AppData\Loc...}, fedcm:accounts: true, goog:chromeOptions: {debuggerAddress: localhost:61107}, goog:processID: 16784, networkConnectionEnabled: false, pageLoadStrategy: normal, platformName: windows, proxy: Proxy(), se:cdp: ws://localhost:61107/devtoo..., se:cdpVersion: 152.0.7977.76, setWindowRect: true, strictFileInteractability: false, timeouts: {implicit: 0, pageLoad: 300000, script: 30000}, unhandledPromptBehavior: dismiss and notify, webauthn:extension:credBlob: true, webauthn:extension:largeBlob: true, webauthn:extension:minPinLength: true, webauthn:extension:prf: true, webauthn:virtualAuthenticators: true}
Session ID: 690cd9264be30382cebf4cffc3cdbbcc
2026-09-10 13:23:12 [TestNG-test-OrangeHRM Test 1-3] ERROR ActionDriver - Error when try to apply color in a border: no such element: Unable to locate element: {"method":"css selector","selector":"body > div:nth-child(3) > div:nth-child(1) > div:nth-child(1) > aside:nth-child(1) > nav:nth-child(1) > div:nth-child(2) > ul:nth-child(2) > li:nth-child(1) > a:nth-child(1) > span:nth-child(2)"}
  (Session info: chrome=152.0.7977.76)
For documentation on this error, please visit: https://www.selenium.dev/documentation/webdriver/troubleshooting/errors#nosuchelementexception
Build info: version: '4.48.0', revision: '27f5213 27f5213055e28398a5105b7892b7a3bb2012a6ef'
System info: os.name: 'Windows 10', os.arch: 'amd64', os.version: '10.0', java.version: '17'
Driver info: org.openqa.selenium.chrome.ChromeDriver
Command: [690cd9264be30382cebf4cffc3cdbbcc, findElement {value=body > div:nth-child(3) > div:nth-child(1) > div:nth-child(1) > aside:nth-child(1) > nav:nth-child(1) > div:nth-child(2) > ul:nth-child(2) > li:nth-child(1) > a:nth-child(1) > span:nth-child(2), using=css selector}]
Capabilities {acceptInsecureCerts: false, browserName: chrome, browserVersion: 152.0.7977.76, chrome: {chromedriverVersion: 152.0.7977.82 (d04cdb24d67b..., userDataDir: C:\Users\chaker\AppData\Loc...}, fedcm:accounts: true, goog:chromeOptions: {debuggerAddress: localhost:61107}, goog:processID: 16784, networkConnectionEnabled: false, pageLoadStrategy: normal, platformName: windows, proxy: Proxy(), se:cdp: ws://localhost:61107/devtoo..., se:cdpVersion: 152.0.7977.76, setWindowRect: true, strictFileInteractability: false, timeouts: {implicit: 0, pageLoad: 300000, script: 30000}, unhandledPromptBehavior: dismiss and notify, webauthn:extension:credBlob: true, webauthn:extension:largeBlob: true, webauthn:extension:minPinLength: true, webauthn:extension:prf: true, webauthn:virtualAuthenticators: true}
Session ID: 690cd9264be30382cebf4cffc3cdbbcc
2026-09-10 13:23:12 [TestNG-test-OrangeHRM Test 1-3] ERROR ActionDriver - Element is not displayed: no such element: Unable to locate element: {"method":"css selector","selector":"body > div:nth-child(3) > div:nth-child(1) > div:nth-child(1) > aside:nth-child(1) > nav:nth-child(1) > div:nth-child(2) > ul:nth-child(2) > li:nth-child(1) > a:nth-child(1) > span:nth-child(2)"}
  (Session info: chrome=152.0.7977.76)
For documentation on this error, please visit: https://www.selenium.dev/documentation/webdriver/troubleshooting/errors#nosuchelementexception
Build info: version: '4.48.0', revision: '27f5213 27f5213055e28398a5105b7892b7a3bb2012a6ef'
System info: os.name: 'Windows 10', os.arch: 'amd64', os.version: '10.0', java.version: '17'
Driver info: org.openqa.selenium.chrome.ChromeDriver
Command: [690cd9264be30382cebf4cffc3cdbbcc, findElement {value=body > div:nth-child(3) > div:nth-child(1) > div:nth-child(1) > aside:nth-child(1) > nav:nth-child(1) > div:nth-child(2) > ul:nth-child(2) > li:nth-child(1) > a:nth-child(1) > span:nth-child(2), using=css selector}]
Capabilities {acceptInsecureCerts: false, browserName: chrome, browserVersion: 152.0.7977.76, chrome: {chromedriverVersion: 152.0.7977.82 (d04cdb24d67b..., userDataDir: C:\Users\chaker\AppData\Loc...}, fedcm:accounts: true, goog:chromeOptions: {debuggerAddress: localhost:61107}, goog:processID: 16784, networkConnectionEnabled: false, pageLoadStrategy: normal, platformName: windows, proxy: Proxy(), se:cdp: ws://localhost:61107/devtoo..., se:cdpVersion: 152.0.7977.76, setWindowRect: true, strictFileInteractability: false, timeouts: {implicit: 0, pageLoad: 300000, script: 30000}, unhandledPromptBehavior: dismiss and notify, webauthn:extension:credBlob: true, webauthn:extension:largeBlob: true, webauthn:extension:minPinLength: true, webauthn:extension:prf: true, webauthn:virtualAuthenticators: true}
Session ID: 690cd9264be30382cebf4cffc3cdbbcc
2026-09-10 13:27:02 [TestNG-test-OrangeHRM Test 1-1] ERROR BaseClass - This is an error message
2026-09-10 13:27:02 [TestNG-test-OrangeHRM Test 1-1] FATAL BaseClass - This is a fatal message
2026-09-10 13:27:11 [TestNG-test-OrangeHRM Test 1-2] ERROR BaseClass - This is an error message
2026-09-10 13:27:11 [TestNG-test-OrangeHRM Test 1-2] FATAL BaseClass - This is a fatal message
2026-09-10 13:27:15 [TestNG-test-OrangeHRM Test 1-3] ERROR BaseClass - This is an error message
2026-09-10 13:27:15 [TestNG-test-OrangeHRM Test 1-3] FATAL BaseClass - This is a fatal message
2026-09-10 13:27:30 [TestNG-test-OrangeHRM Test 1-3] ERROR ActionDriver - Unable to describe the element: no such element: Unable to locate element: {"method":"css selector","selector":"*[name='username']"}
  (Session info: chrome=152.0.7977.76)
For documentation on this error, please visit: https://www.selenium.dev/documentation/webdriver/troubleshooting/errors#nosuchelementexception
Build info: version: '4.48.0', revision: '27f5213 27f5213055e28398a5105b7892b7a3bb2012a6ef'
System info: os.name: 'Windows 10', os.arch: 'amd64', os.version: '10.0', java.version: '17'
Driver info: org.openqa.selenium.chrome.ChromeDriver
Command: [45410d836a250e255124175a6f92b975, findElement {value=username, using=name}]
Capabilities {acceptInsecureCerts: false, browserName: chrome, browserVersion: 152.0.7977.76, chrome: {chromedriverVersion: 152.0.7977.82 (d04cdb24d67b..., userDataDir: C:\Users\chaker\AppData\Loc...}, fedcm:accounts: true, goog:chromeOptions: {debuggerAddress: localhost:63963}, goog:processID: 31388, networkConnectionEnabled: false, pageLoadStrategy: normal, platformName: windows, proxy: Proxy(), se:cdp: ws://localhost:63963/devtoo..., se:cdpVersion: 152.0.7977.76, setWindowRect: true, strictFileInteractability: false, timeouts: {implicit: 0, pageLoad: 300000, script: 30000}, unhandledPromptBehavior: dismiss and notify, webauthn:extension:credBlob: true, webauthn:extension:largeBlob: true, webauthn:extension:minPinLength: true, webauthn:extension:prf: true, webauthn:virtualAuthenticators: true}
Session ID: 45410d836a250e255124175a6f92b975
2026-09-10 13:27:45 [TestNG-test-OrangeHRM Test 1-3] ERROR ActionDriver - Error when try to apply color in a border: no such element: Unable to locate element: {"method":"css selector","selector":"*[name='username']"}
  (Session info: chrome=152.0.7977.76)
For documentation on this error, please visit: https://www.selenium.dev/documentation/webdriver/troubleshooting/errors#nosuchelementexception
Build info: version: '4.48.0', revision: '27f5213 27f5213055e28398a5105b7892b7a3bb2012a6ef'
System info: os.name: 'Windows 10', os.arch: 'amd64', os.version: '10.0', java.version: '17'
Driver info: org.openqa.selenium.chrome.ChromeDriver
Command: [45410d836a250e255124175a6f92b975, findElement {value=username, using=name}]
Capabilities {acceptInsecureCerts: false, browserName: chrome, browserVersion: 152.0.7977.76, chrome: {chromedriverVersion: 152.0.7977.82 (d04cdb24d67b..., userDataDir: C:\Users\chaker\AppData\Loc...}, fedcm:accounts: true, goog:chromeOptions: {debuggerAddress: localhost:63963}, goog:processID: 31388, networkConnectionEnabled: false, pageLoadStrategy: normal, platformName: windows, proxy: Proxy(), se:cdp: ws://localhost:63963/devtoo..., se:cdpVersion: 152.0.7977.76, setWindowRect: true, strictFileInteractability: false, timeouts: {implicit: 0, pageLoad: 300000, script: 30000}, unhandledPromptBehavior: dismiss and notify, webauthn:extension:credBlob: true, webauthn:extension:largeBlob: true, webauthn:extension:minPinLength: true, webauthn:extension:prf: true, webauthn:virtualAuthenticators: true}
Session ID: 45410d836a250e255124175a6f92b975
2026-09-10 13:28:16 [TestNG-test-OrangeHRM Test 1-3] ERROR ActionDriver - This Element is not visible: Expected condition failed: waiting for visibility of element found by By.name: username, but... org.openqa.selenium.NoSuchElementException: no such element: Unable to locate element: {"method":"css selector","selector":"*[name='username']"}.
(tried for 25 seconds with 500 milliseconds interval)
Build info: version: '4.48.0', revision: '27f5213 27f5213055e28398a5105b7892b7a3bb2012a6ef'
System info: os.name: 'Windows 10', os.arch: 'amd64', os.version: '10.0', java.version: '17'
Driver info: org.openqa.selenium.chrome.ChromeDriver
Capabilities {acceptInsecureCerts: false, browserName: chrome, browserVersion: 152.0.7977.76, chrome: {chromedriverVersion: 152.0.7977.82 (d04cdb24d67b..., userDataDir: C:\Users\chaker\AppData\Loc...}, fedcm:accounts: true, goog:chromeOptions: {debuggerAddress: localhost:63963}, goog:processID: 31388, networkConnectionEnabled: false, pageLoadStrategy: normal, platformName: windows, proxy: Proxy(), se:cdp: ws://localhost:63963/devtoo..., se:cdpVersion: 152.0.7977.76, setWindowRect: true, strictFileInteractability: false, timeouts: {implicit: 0, pageLoad: 300000, script: 30000}, unhandledPromptBehavior: dismiss and notify, webauthn:extension:credBlob: true, webauthn:extension:largeBlob: true, webauthn:extension:minPinLength: true, webauthn:extension:prf: true, webauthn:virtualAuthenticators: true}
Session ID: 45410d836a250e255124175a6f92b975
2026-09-10 13:29:13 [TestNG-test-OrangeHRM Test 1-3] ERROR ActionDriver - Element is not entered: no such element: Unable to locate element: {"method":"css selector","selector":"*[name='username']"}
  (Session info: chrome=152.0.7977.76)
For documentation on this error, please visit: https://www.selenium.dev/documentation/webdriver/troubleshooting/errors#nosuchelementexception
Build info: version: '4.48.0', revision: '27f5213 27f5213055e28398a5105b7892b7a3bb2012a6ef'
System info: os.name: 'Windows 10', os.arch: 'amd64', os.version: '10.0', java.version: '17'
Driver info: org.openqa.selenium.chrome.ChromeDriver
Command: [45410d836a250e255124175a6f92b975, findElement {value=username, using=name}]
Capabilities {acceptInsecureCerts: false, browserName: chrome, browserVersion: 152.0.7977.76, chrome: {chromedriverVersion: 152.0.7977.82 (d04cdb24d67b..., userDataDir: C:\Users\chaker\AppData\Loc...}, fedcm:accounts: true, goog:chromeOptions: {debuggerAddress: localhost:63963}, goog:processID: 31388, networkConnectionEnabled: false, pageLoadStrategy: normal, platformName: windows, proxy: Proxy(), se:cdp: ws://localhost:63963/devtoo..., se:cdpVersion: 152.0.7977.76, setWindowRect: true, strictFileInteractability: false, timeouts: {implicit: 0, pageLoad: 300000, script: 30000}, unhandledPromptBehavior: dismiss and notify, webauthn:extension:credBlob: true, webauthn:extension:largeBlob: true, webauthn:extension:minPinLength: true, webauthn:extension:prf: true, webauthn:virtualAuthenticators: true}
Session ID: 45410d836a250e255124175a6f92b975
2026-09-10 13:29:39 [TestNG-test-OrangeHRM Test 1-3] ERROR ActionDriver - This Element is not visible: Expected condition failed: waiting for visibility of element found by By.xpath: //p[@class='oxd-text oxd-text--p oxd-alert-content-text']
(tried for 25 seconds with 500 milliseconds interval)
2026-09-10 13:29:39 [TestNG-test-OrangeHRM Test 1-3] ERROR ActionDriver - Error when try to apply color in a border: no such window: target window already closed
from unknown error: web view not found
  (Session info: chrome=152.0.7977.76)
Build info: version: '4.48.0', revision: '27f5213 27f5213055e28398a5105b7892b7a3bb2012a6ef'
System info: os.name: 'Windows 10', os.arch: 'amd64', os.version: '10.0', java.version: '17'
Driver info: org.openqa.selenium.chrome.ChromeDriver
Command: [45410d836a250e255124175a6f92b975, findElement {value=//p[@class='oxd-text oxd-text--p oxd-alert-content-text'], using=xpath}]
Capabilities {acceptInsecureCerts: false, browserName: chrome, browserVersion: 152.0.7977.76, chrome: {chromedriverVersion: 152.0.7977.82 (d04cdb24d67b..., userDataDir: C:\Users\chaker\AppData\Loc...}, fedcm:accounts: true, goog:chromeOptions: {debuggerAddress: localhost:63963}, goog:processID: 31388, networkConnectionEnabled: false, pageLoadStrategy: normal, platformName: windows, proxy: Proxy(), se:cdp: ws://localhost:63963/devtoo..., se:cdpVersion: 152.0.7977.76, setWindowRect: true, strictFileInteractability: false, timeouts: {implicit: 0, pageLoad: 300000, script: 30000}, unhandledPromptBehavior: dismiss and notify, webauthn:extension:credBlob: true, webauthn:extension:largeBlob: true, webauthn:extension:minPinLength: true, webauthn:extension:prf: true, webauthn:virtualAuthenticators: true}
Session ID: 45410d836a250e255124175a6f92b975
2026-09-10 13:29:39 [TestNG-test-OrangeHRM Test 1-3] ERROR ActionDriver - Element compared is not visible: no such window: target window already closed
from unknown error: web view not found
  (Session info: chrome=152.0.7977.76)
Build info: version: '4.48.0', revision: '27f5213 27f5213055e28398a5105b7892b7a3bb2012a6ef'
System info: os.name: 'Windows 10', os.arch: 'amd64', os.version: '10.0', java.version: '17'
Driver info: org.openqa.selenium.chrome.ChromeDriver
Command: [45410d836a250e255124175a6f92b975, findElement {value=//p[@class='oxd-text oxd-text--p oxd-alert-content-text'], using=xpath}]
Capabilities {acceptInsecureCerts: false, browserName: chrome, browserVersion: 152.0.7977.76, chrome: {chromedriverVersion: 152.0.7977.82 (d04cdb24d67b..., userDataDir: C:\Users\chaker\AppData\Loc...}, fedcm:accounts: true, goog:chromeOptions: {debuggerAddress: localhost:63963}, goog:processID: 31388, networkConnectionEnabled: false, pageLoadStrategy: normal, platformName: windows, proxy: Proxy(), se:cdp: ws://localhost:63963/devtoo..., se:cdpVersion: 152.0.7977.76, setWindowRect: true, strictFileInteractability: false, timeouts: {implicit: 0, pageLoad: 300000, script: 30000}, unhandledPromptBehavior: dismiss and notify, webauthn:extension:credBlob: true, webauthn:extension:largeBlob: true, webauthn:extension:minPinLength: true, webauthn:extension:prf: true, webauthn:virtualAuthenticators: true}
Session ID: 45410d836a250e255124175a6f92b975
2026-09-10 13:30:23 [TestNG-test-OrangeHRM Test 1-3] ERROR BaseClass - This is an error message
2026-09-10 13:30:23 [TestNG-test-OrangeHRM Test 1-3] FATAL BaseClass - This is a fatal message
2026-09-10 13:31:21 [TestNG-test-OrangeHRM Test 1-3] ERROR ActionDriver - Unable to describe the element: no such element: Unable to locate element: {"method":"css selector","selector":"body > div:nth-child(3) > div:nth-child(1) > div:nth-child(1) > aside:nth-child(1) > nav:nth-child(1) > div:nth-child(2) > ul:nth-child(2) > li:nth-child(1) > a:nth-child(1) > span:nth-child(2)"}
  (Session info: chrome=152.0.7977.76)
For documentation on this error, please visit: https://www.selenium.dev/documentation/webdriver/troubleshooting/errors#nosuchelementexception
Build info: version: '4.48.0', revision: '27f5213 27f5213055e28398a5105b7892b7a3bb2012a6ef'
System info: os.name: 'Windows 10', os.arch: 'amd64', os.version: '10.0', java.version: '17'
Driver info: org.openqa.selenium.chrome.ChromeDriver
Command: [74cdee3d91986bec10eec4543897609f, findElement {value=body > div:nth-child(3) > div:nth-child(1) > div:nth-child(1) > aside:nth-child(1) > nav:nth-child(1) > div:nth-child(2) > ul:nth-child(2) > li:nth-child(1) > a:nth-child(1) > span:nth-child(2), using=css selector}]
Capabilities {acceptInsecureCerts: false, browserName: chrome, browserVersion: 152.0.7977.76, chrome: {chromedriverVersion: 152.0.7977.82 (d04cdb24d67b..., userDataDir: C:\Users\chaker\AppData\Loc...}, fedcm:accounts: true, goog:chromeOptions: {debuggerAddress: localhost:65378}, goog:processID: 35272, networkConnectionEnabled: false, pageLoadStrategy: normal, platformName: windows, proxy: Proxy(), se:cdp: ws://localhost:65378/devtoo..., se:cdpVersion: 152.0.7977.76, setWindowRect: true, strictFileInteractability: false, timeouts: {implicit: 0, pageLoad: 300000, script: 30000}, unhandledPromptBehavior: dismiss and notify, webauthn:extension:credBlob: true, webauthn:extension:largeBlob: true, webauthn:extension:minPinLength: true, webauthn:extension:prf: true, webauthn:virtualAuthenticators: true}
Session ID: 74cdee3d91986bec10eec4543897609f
2026-09-10 13:40:48 [TestNG-test-OrangeHRM Test 1-2] ERROR BaseClass - This is an error message
2026-09-10 13:40:48 [TestNG-test-OrangeHRM Test 1-2] FATAL BaseClass - This is a fatal message
2026-09-10 13:40:50 [TestNG-test-OrangeHRM Test 1-3] ERROR BaseClass - This is an error message
2026-09-10 13:40:50 [TestNG-test-OrangeHRM Test 1-3] FATAL BaseClass - This is a fatal message
2026-09-10 13:41:05 [TestNG-test-OrangeHRM Test 1-3] ERROR ActionDriver - Unable to describe the element: no such element: Unable to locate element: {"method":"css selector","selector":"*[name='username']"}
  (Session info: chrome=152.0.7977.76)
For documentation on this error, please visit: https://www.selenium.dev/documentation/webdriver/troubleshooting/errors#nosuchelementexception
Build info: version: '4.48.0', revision: '27f5213 27f5213055e28398a5105b7892b7a3bb2012a6ef'
System info: os.name: 'Windows 10', os.arch: 'amd64', os.version: '10.0', java.version: '17'
Driver info: org.openqa.selenium.chrome.ChromeDriver
Command: [c4eaafa3f0fb53e7476bd0fa0d7837da, findElement {using=name, value=username}]
Capabilities {acceptInsecureCerts: false, browserName: chrome, browserVersion: 152.0.7977.76, chrome: {chromedriverVersion: 152.0.7977.82 (d04cdb24d67b..., userDataDir: C:\Users\chaker\AppData\Loc...}, fedcm:accounts: true, goog:chromeOptions: {debuggerAddress: localhost:58103}, goog:processID: 35052, networkConnectionEnabled: false, pageLoadStrategy: normal, platformName: windows, proxy: Proxy(), se:cdp: ws://localhost:58103/devtoo..., se:cdpVersion: 152.0.7977.76, setWindowRect: true, strictFileInteractability: false, timeouts: {implicit: 0, pageLoad: 300000, script: 30000}, unhandledPromptBehavior: dismiss and notify, webauthn:extension:credBlob: true, webauthn:extension:largeBlob: true, webauthn:extension:minPinLength: true, webauthn:extension:prf: true, webauthn:virtualAuthenticators: true}
Session ID: c4eaafa3f0fb53e7476bd0fa0d7837da
2026-09-10 13:41:18 [TestNG-test-OrangeHRM Test 1-1] ERROR BaseClass - This is an error message
2026-09-10 13:41:18 [TestNG-test-OrangeHRM Test 1-1] FATAL BaseClass - This is a fatal message
2026-09-10 14:23:15 [main] ERROR BaseClass - This is an error message
2026-09-10 14:23:15 [main] FATAL BaseClass - This is a fatal message
2026-09-10 14:31:23 [main] ERROR BaseClass - This is an error message
2026-09-10 14:31:23 [main] FATAL BaseClass - This is a fatal message
2026-09-10 14:32:43 [TestNG-test-OrangeHRM Test 1-1] ERROR BaseClass - This is an error message
2026-09-10 14:32:43 [TestNG-test-OrangeHRM Test 1-1] FATAL BaseClass - This is a fatal message
2026-09-10 14:33:09 [TestNG-test-OrangeHRM Test 1-1] ERROR BaseClass - This is an error message
2026-09-10 14:33:09 [TestNG-test-OrangeHRM Test 1-1] FATAL BaseClass - This is a fatal message
2026-09-10 15:37:48 [main] ERROR BaseClass - This is an error message
2026-09-10 15:37:48 [main] FATAL BaseClass - This is a fatal message
2026-09-10 15:39:19 [main] ERROR BaseClass - This is an error message
2026-09-10 15:39:19 [main] FATAL BaseClass - This is a fatal message
2026-09-10 15:41:21 [TestNG-test-OrangeHRM Test 1-1] ERROR BaseClass - This is an error message
2026-09-10 15:41:21 [TestNG-test-OrangeHRM Test 1-1] FATAL BaseClass - This is a fatal message
2026-09-10 15:42:27 [TestNG-test-OrangeHRM Test 1-1] ERROR ActionDriver - This Element is not visible: Expected condition failed: waiting for visibility of element found by By.xpath: //p[@class='oxd-text oxd-text--p oxd-alert-content-text'], but... org.openqa.selenium.NoSuchElementException: no such element: Unable to locate element: {"method":"xpath","selector":"//p[@class='oxd-text oxd-text--p oxd-alert-content-text']"}.
(tried for 25 seconds with 500 milliseconds interval)
Build info: version: '4.48.0', revision: '27f5213 27f5213055e28398a5105b7892b7a3bb2012a6ef'
System info: os.name: 'Windows 10', os.arch: 'amd64', os.version: '10.0', java.version: '17'
Driver info: org.openqa.selenium.chrome.ChromeDriver
Capabilities {acceptInsecureCerts: false, browserName: chrome, browserVersion: 152.0.7977.84, chrome: {chromedriverVersion: 152.0.7977.82 (d04cdb24d67b..., userDataDir: C:\Users\chaker\AppData\Loc...}, fedcm:accounts: true, goog:chromeOptions: {debuggerAddress: localhost:52922}, goog:processID: 18860, networkConnectionEnabled: false, pageLoadStrategy: normal, platformName: windows, proxy: Proxy(), se:cdp: ws://localhost:52922/devtoo..., se:cdpVersion: 152.0.7977.84, setWindowRect: true, strictFileInteractability: false, timeouts: {implicit: 0, pageLoad: 300000, script: 30000}, unhandledPromptBehavior: dismiss and notify, webauthn:extension:credBlob: true, webauthn:extension:largeBlob: true, webauthn:extension:minPinLength: true, webauthn:extension:prf: true, webauthn:virtualAuthenticators: true}
Session ID: 0981bd138b32a9b95096aadbbdcefc24
2026-09-10 15:42:57 [TestNG-test-OrangeHRM Test 1-1] ERROR ActionDriver - Error when try to apply color in a border: no such element: Unable to locate element: {"method":"xpath","selector":"//p[@class='oxd-text oxd-text--p oxd-alert-content-text']"}
  (Session info: chrome=152.0.7977.84)
For documentation on this error, please visit: https://www.selenium.dev/documentation/webdriver/troubleshooting/errors#nosuchelementexception
Build info: version: '4.48.0', revision: '27f5213 27f5213055e28398a5105b7892b7a3bb2012a6ef'
System info: os.name: 'Windows 10', os.arch: 'amd64', os.version: '10.0', java.version: '17'
Driver info: org.openqa.selenium.chrome.ChromeDriver
Command: [0981bd138b32a9b95096aadbbdcefc24, findElement {value=//p[@class='oxd-text oxd-text--p oxd-alert-content-text'], using=xpath}]
Capabilities {acceptInsecureCerts: false, browserName: chrome, browserVersion: 152.0.7977.84, chrome: {chromedriverVersion: 152.0.7977.82 (d04cdb24d67b..., userDataDir: C:\Users\chaker\AppData\Loc...}, fedcm:accounts: true, goog:chromeOptions: {debuggerAddress: localhost:52922}, goog:processID: 18860, networkConnectionEnabled: false, pageLoadStrategy: normal, platformName: windows, proxy: Proxy(), se:cdp: ws://localhost:52922/devtoo..., se:cdpVersion: 152.0.7977.84, setWindowRect: true, strictFileInteractability: false, timeouts: {implicit: 0, pageLoad: 300000, script: 30000}, unhandledPromptBehavior: dismiss and notify, webauthn:extension:credBlob: true, webauthn:extension:largeBlob: true, webauthn:extension:minPinLength: true, webauthn:extension:prf: true, webauthn:virtualAuthenticators: true}
Session ID: 0981bd138b32a9b95096aadbbdcefc24
2026-09-10 15:42:57 [TestNG-test-OrangeHRM Test 1-1] ERROR ActionDriver - Element compared is not visible: no such element: Unable to locate element: {"method":"xpath","selector":"//p[@class='oxd-text oxd-text--p oxd-alert-content-text']"}
  (Session info: chrome=152.0.7977.84)
For documentation on this error, please visit: https://www.selenium.dev/documentation/webdriver/troubleshooting/errors#nosuchelementexception
Build info: version: '4.48.0', revision: '27f5213 27f5213055e28398a5105b7892b7a3bb2012a6ef'
System info: os.name: 'Windows 10', os.arch: 'amd64', os.version: '10.0', java.version: '17'
Driver info: org.openqa.selenium.chrome.ChromeDriver
Command: [0981bd138b32a9b95096aadbbdcefc24, findElement {value=//p[@class='oxd-text oxd-text--p oxd-alert-content-text'], using=xpath}]
Capabilities {acceptInsecureCerts: false, browserName: chrome, browserVersion: 152.0.7977.84, chrome: {chromedriverVersion: 152.0.7977.82 (d04cdb24d67b..., userDataDir: C:\Users\chaker\AppData\Loc...}, fedcm:accounts: true, goog:chromeOptions: {debuggerAddress: localhost:52922}, goog:processID: 18860, networkConnectionEnabled: false, pageLoadStrategy: normal, platformName: windows, proxy: Proxy(), se:cdp: ws://localhost:52922/devtoo..., se:cdpVersion: 152.0.7977.84, setWindowRect: true, strictFileInteractability: false, timeouts: {implicit: 0, pageLoad: 300000, script: 30000}, unhandledPromptBehavior: dismiss and notify, webauthn:extension:credBlob: true, webauthn:extension:largeBlob: true, webauthn:extension:minPinLength: true, webauthn:extension:prf: true, webauthn:virtualAuthenticators: true}
Session ID: 0981bd138b32a9b95096aadbbdcefc24
2026-09-10 15:43:51 [TestNG-test-OrangeHRM Test 1-1] ERROR BaseClass - This is an error message
2026-09-10 15:43:51 [TestNG-test-OrangeHRM Test 1-1] FATAL BaseClass - This is a fatal message
2026-09-10 15:44:58 [TestNG-test-OrangeHRM Test 1-1] ERROR BaseClass - This is an error message
2026-09-10 15:44:58 [TestNG-test-OrangeHRM Test 1-1] FATAL BaseClass - This is a fatal message
2026-09-10 15:45:41 [TestNG-test-OrangeHRM Test 1-1] ERROR ActionDriver - This Element is not visible: invalid session id: session deleted as the browser has closed the connection
from disconnected: unable to send message to renderer
  (Session info: chrome=152.0.7977.84)
Build info: version: '4.48.0', revision: '27f5213 27f5213055e28398a5105b7892b7a3bb2012a6ef'
System info: os.name: 'Windows 10', os.arch: 'amd64', os.version: '10.0', java.version: '17'
Driver info: org.openqa.selenium.chrome.ChromeDriver
Command: [ffc33b33fb6c1932ce7d42a8f8044406, findElement {value=//p[@class='oxd-text oxd-text--p oxd-alert-content-text'], using=xpath}]
Capabilities {acceptInsecureCerts: false, browserName: chrome, browserVersion: 152.0.7977.84, chrome: {chromedriverVersion: 152.0.7977.82 (d04cdb24d67b..., userDataDir: C:\Users\chaker\AppData\Loc...}, fedcm:accounts: true, goog:chromeOptions: {debuggerAddress: localhost:54901}, goog:processID: 15932, networkConnectionEnabled: false, pageLoadStrategy: normal, platformName: windows, proxy: Proxy(), se:cdp: ws://localhost:54901/devtoo..., se:cdpVersion: 152.0.7977.84, setWindowRect: true, strictFileInteractability: false, timeouts: {implicit: 0, pageLoad: 300000, script: 30000}, unhandledPromptBehavior: dismiss and notify, webauthn:extension:credBlob: true, webauthn:extension:largeBlob: true, webauthn:extension:minPinLength: true, webauthn:extension:prf: true, webauthn:virtualAuthenticators: true}
Session ID: ffc33b33fb6c1932ce7d42a8f8044406
2026-09-10 15:45:41 [TestNG-test-OrangeHRM Test 1-1] ERROR ActionDriver - Error when try to apply color in a border: invalid session id
Build info: version: '4.48.0', revision: '27f5213 27f5213055e28398a5105b7892b7a3bb2012a6ef'
System info: os.name: 'Windows 10', os.arch: 'amd64', os.version: '10.0', java.version: '17'
Driver info: org.openqa.selenium.chrome.ChromeDriver
Command: [ffc33b33fb6c1932ce7d42a8f8044406, findElement {value=//p[@class='oxd-text oxd-text--p oxd-alert-content-text'], using=xpath}]
Capabilities {acceptInsecureCerts: false, browserName: chrome, browserVersion: 152.0.7977.84, chrome: {chromedriverVersion: 152.0.7977.82 (d04cdb24d67b..., userDataDir: C:\Users\chaker\AppData\Loc...}, fedcm:accounts: true, goog:chromeOptions: {debuggerAddress: localhost:54901}, goog:processID: 15932, networkConnectionEnabled: false, pageLoadStrategy: normal, platformName: windows, proxy: Proxy(), se:cdp: ws://localhost:54901/devtoo..., se:cdpVersion: 152.0.7977.84, setWindowRect: true, strictFileInteractability: false, timeouts: {implicit: 0, pageLoad: 300000, script: 30000}, unhandledPromptBehavior: dismiss and notify, webauthn:extension:credBlob: true, webauthn:extension:largeBlob: true, webauthn:extension:minPinLength: true, webauthn:extension:prf: true, webauthn:virtualAuthenticators: true}
Session ID: ffc33b33fb6c1932ce7d42a8f8044406
2026-09-10 15:45:41 [TestNG-test-OrangeHRM Test 1-1] ERROR ActionDriver - Element compared is not visible: invalid session id
Build info: version: '4.48.0', revision: '27f5213 27f5213055e28398a5105b7892b7a3bb2012a6ef'
System info: os.name: 'Windows 10', os.arch: 'amd64', os.version: '10.0', java.version: '17'
Driver info: org.openqa.selenium.chrome.ChromeDriver
Command: [ffc33b33fb6c1932ce7d42a8f8044406, findElement {value=//p[@class='oxd-text oxd-text--p oxd-alert-content-text'], using=xpath}]
Capabilities {acceptInsecureCerts: false, browserName: chrome, browserVersion: 152.0.7977.84, chrome: {chromedriverVersion: 152.0.7977.82 (d04cdb24d67b..., userDataDir: C:\Users\chaker\AppData\Loc...}, fedcm:accounts: true, goog:chromeOptions: {debuggerAddress: localhost:54901}, goog:processID: 15932, networkConnectionEnabled: false, pageLoadStrategy: normal, platformName: windows, proxy: Proxy(), se:cdp: ws://localhost:54901/devtoo..., se:cdpVersion: 152.0.7977.84, setWindowRect: true, strictFileInteractability: false, timeouts: {implicit: 0, pageLoad: 300000, script: 30000}, unhandledPromptBehavior: dismiss and notify, webauthn:extension:credBlob: true, webauthn:extension:largeBlob: true, webauthn:extension:minPinLength: true, webauthn:extension:prf: true, webauthn:virtualAuthenticators: true}
Session ID: ffc33b33fb6c1932ce7d42a8f8044406
2026-09-10 15:47:59 [TestNG-test-OrangeHRM Test 1-1] ERROR BaseClass - This is an error message
2026-09-10 15:47:59 [TestNG-test-OrangeHRM Test 1-1] FATAL BaseClass - This is a fatal message
2026-09-10 15:49:31 [TestNG-test-OrangeHRM Test 1-1] ERROR BaseClass - This is an error message
2026-09-10 15:49:31 [TestNG-test-OrangeHRM Test 1-1] FATAL BaseClass - This is a fatal message
2026-09-10 17:01:27 [TestNG-test-OrangeHRM Test 1-2] ERROR BaseClass - This is an error message
2026-09-10 17:01:27 [TestNG-test-OrangeHRM Test 1-2] FATAL BaseClass - This is a fatal message
2026-09-10 17:01:27 [TestNG-test-OrangeHRM Test 1-1] ERROR BaseClass - This is an error message
2026-09-10 17:01:27 [TestNG-test-OrangeHRM Test 1-1] FATAL BaseClass - This is a fatal message
2026-09-10 17:01:47 [TestNG-test-OrangeHRM Test 1-1] ERROR BaseClass - This is an error message
2026-09-10 17:01:47 [TestNG-test-OrangeHRM Test 1-1] FATAL BaseClass - This is a fatal message
2026-09-11 12:21:21 [TestNG-test-OrangeHRM Test 1-1] ERROR BaseClass - This is an error message
2026-09-11 12:21:21 [TestNG-test-OrangeHRM Test 1-1] FATAL BaseClass - This is a fatal message
2026-09-11 12:21:46 [TestNG-test-OrangeHRM Test 1-1] ERROR ActionDriver - Unable to describe the element: no such element: Unable to locate element: {"method":"xpath","selector":"//button[normalize-space(text())='Search']"}
  (Session info: chrome=152.0.7977.84)
For documentation on this error, please visit: https://www.selenium.dev/documentation/webdriver/troubleshooting/errors#nosuchelementexception
Build info: version: '4.49.0', revision: 'bedb24f bedb24f6f703876e7e4c5d506f0d697eb358c720'
System info: os.name: 'Windows 10', os.arch: 'amd64', os.version: '10.0', java.version: '17'
Driver info: org.openqa.selenium.chrome.ChromeDriver
Command: [e19727c09af3cbae7dbc8ae0abf33cc7, findElement {using=xpath, value=//button[normalize-space(text())='Search']}]
Capabilities {acceptInsecureCerts: false, browserName: chrome, browserVersion: 152.0.7977.84, chrome: {chromedriverVersion: 152.0.7977.82 (d04cdb24d67b..., userDataDir: C:\Users\chaker\AppData\Loc...}, fedcm:accounts: true, goog:chromeOptions: {debuggerAddress: localhost:60020}, goog:processID: 13892, networkConnectionEnabled: false, pageLoadStrategy: normal, platformName: windows, proxy: Proxy(), se:cdp: ws://localhost:60020/devtoo..., se:cdpVersion: 152.0.7977.84, setWindowRect: true, strictFileInteractability: false, timeouts: {implicit: 0, pageLoad: 300000, script: 30000}, unhandledPromptBehavior: dismiss and notify, webauthn:extension:credBlob: true, webauthn:extension:largeBlob: true, webauthn:extension:minPinLength: true, webauthn:extension:prf: true, webauthn:virtualAuthenticators: true}
Session ID: e19727c09af3cbae7dbc8ae0abf33cc7
2026-09-11 12:22:01 [TestNG-test-OrangeHRM Test 1-1] ERROR ActionDriver - Error when try to apply color in a border: no such element: Unable to locate element: {"method":"xpath","selector":"//button[normalize-space(text())='Search']"}
  (Session info: chrome=152.0.7977.84)
For documentation on this error, please visit: https://www.selenium.dev/documentation/webdriver/troubleshooting/errors#nosuchelementexception
Build info: version: '4.49.0', revision: 'bedb24f bedb24f6f703876e7e4c5d506f0d697eb358c720'
System info: os.name: 'Windows 10', os.arch: 'amd64', os.version: '10.0', java.version: '17'
Driver info: org.openqa.selenium.chrome.ChromeDriver
Command: [e19727c09af3cbae7dbc8ae0abf33cc7, findElement {using=xpath, value=//button[normalize-space(text())='Search']}]
Capabilities {acceptInsecureCerts: false, browserName: chrome, browserVersion: 152.0.7977.84, chrome: {chromedriverVersion: 152.0.7977.82 (d04cdb24d67b..., userDataDir: C:\Users\chaker\AppData\Loc...}, fedcm:accounts: true, goog:chromeOptions: {debuggerAddress: localhost:60020}, goog:processID: 13892, networkConnectionEnabled: false, pageLoadStrategy: normal, platformName: windows, proxy: Proxy(), se:cdp: ws://localhost:60020/devtoo..., se:cdpVersion: 152.0.7977.84, setWindowRect: true, strictFileInteractability: false, timeouts: {implicit: 0, pageLoad: 300000, script: 30000}, unhandledPromptBehavior: dismiss and notify, webauthn:extension:credBlob: true, webauthn:extension:largeBlob: true, webauthn:extension:minPinLength: true, webauthn:extension:prf: true, webauthn:virtualAuthenticators: true}
Session ID: e19727c09af3cbae7dbc8ae0abf33cc7
2026-09-11 12:22:31 [TestNG-test-OrangeHRM Test 1-1] ERROR ActionDriver - This Element is not clickable: Expected condition failed: waiting for element found by By.xpath: //button[normalize-space(text())='Search'] to be clickable, but the element was not found: org.openqa.selenium.NoSuchElementException: no such element: Unable to locate element: {"method":"xpath","selector":"//button[normalize-space(text())='Search']"}.
(tried for 25 seconds with 500 milliseconds interval)
Build info: version: '4.49.0', revision: 'bedb24f bedb24f6f703876e7e4c5d506f0d697eb358c720'
System info: os.name: 'Windows 10', os.arch: 'amd64', os.version: '10.0', java.version: '17'
Driver info: org.openqa.selenium.chrome.ChromeDriver
Capabilities {acceptInsecureCerts: false, browserName: chrome, browserVersion: 152.0.7977.84, chrome: {chromedriverVersion: 152.0.7977.82 (d04cdb24d67b..., userDataDir: C:\Users\chaker\AppData\Loc...}, fedcm:accounts: true, goog:chromeOptions: {debuggerAddress: localhost:60020}, goog:processID: 13892, networkConnectionEnabled: false, pageLoadStrategy: normal, platformName: windows, proxy: Proxy(), se:cdp: ws://localhost:60020/devtoo..., se:cdpVersion: 152.0.7977.84, setWindowRect: true, strictFileInteractability: false, timeouts: {implicit: 0, pageLoad: 300000, script: 30000}, unhandledPromptBehavior: dismiss and notify, webauthn:extension:credBlob: true, webauthn:extension:largeBlob: true, webauthn:extension:minPinLength: true, webauthn:extension:prf: true, webauthn:virtualAuthenticators: true}
Session ID: e19727c09af3cbae7dbc8ae0abf33cc7
2026-09-11 12:23:01 [TestNG-test-OrangeHRM Test 1-1] ERROR ActionDriver - Error when try to apply color in a border: no such element: Unable to locate element: {"method":"xpath","selector":"//button[normalize-space(text())='Search']"}
  (Session info: chrome=152.0.7977.84)
For documentation on this error, please visit: https://www.selenium.dev/documentation/webdriver/troubleshooting/errors#nosuchelementexception
Build info: version: '4.49.0', revision: 'bedb24f bedb24f6f703876e7e4c5d506f0d697eb358c720'
System info: os.name: 'Windows 10', os.arch: 'amd64', os.version: '10.0', java.version: '17'
Driver info: org.openqa.selenium.chrome.ChromeDriver
Command: [e19727c09af3cbae7dbc8ae0abf33cc7, findElement {using=xpath, value=//button[normalize-space(text())='Search']}]
Capabilities {acceptInsecureCerts: false, browserName: chrome, browserVersion: 152.0.7977.84, chrome: {chromedriverVersion: 152.0.7977.82 (d04cdb24d67b..., userDataDir: C:\Users\chaker\AppData\Loc...}, fedcm:accounts: true, goog:chromeOptions: {debuggerAddress: localhost:60020}, goog:processID: 13892, networkConnectionEnabled: false, pageLoadStrategy: normal, platformName: windows, proxy: Proxy(), se:cdp: ws://localhost:60020/devtoo..., se:cdpVersion: 152.0.7977.84, setWindowRect: true, strictFileInteractability: false, timeouts: {implicit: 0, pageLoad: 300000, script: 30000}, unhandledPromptBehavior: dismiss and notify, webauthn:extension:credBlob: true, webauthn:extension:largeBlob: true, webauthn:extension:minPinLength: true, webauthn:extension:prf: true, webauthn:virtualAuthenticators: true}
Session ID: e19727c09af3cbae7dbc8ae0abf33cc7
2026-09-11 12:23:02 [TestNG-test-OrangeHRM Test 1-1] ERROR ActionDriver - Element is not clickable: no such element: Unable to locate element: {"method":"xpath","selector":"//button[normalize-space(text())='Search']"}
  (Session info: chrome=152.0.7977.84)
For documentation on this error, please visit: https://www.selenium.dev/documentation/webdriver/troubleshooting/errors#nosuchelementexception
Build info: version: '4.49.0', revision: 'bedb24f bedb24f6f703876e7e4c5d506f0d697eb358c720'
System info: os.name: 'Windows 10', os.arch: 'amd64', os.version: '10.0', java.version: '17'
Driver info: org.openqa.selenium.chrome.ChromeDriver
Command: [e19727c09af3cbae7dbc8ae0abf33cc7, findElement {using=xpath, value=//button[normalize-space(text())='Search']}]
Capabilities {acceptInsecureCerts: false, browserName: chrome, browserVersion: 152.0.7977.84, chrome: {chromedriverVersion: 152.0.7977.82 (d04cdb24d67b..., userDataDir: C:\Users\chaker\AppData\Loc...}, fedcm:accounts: true, goog:chromeOptions: {debuggerAddress: localhost:60020}, goog:processID: 13892, networkConnectionEnabled: false, pageLoadStrategy: normal, platformName: windows, proxy: Proxy(), se:cdp: ws://localhost:60020/devtoo..., se:cdpVersion: 152.0.7977.84, setWindowRect: true, strictFileInteractability: false, timeouts: {implicit: 0, pageLoad: 300000, script: 30000}, unhandledPromptBehavior: dismiss and notify, webauthn:extension:credBlob: true, webauthn:extension:largeBlob: true, webauthn:extension:minPinLength: true, webauthn:extension:prf: true, webauthn:virtualAuthenticators: true}
Session ID: e19727c09af3cbae7dbc8ae0abf33cc7
2026-09-11 12:24:20 [TestNG-test-OrangeHRM Test 1-1] ERROR BaseClass - This is an error message
2026-09-11 12:24:20 [TestNG-test-OrangeHRM Test 1-1] FATAL BaseClass - This is a fatal message
2026-09-11 12:24:44 [TestNG-test-OrangeHRM Test 1-1] ERROR ActionDriver - Unable to describe the element: no such element: Unable to locate element: {"method":"xpath","selector":"//button[type='submit']"}
  (Session info: chrome=152.0.7977.84)
For documentation on this error, please visit: https://www.selenium.dev/documentation/webdriver/troubleshooting/errors#nosuchelementexception
Build info: version: '4.49.0', revision: 'bedb24f bedb24f6f703876e7e4c5d506f0d697eb358c720'
System info: os.name: 'Windows 10', os.arch: 'amd64', os.version: '10.0', java.version: '17'
Driver info: org.openqa.selenium.chrome.ChromeDriver
Command: [f96455080000dace4d9f43e73b443cf8, findElement {value=//button[type='submit'], using=xpath}]
Capabilities {acceptInsecureCerts: false, browserName: chrome, browserVersion: 152.0.7977.84, chrome: {chromedriverVersion: 152.0.7977.82 (d04cdb24d67b..., userDataDir: C:\Users\chaker\AppData\Loc...}, fedcm:accounts: true, goog:chromeOptions: {debuggerAddress: localhost:55602}, goog:processID: 3628, networkConnectionEnabled: false, pageLoadStrategy: normal, platformName: windows, proxy: Proxy(), se:cdp: ws://localhost:55602/devtoo..., se:cdpVersion: 152.0.7977.84, setWindowRect: true, strictFileInteractability: false, timeouts: {implicit: 0, pageLoad: 300000, script: 30000}, unhandledPromptBehavior: dismiss and notify, webauthn:extension:credBlob: true, webauthn:extension:largeBlob: true, webauthn:extension:minPinLength: true, webauthn:extension:prf: true, webauthn:virtualAuthenticators: true}
Session ID: f96455080000dace4d9f43e73b443cf8
2026-09-11 12:24:59 [TestNG-test-OrangeHRM Test 1-1] ERROR ActionDriver - Error when try to apply color in a border: no such element: Unable to locate element: {"method":"xpath","selector":"//button[type='submit']"}
  (Session info: chrome=152.0.7977.84)
For documentation on this error, please visit: https://www.selenium.dev/documentation/webdriver/troubleshooting/errors#nosuchelementexception
Build info: version: '4.49.0', revision: 'bedb24f bedb24f6f703876e7e4c5d506f0d697eb358c720'
System info: os.name: 'Windows 10', os.arch: 'amd64', os.version: '10.0', java.version: '17'
Driver info: org.openqa.selenium.chrome.ChromeDriver
Command: [f96455080000dace4d9f43e73b443cf8, findElement {value=//button[type='submit'], using=xpath}]
Capabilities {acceptInsecureCerts: false, browserName: chrome, browserVersion: 152.0.7977.84, chrome: {chromedriverVersion: 152.0.7977.82 (d04cdb24d67b..., userDataDir: C:\Users\chaker\AppData\Loc...}, fedcm:accounts: true, goog:chromeOptions: {debuggerAddress: localhost:55602}, goog:processID: 3628, networkConnectionEnabled: false, pageLoadStrategy: normal, platformName: windows, proxy: Proxy(), se:cdp: ws://localhost:55602/devtoo..., se:cdpVersion: 152.0.7977.84, setWindowRect: true, strictFileInteractability: false, timeouts: {implicit: 0, pageLoad: 300000, script: 30000}, unhandledPromptBehavior: dismiss and notify, webauthn:extension:credBlob: true, webauthn:extension:largeBlob: true, webauthn:extension:minPinLength: true, webauthn:extension:prf: true, webauthn:virtualAuthenticators: true}
Session ID: f96455080000dace4d9f43e73b443cf8
2026-09-11 12:25:30 [TestNG-test-OrangeHRM Test 1-1] ERROR ActionDriver - This Element is not clickable: Expected condition failed: waiting for element found by By.xpath: //button[type='submit'] to be clickable, but the element was not found: org.openqa.selenium.NoSuchElementException: no such element: Unable to locate element: {"method":"xpath","selector":"//button[type='submit']"}.
(tried for 25 seconds with 500 milliseconds interval)
Build info: version: '4.49.0', revision: 'bedb24f bedb24f6f703876e7e4c5d506f0d697eb358c720'
System info: os.name: 'Windows 10', os.arch: 'amd64', os.version: '10.0', java.version: '17'
Driver info: org.openqa.selenium.chrome.ChromeDriver
Capabilities {acceptInsecureCerts: false, browserName: chrome, browserVersion: 152.0.7977.84, chrome: {chromedriverVersion: 152.0.7977.82 (d04cdb24d67b..., userDataDir: C:\Users\chaker\AppData\Loc...}, fedcm:accounts: true, goog:chromeOptions: {debuggerAddress: localhost:55602}, goog:processID: 3628, networkConnectionEnabled: false, pageLoadStrategy: normal, platformName: windows, proxy: Proxy(), se:cdp: ws://localhost:55602/devtoo..., se:cdpVersion: 152.0.7977.84, setWindowRect: true, strictFileInteractability: false, timeouts: {implicit: 0, pageLoad: 300000, script: 30000}, unhandledPromptBehavior: dismiss and notify, webauthn:extension:credBlob: true, webauthn:extension:largeBlob: true, webauthn:extension:minPinLength: true, webauthn:extension:prf: true, webauthn:virtualAuthenticators: true}
Session ID: f96455080000dace4d9f43e73b443cf8
2026-09-11 12:26:00 [TestNG-test-OrangeHRM Test 1-1] ERROR ActionDriver - Error when try to apply color in a border: no such element: Unable to locate element: {"method":"xpath","selector":"//button[type='submit']"}
  (Session info: chrome=152.0.7977.84)
For documentation on this error, please visit: https://www.selenium.dev/documentation/webdriver/troubleshooting/errors#nosuchelementexception
Build info: version: '4.49.0', revision: 'bedb24f bedb24f6f703876e7e4c5d506f0d697eb358c720'
System info: os.name: 'Windows 10', os.arch: 'amd64', os.version: '10.0', java.version: '17'
Driver info: org.openqa.selenium.chrome.ChromeDriver
Command: [f96455080000dace4d9f43e73b443cf8, findElement {value=//button[type='submit'], using=xpath}]
Capabilities {acceptInsecureCerts: false, browserName: chrome, browserVersion: 152.0.7977.84, chrome: {chromedriverVersion: 152.0.7977.82 (d04cdb24d67b..., userDataDir: C:\Users\chaker\AppData\Loc...}, fedcm:accounts: true, goog:chromeOptions: {debuggerAddress: localhost:55602}, goog:processID: 3628, networkConnectionEnabled: false, pageLoadStrategy: normal, platformName: windows, proxy: Proxy(), se:cdp: ws://localhost:55602/devtoo..., se:cdpVersion: 152.0.7977.84, setWindowRect: true, strictFileInteractability: false, timeouts: {implicit: 0, pageLoad: 300000, script: 30000}, unhandledPromptBehavior: dismiss and notify, webauthn:extension:credBlob: true, webauthn:extension:largeBlob: true, webauthn:extension:minPinLength: true, webauthn:extension:prf: true, webauthn:virtualAuthenticators: true}
Session ID: f96455080000dace4d9f43e73b443cf8
2026-09-11 12:26:00 [TestNG-test-OrangeHRM Test 1-1] ERROR ActionDriver - Element is not clickable: no such element: Unable to locate element: {"method":"xpath","selector":"//button[type='submit']"}
  (Session info: chrome=152.0.7977.84)
For documentation on this error, please visit: https://www.selenium.dev/documentation/webdriver/troubleshooting/errors#nosuchelementexception
Build info: version: '4.49.0', revision: 'bedb24f bedb24f6f703876e7e4c5d506f0d697eb358c720'
System info: os.name: 'Windows 10', os.arch: 'amd64', os.version: '10.0', java.version: '17'
Driver info: org.openqa.selenium.chrome.ChromeDriver
Command: [f96455080000dace4d9f43e73b443cf8, findElement {value=//button[type='submit'], using=xpath}]
Capabilities {acceptInsecureCerts: false, browserName: chrome, browserVersion: 152.0.7977.84, chrome: {chromedriverVersion: 152.0.7977.82 (d04cdb24d67b..., userDataDir: C:\Users\chaker\AppData\Loc...}, fedcm:accounts: true, goog:chromeOptions: {debuggerAddress: localhost:55602}, goog:processID: 3628, networkConnectionEnabled: false, pageLoadStrategy: normal, platformName: windows, proxy: Proxy(), se:cdp: ws://localhost:55602/devtoo..., se:cdpVersion: 152.0.7977.84, setWindowRect: true, strictFileInteractability: false, timeouts: {implicit: 0, pageLoad: 300000, script: 30000}, unhandledPromptBehavior: dismiss and notify, webauthn:extension:credBlob: true, webauthn:extension:largeBlob: true, webauthn:extension:minPinLength: true, webauthn:extension:prf: true, webauthn:virtualAuthenticators: true}
Session ID: f96455080000dace4d9f43e73b443cf8
2026-09-11 12:26:41 [TestNG-test-OrangeHRM Test 1-1] ERROR BaseClass - This is an error message
2026-09-11 12:26:41 [TestNG-test-OrangeHRM Test 1-1] FATAL BaseClass - This is a fatal message
2026-09-11 12:28:43 [TestNG-test-OrangeHRM Test 1-1] ERROR BaseClass - This is an error message
2026-09-11 12:28:43 [TestNG-test-OrangeHRM Test 1-1] FATAL BaseClass - This is a fatal message
2026-09-11 12:31:02 [TestNG-test-OrangeHRM Test 1-1] ERROR BaseClass - This is an error message
2026-09-11 12:31:02 [TestNG-test-OrangeHRM Test 1-1] FATAL BaseClass - This is a fatal message
2026-09-11 12:32:37 [TestNG-test-OrangeHRM Test 1-1] ERROR BaseClass - This is an error message
2026-09-11 12:32:37 [TestNG-test-OrangeHRM Test 1-1] FATAL BaseClass - This is a fatal message
2026-09-11 12:48:56 [TestNG-test-OrangeHRM Test 1-1] ERROR BaseClass - This is an error message
2026-09-11 12:48:56 [TestNG-test-OrangeHRM Test 1-1] FATAL BaseClass - This is a fatal message
2026-09-11 13:03:35 [TestNG-test-OrangeHRM Test 1-1] ERROR BaseClass - This is an error message
2026-09-11 13:03:35 [TestNG-test-OrangeHRM Test 1-1] FATAL BaseClass - This is a fatal message
2026-09-11 13:20:27 [main] ERROR BaseClass - This is an error message
2026-09-11 13:20:27 [main] FATAL BaseClass - This is a fatal message
2026-09-11 13:21:35 [TestNG-test-OrangeHRM Test 1-1] ERROR BaseClass - This is an error message
2026-09-11 13:21:35 [TestNG-test-OrangeHRM Test 1-1] FATAL BaseClass - This is a fatal message
2026-09-11 13:24:19 [TestNG-test-OrangeHRM Test 1-1] ERROR BaseClass - This is an error message
2026-09-11 13:24:19 [TestNG-test-OrangeHRM Test 1-1] FATAL BaseClass - This is a fatal message
2026-09-11 15:45:40 [TestNG-test-OrangeHRM Test 1-1] ERROR BaseClass - This is an error message
2026-09-11 15:45:40 [TestNG-test-OrangeHRM Test 1-1] FATAL BaseClass - This is a fatal message
2026-09-11 15:45:55 [TestNG-test-OrangeHRM Test 1-1] ERROR ActionDriver - Unable to describe the element: no such element: Unable to locate element: {"method":"css selector","selector":"*[name='username']"}
  (Session info: chrome=152.0.7977.84)
For documentation on this error, please visit: https://www.selenium.dev/documentation/webdriver/troubleshooting/errors#nosuchelementexception
Build info: version: '4.49.0', revision: 'bedb24f bedb24f6f703876e7e4c5d506f0d697eb358c720'
System info: os.name: 'Windows 11', os.arch: 'amd64', os.version: '10.0', java.version: '23.0.2'
Driver info: org.openqa.selenium.chrome.ChromeDriver
Command: [f3ddf27a378c4c0a7945ec713dd3cb0c, findElement {using=name, value=username}]
Capabilities {acceptInsecureCerts: false, browserName: chrome, browserVersion: 152.0.7977.84, chrome: {chromedriverVersion: 152.0.7977.82 (d04cdb24d67b..., userDataDir: C:\Users\chaker\AppData\Loc...}, fedcm:accounts: true, goog:chromeOptions: {debuggerAddress: localhost:61376}, goog:processID: 22020, networkConnectionEnabled: false, pageLoadStrategy: normal, platformName: windows, proxy: Proxy(), se:cdp: ws://localhost:61376/devtoo..., se:cdpVersion: 152.0.7977.84, setWindowRect: true, strictFileInteractability: false, timeouts: {implicit: 0, pageLoad: 300000, script: 30000}, unhandledPromptBehavior: dismiss and notify, webauthn:extension:credBlob: true, webauthn:extension:largeBlob: true, webauthn:extension:minPinLength: true, webauthn:extension:prf: true, webauthn:virtualAuthenticators: true}
Session ID: f3ddf27a378c4c0a7945ec713dd3cb0c
2026-09-11 15:46:10 [TestNG-test-OrangeHRM Test 1-1] ERROR ActionDriver - Error when try to apply color in a border: no such element: Unable to locate element: {"method":"css selector","selector":"*[name='username']"}
  (Session info: chrome=152.0.7977.84)
For documentation on this error, please visit: https://www.selenium.dev/documentation/webdriver/troubleshooting/errors#nosuchelementexception
Build info: version: '4.49.0', revision: 'bedb24f bedb24f6f703876e7e4c5d506f0d697eb358c720'
System info: os.name: 'Windows 11', os.arch: 'amd64', os.version: '10.0', java.version: '23.0.2'
Driver info: org.openqa.selenium.chrome.ChromeDriver
Command: [f3ddf27a378c4c0a7945ec713dd3cb0c, findElement {using=name, value=username}]
Capabilities {acceptInsecureCerts: false, browserName: chrome, browserVersion: 152.0.7977.84, chrome: {chromedriverVersion: 152.0.7977.82 (d04cdb24d67b..., userDataDir: C:\Users\chaker\AppData\Loc...}, fedcm:accounts: true, goog:chromeOptions: {debuggerAddress: localhost:61376}, goog:processID: 22020, networkConnectionEnabled: false, pageLoadStrategy: normal, platformName: windows, proxy: Proxy(), se:cdp: ws://localhost:61376/devtoo..., se:cdpVersion: 152.0.7977.84, setWindowRect: true, strictFileInteractability: false, timeouts: {implicit: 0, pageLoad: 300000, script: 30000}, unhandledPromptBehavior: dismiss and notify, webauthn:extension:credBlob: true, webauthn:extension:largeBlob: true, webauthn:extension:minPinLength: true, webauthn:extension:prf: true, webauthn:virtualAuthenticators: true}
Session ID: f3ddf27a378c4c0a7945ec713dd3cb0c
2026-09-11 15:46:40 [TestNG-test-OrangeHRM Test 1-1] ERROR ActionDriver - This Element is not visible: Expected condition failed: waiting for visibility of element found by By.name: username, but... org.openqa.selenium.NoSuchElementException: no such element: Unable to locate element: {"method":"css selector","selector":"*[name='username']"}.
(tried for 25 seconds with 500 milliseconds interval)
Build info: version: '4.49.0', revision: 'bedb24f bedb24f6f703876e7e4c5d506f0d697eb358c720'
System info: os.name: 'Windows 11', os.arch: 'amd64', os.version: '10.0', java.version: '23.0.2'
Driver info: org.openqa.selenium.chrome.ChromeDriver
Capabilities {acceptInsecureCerts: false, browserName: chrome, browserVersion: 152.0.7977.84, chrome: {chromedriverVersion: 152.0.7977.82 (d04cdb24d67b..., userDataDir: C:\Users\chaker\AppData\Loc...}, fedcm:accounts: true, goog:chromeOptions: {debuggerAddress: localhost:61376}, goog:processID: 22020, networkConnectionEnabled: false, pageLoadStrategy: normal, platformName: windows, proxy: Proxy(), se:cdp: ws://localhost:61376/devtoo..., se:cdpVersion: 152.0.7977.84, setWindowRect: true, strictFileInteractability: false, timeouts: {implicit: 0, pageLoad: 300000, script: 30000}, unhandledPromptBehavior: dismiss and notify, webauthn:extension:credBlob: true, webauthn:extension:largeBlob: true, webauthn:extension:minPinLength: true, webauthn:extension:prf: true, webauthn:virtualAuthenticators: true}
Session ID: f3ddf27a378c4c0a7945ec713dd3cb0c
2026-09-11 15:47:10 [TestNG-test-OrangeHRM Test 1-1] ERROR ActionDriver - Error when try to apply color in a border: no such element: Unable to locate element: {"method":"css selector","selector":"*[name='username']"}
  (Session info: chrome=152.0.7977.84)
For documentation on this error, please visit: https://www.selenium.dev/documentation/webdriver/troubleshooting/errors#nosuchelementexception
Build info: version: '4.49.0', revision: 'bedb24f bedb24f6f703876e7e4c5d506f0d697eb358c720'
System info: os.name: 'Windows 11', os.arch: 'amd64', os.version: '10.0', java.version: '23.0.2'
Driver info: org.openqa.selenium.chrome.ChromeDriver
Command: [f3ddf27a378c4c0a7945ec713dd3cb0c, findElement {using=name, value=username}]
Capabilities {acceptInsecureCerts: false, browserName: chrome, browserVersion: 152.0.7977.84, chrome: {chromedriverVersion: 152.0.7977.82 (d04cdb24d67b..., userDataDir: C:\Users\chaker\AppData\Loc...}, fedcm:accounts: true, goog:chromeOptions: {debuggerAddress: localhost:61376}, goog:processID: 22020, networkConnectionEnabled: false, pageLoadStrategy: normal, platformName: windows, proxy: Proxy(), se:cdp: ws://localhost:61376/devtoo..., se:cdpVersion: 152.0.7977.84, setWindowRect: true, strictFileInteractability: false, timeouts: {implicit: 0, pageLoad: 300000, script: 30000}, unhandledPromptBehavior: dismiss and notify, webauthn:extension:credBlob: true, webauthn:extension:largeBlob: true, webauthn:extension:minPinLength: true, webauthn:extension:prf: true, webauthn:virtualAuthenticators: true}
Session ID: f3ddf27a378c4c0a7945ec713dd3cb0c
2026-09-11 15:47:11 [TestNG-test-OrangeHRM Test 1-1] ERROR ActionDriver - Element is not entered: no such element: Unable to locate element: {"method":"css selector","selector":"*[name='username']"}
  (Session info: chrome=152.0.7977.84)
For documentation on this error, please visit: https://www.selenium.dev/documentation/webdriver/troubleshooting/errors#nosuchelementexception
Build info: version: '4.49.0', revision: 'bedb24f bedb24f6f703876e7e4c5d506f0d697eb358c720'
System info: os.name: 'Windows 11', os.arch: 'amd64', os.version: '10.0', java.version: '23.0.2'
Driver info: org.openqa.selenium.chrome.ChromeDriver
Command: [f3ddf27a378c4c0a7945ec713dd3cb0c, findElement {using=name, value=username}]
Capabilities {acceptInsecureCerts: false, browserName: chrome, browserVersion: 152.0.7977.84, chrome: {chromedriverVersion: 152.0.7977.82 (d04cdb24d67b..., userDataDir: C:\Users\chaker\AppData\Loc...}, fedcm:accounts: true, goog:chromeOptions: {debuggerAddress: localhost:61376}, goog:processID: 22020, networkConnectionEnabled: false, pageLoadStrategy: normal, platformName: windows, proxy: Proxy(), se:cdp: ws://localhost:61376/devtoo..., se:cdpVersion: 152.0.7977.84, setWindowRect: true, strictFileInteractability: false, timeouts: {implicit: 0, pageLoad: 300000, script: 30000}, unhandledPromptBehavior: dismiss and notify, webauthn:extension:credBlob: true, webauthn:extension:largeBlob: true, webauthn:extension:minPinLength: true, webauthn:extension:prf: true, webauthn:virtualAuthenticators: true}
Session ID: f3ddf27a378c4c0a7945ec713dd3cb0c
2026-09-11 15:47:14 [TestNG-test-OrangeHRM Test 1-1] ERROR ActionDriver - Unable to describe the element: invalid session id: session deleted as the browser has closed the connection
from disconnected: unable to send message to renderer
  (Session info: chrome=152.0.7977.84)
Build info: version: '4.49.0', revision: 'bedb24f bedb24f6f703876e7e4c5d506f0d697eb358c720'
System info: os.name: 'Windows 11', os.arch: 'amd64', os.version: '10.0', java.version: '23.0.2'
Driver info: org.openqa.selenium.chrome.ChromeDriver
Command: [f3ddf27a378c4c0a7945ec713dd3cb0c, findElement {using=css selector, value=input[type='password']}]
Capabilities {acceptInsecureCerts: false, browserName: chrome, browserVersion: 152.0.7977.84, chrome: {chromedriverVersion: 152.0.7977.82 (d04cdb24d67b..., userDataDir: C:\Users\chaker\AppData\Loc...}, fedcm:accounts: true, goog:chromeOptions: {debuggerAddress: localhost:61376}, goog:processID: 22020, networkConnectionEnabled: false, pageLoadStrategy: normal, platformName: windows, proxy: Proxy(), se:cdp: ws://localhost:61376/devtoo..., se:cdpVersion: 152.0.7977.84, setWindowRect: true, strictFileInteractability: false, timeouts: {implicit: 0, pageLoad: 300000, script: 30000}, unhandledPromptBehavior: dismiss and notify, webauthn:extension:credBlob: true, webauthn:extension:largeBlob: true, webauthn:extension:minPinLength: true, webauthn:extension:prf: true, webauthn:virtualAuthenticators: true}
Session ID: f3ddf27a378c4c0a7945ec713dd3cb0c
2026-09-11 15:47:14 [TestNG-test-OrangeHRM Test 1-1] ERROR ActionDriver - Error when try to apply color in a border: invalid session id
Build info: version: '4.49.0', revision: 'bedb24f bedb24f6f703876e7e4c5d506f0d697eb358c720'
System info: os.name: 'Windows 11', os.arch: 'amd64', os.version: '10.0', java.version: '23.0.2'
Driver info: org.openqa.selenium.chrome.ChromeDriver
Command: [f3ddf27a378c4c0a7945ec713dd3cb0c, findElement {using=css selector, value=input[type='password']}]
Capabilities {acceptInsecureCerts: false, browserName: chrome, browserVersion: 152.0.7977.84, chrome: {chromedriverVersion: 152.0.7977.82 (d04cdb24d67b..., userDataDir: C:\Users\chaker\AppData\Loc...}, fedcm:accounts: true, goog:chromeOptions: {debuggerAddress: localhost:61376}, goog:processID: 22020, networkConnectionEnabled: false, pageLoadStrategy: normal, platformName: windows, proxy: Proxy(), se:cdp: ws://localhost:61376/devtoo..., se:cdpVersion: 152.0.7977.84, setWindowRect: true, strictFileInteractability: false, timeouts: {implicit: 0, pageLoad: 300000, script: 30000}, unhandledPromptBehavior: dismiss and notify, webauthn:extension:credBlob: true, webauthn:extension:largeBlob: true, webauthn:extension:minPinLength: true, webauthn:extension:prf: true, webauthn:virtualAuthenticators: true}
Session ID: f3ddf27a378c4c0a7945ec713dd3cb0c
2026-09-11 15:47:14 [TestNG-test-OrangeHRM Test 1-1] ERROR ActionDriver - This Element is not visible: invalid session id
Build info: version: '4.49.0', revision: 'bedb24f bedb24f6f703876e7e4c5d506f0d697eb358c720'
System info: os.name: 'Windows 11', os.arch: 'amd64', os.version: '10.0', java.version: '23.0.2'
Driver info: org.openqa.selenium.chrome.ChromeDriver
Command: [f3ddf27a378c4c0a7945ec713dd3cb0c, findElement {using=css selector, value=input[type='password']}]
Capabilities {acceptInsecureCerts: false, browserName: chrome, browserVersion: 152.0.7977.84, chrome: {chromedriverVersion: 152.0.7977.82 (d04cdb24d67b..., userDataDir: C:\Users\chaker\AppData\Loc...}, fedcm:accounts: true, goog:chromeOptions: {debuggerAddress: localhost:61376}, goog:processID: 22020, networkConnectionEnabled: false, pageLoadStrategy: normal, platformName: windows, proxy: Proxy(), se:cdp: ws://localhost:61376/devtoo..., se:cdpVersion: 152.0.7977.84, setWindowRect: true, strictFileInteractability: false, timeouts: {implicit: 0, pageLoad: 300000, script: 30000}, unhandledPromptBehavior: dismiss and notify, webauthn:extension:credBlob: true, webauthn:extension:largeBlob: true, webauthn:extension:minPinLength: true, webauthn:extension:prf: true, webauthn:virtualAuthenticators: true}
Session ID: f3ddf27a378c4c0a7945ec713dd3cb0c
2026-09-11 15:47:14 [TestNG-test-OrangeHRM Test 1-1] ERROR ActionDriver - Error when try to apply color in a border: invalid session id
Build info: version: '4.49.0', revision: 'bedb24f bedb24f6f703876e7e4c5d506f0d697eb358c720'
System info: os.name: 'Windows 11', os.arch: 'amd64', os.version: '10.0', java.version: '23.0.2'
Driver info: org.openqa.selenium.chrome.ChromeDriver
Command: [f3ddf27a378c4c0a7945ec713dd3cb0c, findElement {using=css selector, value=input[type='password']}]
Capabilities {acceptInsecureCerts: false, browserName: chrome, browserVersion: 152.0.7977.84, chrome: {chromedriverVersion: 152.0.7977.82 (d04cdb24d67b..., userDataDir: C:\Users\chaker\AppData\Loc...}, fedcm:accounts: true, goog:chromeOptions: {debuggerAddress: localhost:61376}, goog:processID: 22020, networkConnectionEnabled: false, pageLoadStrategy: normal, platformName: windows, proxy: Proxy(), se:cdp: ws://localhost:61376/devtoo..., se:cdpVersion: 152.0.7977.84, setWindowRect: true, strictFileInteractability: false, timeouts: {implicit: 0, pageLoad: 300000, script: 30000}, unhandledPromptBehavior: dismiss and notify, webauthn:extension:credBlob: true, webauthn:extension:largeBlob: true, webauthn:extension:minPinLength: true, webauthn:extension:prf: true, webauthn:virtualAuthenticators: true}
Session ID: f3ddf27a378c4c0a7945ec713dd3cb0c
2026-09-11 15:47:14 [TestNG-test-OrangeHRM Test 1-1] ERROR ActionDriver - Element is not entered: invalid session id
Build info: version: '4.49.0', revision: 'bedb24f bedb24f6f703876e7e4c5d506f0d697eb358c720'
System info: os.name: 'Windows 11', os.arch: 'amd64', os.version: '10.0', java.version: '23.0.2'
Driver info: org.openqa.selenium.chrome.ChromeDriver
Command: [f3ddf27a378c4c0a7945ec713dd3cb0c, findElement {using=css selector, value=input[type='password']}]
Capabilities {acceptInsecureCerts: false, browserName: chrome, browserVersion: 152.0.7977.84, chrome: {chromedriverVersion: 152.0.7977.82 (d04cdb24d67b..., userDataDir: C:\Users\chaker\AppData\Loc...}, fedcm:accounts: true, goog:chromeOptions: {debuggerAddress: localhost:61376}, goog:processID: 22020, networkConnectionEnabled: false, pageLoadStrategy: normal, platformName: windows, proxy: Proxy(), se:cdp: ws://localhost:61376/devtoo..., se:cdpVersion: 152.0.7977.84, setWindowRect: true, strictFileInteractability: false, timeouts: {implicit: 0, pageLoad: 300000, script: 30000}, unhandledPromptBehavior: dismiss and notify, webauthn:extension:credBlob: true, webauthn:extension:largeBlob: true, webauthn:extension:minPinLength: true, webauthn:extension:prf: true, webauthn:virtualAuthenticators: true}
Session ID: f3ddf27a378c4c0a7945ec713dd3cb0c
2026-09-11 15:47:14 [TestNG-test-OrangeHRM Test 1-1] ERROR ActionDriver - Unable to describe the element: invalid session id
Build info: version: '4.49.0', revision: 'bedb24f bedb24f6f703876e7e4c5d506f0d697eb358c720'
System info: os.name: 'Windows 11', os.arch: 'amd64', os.version: '10.0', java.version: '23.0.2'
Driver info: org.openqa.selenium.chrome.ChromeDriver
Command: [f3ddf27a378c4c0a7945ec713dd3cb0c, findElement {using=css selector, value=button[type='submit']}]
Capabilities {acceptInsecureCerts: false, browserName: chrome, browserVersion: 152.0.7977.84, chrome: {chromedriverVersion: 152.0.7977.82 (d04cdb24d67b..., userDataDir: C:\Users\chaker\AppData\Loc...}, fedcm:accounts: true, goog:chromeOptions: {debuggerAddress: localhost:61376}, goog:processID: 22020, networkConnectionEnabled: false, pageLoadStrategy: normal, platformName: windows, proxy: Proxy(), se:cdp: ws://localhost:61376/devtoo..., se:cdpVersion: 152.0.7977.84, setWindowRect: true, strictFileInteractability: false, timeouts: {implicit: 0, pageLoad: 300000, script: 30000}, unhandledPromptBehavior: dismiss and notify, webauthn:extension:credBlob: true, webauthn:extension:largeBlob: true, webauthn:extension:minPinLength: true, webauthn:extension:prf: true, webauthn:virtualAuthenticators: true}
Session ID: f3ddf27a378c4c0a7945ec713dd3cb0c
2026-09-11 15:47:14 [TestNG-test-OrangeHRM Test 1-1] ERROR ActionDriver - Error when try to apply color in a border: invalid session id
Build info: version: '4.49.0', revision: 'bedb24f bedb24f6f703876e7e4c5d506f0d697eb358c720'
System info: os.name: 'Windows 11', os.arch: 'amd64', os.version: '10.0', java.version: '23.0.2'
Driver info: org.openqa.selenium.chrome.ChromeDriver
Command: [f3ddf27a378c4c0a7945ec713dd3cb0c, findElement {using=css selector, value=button[type='submit']}]
Capabilities {acceptInsecureCerts: false, browserName: chrome, browserVersion: 152.0.7977.84, chrome: {chromedriverVersion: 152.0.7977.82 (d04cdb24d67b..., userDataDir: C:\Users\chaker\AppData\Loc...}, fedcm:accounts: true, goog:chromeOptions: {debuggerAddress: localhost:61376}, goog:processID: 22020, networkConnectionEnabled: false, pageLoadStrategy: normal, platformName: windows, proxy: Proxy(), se:cdp: ws://localhost:61376/devtoo..., se:cdpVersion: 152.0.7977.84, setWindowRect: true, strictFileInteractability: false, timeouts: {implicit: 0, pageLoad: 300000, script: 30000}, unhandledPromptBehavior: dismiss and notify, webauthn:extension:credBlob: true, webauthn:extension:largeBlob: true, webauthn:extension:minPinLength: true, webauthn:extension:prf: true, webauthn:virtualAuthenticators: true}
Session ID: f3ddf27a378c4c0a7945ec713dd3cb0c
2026-09-11 15:47:14 [TestNG-test-OrangeHRM Test 1-1] ERROR ActionDriver - This Element is not clickable: invalid session id
Build info: version: '4.49.0', revision: 'bedb24f bedb24f6f703876e7e4c5d506f0d697eb358c720'
System info: os.name: 'Windows 11', os.arch: 'amd64', os.version: '10.0', java.version: '23.0.2'
Driver info: org.openqa.selenium.chrome.ChromeDriver
Command: [f3ddf27a378c4c0a7945ec713dd3cb0c, findElement {using=css selector, value=button[type='submit']}]
Capabilities {acceptInsecureCerts: false, browserName: chrome, browserVersion: 152.0.7977.84, chrome: {chromedriverVersion: 152.0.7977.82 (d04cdb24d67b..., userDataDir: C:\Users\chaker\AppData\Loc...}, fedcm:accounts: true, goog:chromeOptions: {debuggerAddress: localhost:61376}, goog:processID: 22020, networkConnectionEnabled: false, pageLoadStrategy: normal, platformName: windows, proxy: Proxy(), se:cdp: ws://localhost:61376/devtoo..., se:cdpVersion: 152.0.7977.84, setWindowRect: true, strictFileInteractability: false, timeouts: {implicit: 0, pageLoad: 300000, script: 30000}, unhandledPromptBehavior: dismiss and notify, webauthn:extension:credBlob: true, webauthn:extension:largeBlob: true, webauthn:extension:minPinLength: true, webauthn:extension:prf: true, webauthn:virtualAuthenticators: true}
Session ID: f3ddf27a378c4c0a7945ec713dd3cb0c
2026-09-11 15:47:14 [TestNG-test-OrangeHRM Test 1-1] ERROR ActionDriver - Error when try to apply color in a border: invalid session id
Build info: version: '4.49.0', revision: 'bedb24f bedb24f6f703876e7e4c5d506f0d697eb358c720'
System info: os.name: 'Windows 11', os.arch: 'amd64', os.version: '10.0', java.version: '23.0.2'
Driver info: org.openqa.selenium.chrome.ChromeDriver
Command: [f3ddf27a378c4c0a7945ec713dd3cb0c, findElement {using=css selector, value=button[type='submit']}]
Capabilities {acceptInsecureCerts: false, browserName: chrome, browserVersion: 152.0.7977.84, chrome: {chromedriverVersion: 152.0.7977.82 (d04cdb24d67b..., userDataDir: C:\Users\chaker\AppData\Loc...}, fedcm:accounts: true, goog:chromeOptions: {debuggerAddress: localhost:61376}, goog:processID: 22020, networkConnectionEnabled: false, pageLoadStrategy: normal, platformName: windows, proxy: Proxy(), se:cdp: ws://localhost:61376/devtoo..., se:cdpVersion: 152.0.7977.84, setWindowRect: true, strictFileInteractability: false, timeouts: {implicit: 0, pageLoad: 300000, script: 30000}, unhandledPromptBehavior: dismiss and notify, webauthn:extension:credBlob: true, webauthn:extension:largeBlob: true, webauthn:extension:minPinLength: true, webauthn:extension:prf: true, webauthn:virtualAuthenticators: true}
Session ID: f3ddf27a378c4c0a7945ec713dd3cb0c
2026-09-11 15:47:14 [TestNG-test-OrangeHRM Test 1-1] ERROR ActionDriver - Element is not clickable: invalid session id
Build info: version: '4.49.0', revision: 'bedb24f bedb24f6f703876e7e4c5d506f0d697eb358c720'
System info: os.name: 'Windows 11', os.arch: 'amd64', os.version: '10.0', java.version: '23.0.2'
Driver info: org.openqa.selenium.chrome.ChromeDriver
Command: [f3ddf27a378c4c0a7945ec713dd3cb0c, findElement {using=css selector, value=button[type='submit']}]
Capabilities {acceptInsecureCerts: false, browserName: chrome, browserVersion: 152.0.7977.84, chrome: {chromedriverVersion: 152.0.7977.82 (d04cdb24d67b..., userDataDir: C:\Users\chaker\AppData\Loc...}, fedcm:accounts: true, goog:chromeOptions: {debuggerAddress: localhost:61376}, goog:processID: 22020, networkConnectionEnabled: false, pageLoadStrategy: normal, platformName: windows, proxy: Proxy(), se:cdp: ws://localhost:61376/devtoo..., se:cdpVersion: 152.0.7977.84, setWindowRect: true, strictFileInteractability: false, timeouts: {implicit: 0, pageLoad: 300000, script: 30000}, unhandledPromptBehavior: dismiss and notify, webauthn:extension:credBlob: true, webauthn:extension:largeBlob: true, webauthn:extension:minPinLength: true, webauthn:extension:prf: true, webauthn:virtualAuthenticators: true}
Session ID: f3ddf27a378c4c0a7945ec713dd3cb0c
2026-09-11 15:47:14 [TestNG-test-OrangeHRM Test 1-1] ERROR ActionDriver - Unable to describe the element: invalid session id
Build info: version: '4.49.0', revision: 'bedb24f bedb24f6f703876e7e4c5d506f0d697eb358c720'
System info: os.name: 'Windows 11', os.arch: 'amd64', os.version: '10.0', java.version: '23.0.2'
Driver info: org.openqa.selenium.chrome.ChromeDriver
Command: [f3ddf27a378c4c0a7945ec713dd3cb0c, findElement {using=xpath, value=//span[text()='PIM']}]
Capabilities {acceptInsecureCerts: false, browserName: chrome, browserVersion: 152.0.7977.84, chrome: {chromedriverVersion: 152.0.7977.82 (d04cdb24d67b..., userDataDir: C:\Users\chaker\AppData\Loc...}, fedcm:accounts: true, goog:chromeOptions: {debuggerAddress: localhost:61376}, goog:processID: 22020, networkConnectionEnabled: false, pageLoadStrategy: normal, platformName: windows, proxy: Proxy(), se:cdp: ws://localhost:61376/devtoo..., se:cdpVersion: 152.0.7977.84, setWindowRect: true, strictFileInteractability: false, timeouts: {implicit: 0, pageLoad: 300000, script: 30000}, unhandledPromptBehavior: dismiss and notify, webauthn:extension:credBlob: true, webauthn:extension:largeBlob: true, webauthn:extension:minPinLength: true, webauthn:extension:prf: true, webauthn:virtualAuthenticators: true}
Session ID: f3ddf27a378c4c0a7945ec713dd3cb0c
2026-09-11 15:47:14 [TestNG-test-OrangeHRM Test 1-1] ERROR ActionDriver - Error when try to apply color in a border: invalid session id
Build info: version: '4.49.0', revision: 'bedb24f bedb24f6f703876e7e4c5d506f0d697eb358c720'
System info: os.name: 'Windows 11', os.arch: 'amd64', os.version: '10.0', java.version: '23.0.2'
Driver info: org.openqa.selenium.chrome.ChromeDriver
Command: [f3ddf27a378c4c0a7945ec713dd3cb0c, findElement {using=xpath, value=//span[text()='PIM']}]
Capabilities {acceptInsecureCerts: false, browserName: chrome, browserVersion: 152.0.7977.84, chrome: {chromedriverVersion: 152.0.7977.82 (d04cdb24d67b..., userDataDir: C:\Users\chaker\AppData\Loc...}, fedcm:accounts: true, goog:chromeOptions: {debuggerAddress: localhost:61376}, goog:processID: 22020, networkConnectionEnabled: false, pageLoadStrategy: normal, platformName: windows, proxy: Proxy(), se:cdp: ws://localhost:61376/devtoo..., se:cdpVersion: 152.0.7977.84, setWindowRect: true, strictFileInteractability: false, timeouts: {implicit: 0, pageLoad: 300000, script: 30000}, unhandledPromptBehavior: dismiss and notify, webauthn:extension:credBlob: true, webauthn:extension:largeBlob: true, webauthn:extension:minPinLength: true, webauthn:extension:prf: true, webauthn:virtualAuthenticators: true}
Session ID: f3ddf27a378c4c0a7945ec713dd3cb0c
2026-09-11 15:47:14 [TestNG-test-OrangeHRM Test 1-1] ERROR ActionDriver - This Element is not clickable: invalid session id
Build info: version: '4.49.0', revision: 'bedb24f bedb24f6f703876e7e4c5d506f0d697eb358c720'
System info: os.name: 'Windows 11', os.arch: 'amd64', os.version: '10.0', java.version: '23.0.2'
Driver info: org.openqa.selenium.chrome.ChromeDriver
Command: [f3ddf27a378c4c0a7945ec713dd3cb0c, findElement {using=xpath, value=//span[text()='PIM']}]
Capabilities {acceptInsecureCerts: false, browserName: chrome, browserVersion: 152.0.7977.84, chrome: {chromedriverVersion: 152.0.7977.82 (d04cdb24d67b..., userDataDir: C:\Users\chaker\AppData\Loc...}, fedcm:accounts: true, goog:chromeOptions: {debuggerAddress: localhost:61376}, goog:processID: 22020, networkConnectionEnabled: false, pageLoadStrategy: normal, platformName: windows, proxy: Proxy(), se:cdp: ws://localhost:61376/devtoo..., se:cdpVersion: 152.0.7977.84, setWindowRect: true, strictFileInteractability: false, timeouts: {implicit: 0, pageLoad: 300000, script: 30000}, unhandledPromptBehavior: dismiss and notify, webauthn:extension:credBlob: true, webauthn:extension:largeBlob: true, webauthn:extension:minPinLength: true, webauthn:extension:prf: true, webauthn:virtualAuthenticators: true}
Session ID: f3ddf27a378c4c0a7945ec713dd3cb0c
2026-09-11 15:47:14 [TestNG-test-OrangeHRM Test 1-1] ERROR ActionDriver - Error when try to apply color in a border: invalid session id
Build info: version: '4.49.0', revision: 'bedb24f bedb24f6f703876e7e4c5d506f0d697eb358c720'
System info: os.name: 'Windows 11', os.arch: 'amd64', os.version: '10.0', java.version: '23.0.2'
Driver info: org.openqa.selenium.chrome.ChromeDriver
Command: [f3ddf27a378c4c0a7945ec713dd3cb0c, findElement {using=xpath, value=//span[text()='PIM']}]
Capabilities {acceptInsecureCerts: false, browserName: chrome, browserVersion: 152.0.7977.84, chrome: {chromedriverVersion: 152.0.7977.82 (d04cdb24d67b..., userDataDir: C:\Users\chaker\AppData\Loc...}, fedcm:accounts: true, goog:chromeOptions: {debuggerAddress: localhost:61376}, goog:processID: 22020, networkConnectionEnabled: false, pageLoadStrategy: normal, platformName: windows, proxy: Proxy(), se:cdp: ws://localhost:61376/devtoo..., se:cdpVersion: 152.0.7977.84, setWindowRect: true, strictFileInteractability: false, timeouts: {implicit: 0, pageLoad: 300000, script: 30000}, unhandledPromptBehavior: dismiss and notify, webauthn:extension:credBlob: true, webauthn:extension:largeBlob: true, webauthn:extension:minPinLength: true, webauthn:extension:prf: true, webauthn:virtualAuthenticators: true}
Session ID: f3ddf27a378c4c0a7945ec713dd3cb0c
2026-09-11 15:47:14 [TestNG-test-OrangeHRM Test 1-1] ERROR ActionDriver - Element is not clickable: invalid session id
Build info: version: '4.49.0', revision: 'bedb24f bedb24f6f703876e7e4c5d506f0d697eb358c720'
System info: os.name: 'Windows 11', os.arch: 'amd64', os.version: '10.0', java.version: '23.0.2'
Driver info: org.openqa.selenium.chrome.ChromeDriver
Command: [f3ddf27a378c4c0a7945ec713dd3cb0c, findElement {using=xpath, value=//span[text()='PIM']}]
Capabilities {acceptInsecureCerts: false, browserName: chrome, browserVersion: 152.0.7977.84, chrome: {chromedriverVersion: 152.0.7977.82 (d04cdb24d67b..., userDataDir: C:\Users\chaker\AppData\Loc...}, fedcm:accounts: true, goog:chromeOptions: {debuggerAddress: localhost:61376}, goog:processID: 22020, networkConnectionEnabled: false, pageLoadStrategy: normal, platformName: windows, proxy: Proxy(), se:cdp: ws://localhost:61376/devtoo..., se:cdpVersion: 152.0.7977.84, setWindowRect: true, strictFileInteractability: false, timeouts: {implicit: 0, pageLoad: 300000, script: 30000}, unhandledPromptBehavior: dismiss and notify, webauthn:extension:credBlob: true, webauthn:extension:largeBlob: true, webauthn:extension:minPinLength: true, webauthn:extension:prf: true, webauthn:virtualAuthenticators: true}
Session ID: f3ddf27a378c4c0a7945ec713dd3cb0c
2026-09-11 15:47:14 [TestNG-test-OrangeHRM Test 1-1] ERROR ActionDriver - Unable to describe the element: invalid session id
Build info: version: '4.49.0', revision: 'bedb24f bedb24f6f703876e7e4c5d506f0d697eb358c720'
System info: os.name: 'Windows 11', os.arch: 'amd64', os.version: '10.0', java.version: '23.0.2'
Driver info: org.openqa.selenium.chrome.ChromeDriver
Command: [f3ddf27a378c4c0a7945ec713dd3cb0c, findElement {using=xpath, value=//input[@placeholder='Type for hints...']}]
Capabilities {acceptInsecureCerts: false, browserName: chrome, browserVersion: 152.0.7977.84, chrome: {chromedriverVersion: 152.0.7977.82 (d04cdb24d67b..., userDataDir: C:\Users\chaker\AppData\Loc...}, fedcm:accounts: true, goog:chromeOptions: {debuggerAddress: localhost:61376}, goog:processID: 22020, networkConnectionEnabled: false, pageLoadStrategy: normal, platformName: windows, proxy: Proxy(), se:cdp: ws://localhost:61376/devtoo..., se:cdpVersion: 152.0.7977.84, setWindowRect: true, strictFileInteractability: false, timeouts: {implicit: 0, pageLoad: 300000, script: 30000}, unhandledPromptBehavior: dismiss and notify, webauthn:extension:credBlob: true, webauthn:extension:largeBlob: true, webauthn:extension:minPinLength: true, webauthn:extension:prf: true, webauthn:virtualAuthenticators: true}
Session ID: f3ddf27a378c4c0a7945ec713dd3cb0c
2026-09-11 15:47:14 [TestNG-test-OrangeHRM Test 1-1] ERROR ActionDriver - Error when try to apply color in a border: invalid session id
Build info: version: '4.49.0', revision: 'bedb24f bedb24f6f703876e7e4c5d506f0d697eb358c720'
System info: os.name: 'Windows 11', os.arch: 'amd64', os.version: '10.0', java.version: '23.0.2'
Driver info: org.openqa.selenium.chrome.ChromeDriver
Command: [f3ddf27a378c4c0a7945ec713dd3cb0c, findElement {using=xpath, value=//input[@placeholder='Type for hints...']}]
Capabilities {acceptInsecureCerts: false, browserName: chrome, browserVersion: 152.0.7977.84, chrome: {chromedriverVersion: 152.0.7977.82 (d04cdb24d67b..., userDataDir: C:\Users\chaker\AppData\Loc...}, fedcm:accounts: true, goog:chromeOptions: {debuggerAddress: localhost:61376}, goog:processID: 22020, networkConnectionEnabled: false, pageLoadStrategy: normal, platformName: windows, proxy: Proxy(), se:cdp: ws://localhost:61376/devtoo..., se:cdpVersion: 152.0.7977.84, setWindowRect: true, strictFileInteractability: false, timeouts: {implicit: 0, pageLoad: 300000, script: 30000}, unhandledPromptBehavior: dismiss and notify, webauthn:extension:credBlob: true, webauthn:extension:largeBlob: true, webauthn:extension:minPinLength: true, webauthn:extension:prf: true, webauthn:virtualAuthenticators: true}
Session ID: f3ddf27a378c4c0a7945ec713dd3cb0c
2026-09-11 15:47:14 [TestNG-test-OrangeHRM Test 1-1] ERROR ActionDriver - This Element is not visible: invalid session id
Build info: version: '4.49.0', revision: 'bedb24f bedb24f6f703876e7e4c5d506f0d697eb358c720'
System info: os.name: 'Windows 11', os.arch: 'amd64', os.version: '10.0', java.version: '23.0.2'
Driver info: org.openqa.selenium.chrome.ChromeDriver
Command: [f3ddf27a378c4c0a7945ec713dd3cb0c, findElement {using=xpath, value=//input[@placeholder='Type for hints...']}]
Capabilities {acceptInsecureCerts: false, browserName: chrome, browserVersion: 152.0.7977.84, chrome: {chromedriverVersion: 152.0.7977.82 (d04cdb24d67b..., userDataDir: C:\Users\chaker\AppData\Loc...}, fedcm:accounts: true, goog:chromeOptions: {debuggerAddress: localhost:61376}, goog:processID: 22020, networkConnectionEnabled: false, pageLoadStrategy: normal, platformName: windows, proxy: Proxy(), se:cdp: ws://localhost:61376/devtoo..., se:cdpVersion: 152.0.7977.84, setWindowRect: true, strictFileInteractability: false, timeouts: {implicit: 0, pageLoad: 300000, script: 30000}, unhandledPromptBehavior: dismiss and notify, webauthn:extension:credBlob: true, webauthn:extension:largeBlob: true, webauthn:extension:minPinLength: true, webauthn:extension:prf: true, webauthn:virtualAuthenticators: true}
Session ID: f3ddf27a378c4c0a7945ec713dd3cb0c
2026-09-11 15:47:14 [TestNG-test-OrangeHRM Test 1-1] ERROR ActionDriver - Error when try to apply color in a border: invalid session id
Build info: version: '4.49.0', revision: 'bedb24f bedb24f6f703876e7e4c5d506f0d697eb358c720'
System info: os.name: 'Windows 11', os.arch: 'amd64', os.version: '10.0', java.version: '23.0.2'
Driver info: org.openqa.selenium.chrome.ChromeDriver
Command: [f3ddf27a378c4c0a7945ec713dd3cb0c, findElement {using=xpath, value=//input[@placeholder='Type for hints...']}]
Capabilities {acceptInsecureCerts: false, browserName: chrome, browserVersion: 152.0.7977.84, chrome: {chromedriverVersion: 152.0.7977.82 (d04cdb24d67b..., userDataDir: C:\Users\chaker\AppData\Loc...}, fedcm:accounts: true, goog:chromeOptions: {debuggerAddress: localhost:61376}, goog:processID: 22020, networkConnectionEnabled: false, pageLoadStrategy: normal, platformName: windows, proxy: Proxy(), se:cdp: ws://localhost:61376/devtoo..., se:cdpVersion: 152.0.7977.84, setWindowRect: true, strictFileInteractability: false, timeouts: {implicit: 0, pageLoad: 300000, script: 30000}, unhandledPromptBehavior: dismiss and notify, webauthn:extension:credBlob: true, webauthn:extension:largeBlob: true, webauthn:extension:minPinLength: true, webauthn:extension:prf: true, webauthn:virtualAuthenticators: true}
Session ID: f3ddf27a378c4c0a7945ec713dd3cb0c
2026-09-11 15:47:14 [TestNG-test-OrangeHRM Test 1-1] ERROR ActionDriver - Element is not entered: invalid session id
Build info: version: '4.49.0', revision: 'bedb24f bedb24f6f703876e7e4c5d506f0d697eb358c720'
System info: os.name: 'Windows 11', os.arch: 'amd64', os.version: '10.0', java.version: '23.0.2'
Driver info: org.openqa.selenium.chrome.ChromeDriver
Command: [f3ddf27a378c4c0a7945ec713dd3cb0c, findElement {using=xpath, value=//input[@placeholder='Type for hints...']}]
Capabilities {acceptInsecureCerts: false, browserName: chrome, browserVersion: 152.0.7977.84, chrome: {chromedriverVersion: 152.0.7977.82 (d04cdb24d67b..., userDataDir: C:\Users\chaker\AppData\Loc...}, fedcm:accounts: true, goog:chromeOptions: {debuggerAddress: localhost:61376}, goog:processID: 22020, networkConnectionEnabled: false, pageLoadStrategy: normal, platformName: windows, proxy: Proxy(), se:cdp: ws://localhost:61376/devtoo..., se:cdpVersion: 152.0.7977.84, setWindowRect: true, strictFileInteractability: false, timeouts: {implicit: 0, pageLoad: 300000, script: 30000}, unhandledPromptBehavior: dismiss and notify, webauthn:extension:credBlob: true, webauthn:extension:largeBlob: true, webauthn:extension:minPinLength: true, webauthn:extension:prf: true, webauthn:virtualAuthenticators: true}
Session ID: f3ddf27a378c4c0a7945ec713dd3cb0c
2026-09-11 15:47:14 [TestNG-test-OrangeHRM Test 1-1] ERROR ActionDriver - Unable to describe the element: invalid session id
Build info: version: '4.49.0', revision: 'bedb24f bedb24f6f703876e7e4c5d506f0d697eb358c720'
System info: os.name: 'Windows 11', os.arch: 'amd64', os.version: '10.0', java.version: '23.0.2'
Driver info: org.openqa.selenium.chrome.ChromeDriver
Command: [f3ddf27a378c4c0a7945ec713dd3cb0c, findElement {using=xpath, value=//button[normalize-space()='Search']}]
Capabilities {acceptInsecureCerts: false, browserName: chrome, browserVersion: 152.0.7977.84, chrome: {chromedriverVersion: 152.0.7977.82 (d04cdb24d67b..., userDataDir: C:\Users\chaker\AppData\Loc...}, fedcm:accounts: true, goog:chromeOptions: {debuggerAddress: localhost:61376}, goog:processID: 22020, networkConnectionEnabled: false, pageLoadStrategy: normal, platformName: windows, proxy: Proxy(), se:cdp: ws://localhost:61376/devtoo..., se:cdpVersion: 152.0.7977.84, setWindowRect: true, strictFileInteractability: false, timeouts: {implicit: 0, pageLoad: 300000, script: 30000}, unhandledPromptBehavior: dismiss and notify, webauthn:extension:credBlob: true, webauthn:extension:largeBlob: true, webauthn:extension:minPinLength: true, webauthn:extension:prf: true, webauthn:virtualAuthenticators: true}
Session ID: f3ddf27a378c4c0a7945ec713dd3cb0c
2026-09-11 15:47:14 [TestNG-test-OrangeHRM Test 1-1] ERROR ActionDriver - Error when try to apply color in a border: invalid session id
Build info: version: '4.49.0', revision: 'bedb24f bedb24f6f703876e7e4c5d506f0d697eb358c720'
System info: os.name: 'Windows 11', os.arch: 'amd64', os.version: '10.0', java.version: '23.0.2'
Driver info: org.openqa.selenium.chrome.ChromeDriver
Command: [f3ddf27a378c4c0a7945ec713dd3cb0c, findElement {using=xpath, value=//button[normalize-space()='Search']}]
Capabilities {acceptInsecureCerts: false, browserName: chrome, browserVersion: 152.0.7977.84, chrome: {chromedriverVersion: 152.0.7977.82 (d04cdb24d67b..., userDataDir: C:\Users\chaker\AppData\Loc...}, fedcm:accounts: true, goog:chromeOptions: {debuggerAddress: localhost:61376}, goog:processID: 22020, networkConnectionEnabled: false, pageLoadStrategy: normal, platformName: windows, proxy: Proxy(), se:cdp: ws://localhost:61376/devtoo..., se:cdpVersion: 152.0.7977.84, setWindowRect: true, strictFileInteractability: false, timeouts: {implicit: 0, pageLoad: 300000, script: 30000}, unhandledPromptBehavior: dismiss and notify, webauthn:extension:credBlob: true, webauthn:extension:largeBlob: true, webauthn:extension:minPinLength: true, webauthn:extension:prf: true, webauthn:virtualAuthenticators: true}
Session ID: f3ddf27a378c4c0a7945ec713dd3cb0c
2026-09-11 15:47:14 [TestNG-test-OrangeHRM Test 1-1] ERROR ActionDriver - This Element is not clickable: invalid session id
Build info: version: '4.49.0', revision: 'bedb24f bedb24f6f703876e7e4c5d506f0d697eb358c720'
System info: os.name: 'Windows 11', os.arch: 'amd64', os.version: '10.0', java.version: '23.0.2'
Driver info: org.openqa.selenium.chrome.ChromeDriver
Command: [f3ddf27a378c4c0a7945ec713dd3cb0c, findElement {using=xpath, value=//button[normalize-space()='Search']}]
Capabilities {acceptInsecureCerts: false, browserName: chrome, browserVersion: 152.0.7977.84, chrome: {chromedriverVersion: 152.0.7977.82 (d04cdb24d67b..., userDataDir: C:\Users\chaker\AppData\Loc...}, fedcm:accounts: true, goog:chromeOptions: {debuggerAddress: localhost:61376}, goog:processID: 22020, networkConnectionEnabled: false, pageLoadStrategy: normal, platformName: windows, proxy: Proxy(), se:cdp: ws://localhost:61376/devtoo..., se:cdpVersion: 152.0.7977.84, setWindowRect: true, strictFileInteractability: false, timeouts: {implicit: 0, pageLoad: 300000, script: 30000}, unhandledPromptBehavior: dismiss and notify, webauthn:extension:credBlob: true, webauthn:extension:largeBlob: true, webauthn:extension:minPinLength: true, webauthn:extension:prf: true, webauthn:virtualAuthenticators: true}
Session ID: f3ddf27a378c4c0a7945ec713dd3cb0c
2026-09-11 15:47:14 [TestNG-test-OrangeHRM Test 1-1] ERROR ActionDriver - Error when try to apply color in a border: invalid session id
Build info: version: '4.49.0', revision: 'bedb24f bedb24f6f703876e7e4c5d506f0d697eb358c720'
System info: os.name: 'Windows 11', os.arch: 'amd64', os.version: '10.0', java.version: '23.0.2'
Driver info: org.openqa.selenium.chrome.ChromeDriver
Command: [f3ddf27a378c4c0a7945ec713dd3cb0c, findElement {using=xpath, value=//button[normalize-space()='Search']}]
Capabilities {acceptInsecureCerts: false, browserName: chrome, browserVersion: 152.0.7977.84, chrome: {chromedriverVersion: 152.0.7977.82 (d04cdb24d67b..., userDataDir: C:\Users\chaker\AppData\Loc...}, fedcm:accounts: true, goog:chromeOptions: {debuggerAddress: localhost:61376}, goog:processID: 22020, networkConnectionEnabled: false, pageLoadStrategy: normal, platformName: windows, proxy: Proxy(), se:cdp: ws://localhost:61376/devtoo..., se:cdpVersion: 152.0.7977.84, setWindowRect: true, strictFileInteractability: false, timeouts: {implicit: 0, pageLoad: 300000, script: 30000}, unhandledPromptBehavior: dismiss and notify, webauthn:extension:credBlob: true, webauthn:extension:largeBlob: true, webauthn:extension:minPinLength: true, webauthn:extension:prf: true, webauthn:virtualAuthenticators: true}
Session ID: f3ddf27a378c4c0a7945ec713dd3cb0c
2026-09-11 15:47:14 [TestNG-test-OrangeHRM Test 1-1] ERROR ActionDriver - Element is not clickable: invalid session id
Build info: version: '4.49.0', revision: 'bedb24f bedb24f6f703876e7e4c5d506f0d697eb358c720'
System info: os.name: 'Windows 11', os.arch: 'amd64', os.version: '10.0', java.version: '23.0.2'
Driver info: org.openqa.selenium.chrome.ChromeDriver
Command: [f3ddf27a378c4c0a7945ec713dd3cb0c, findElement {using=xpath, value=//button[normalize-space()='Search']}]
Capabilities {acceptInsecureCerts: false, browserName: chrome, browserVersion: 152.0.7977.84, chrome: {chromedriverVersion: 152.0.7977.82 (d04cdb24d67b..., userDataDir: C:\Users\chaker\AppData\Loc...}, fedcm:accounts: true, goog:chromeOptions: {debuggerAddress: localhost:61376}, goog:processID: 22020, networkConnectionEnabled: false, pageLoadStrategy: normal, platformName: windows, proxy: Proxy(), se:cdp: ws://localhost:61376/devtoo..., se:cdpVersion: 152.0.7977.84, setWindowRect: true, strictFileInteractability: false, timeouts: {implicit: 0, pageLoad: 300000, script: 30000}, unhandledPromptBehavior: dismiss and notify, webauthn:extension:credBlob: true, webauthn:extension:largeBlob: true, webauthn:extension:minPinLength: true, webauthn:extension:prf: true, webauthn:virtualAuthenticators: true}
Session ID: f3ddf27a378c4c0a7945ec713dd3cb0c
2026-09-11 15:47:14 [TestNG-test-OrangeHRM Test 1-1] ERROR ActionDriver - Error when try to apply color in a border: invalid session id
Build info: version: '4.49.0', revision: 'bedb24f bedb24f6f703876e7e4c5d506f0d697eb358c720'
System info: os.name: 'Windows 11', os.arch: 'amd64', os.version: '10.0', java.version: '23.0.2'
Driver info: org.openqa.selenium.chrome.ChromeDriver
Command: [f3ddf27a378c4c0a7945ec713dd3cb0c, findElement {using=xpath, value=//div[@class='oxd-table-card']/div/div[3]}]
Capabilities {acceptInsecureCerts: false, browserName: chrome, browserVersion: 152.0.7977.84, chrome: {chromedriverVersion: 152.0.7977.82 (d04cdb24d67b..., userDataDir: C:\Users\chaker\AppData\Loc...}, fedcm:accounts: true, goog:chromeOptions: {debuggerAddress: localhost:61376}, goog:processID: 22020, networkConnectionEnabled: false, pageLoadStrategy: normal, platformName: windows, proxy: Proxy(), se:cdp: ws://localhost:61376/devtoo..., se:cdpVersion: 152.0.7977.84, setWindowRect: true, strictFileInteractability: false, timeouts: {implicit: 0, pageLoad: 300000, script: 30000}, unhandledPromptBehavior: dismiss and notify, webauthn:extension:credBlob: true, webauthn:extension:largeBlob: true, webauthn:extension:minPinLength: true, webauthn:extension:prf: true, webauthn:virtualAuthenticators: true}
Session ID: f3ddf27a378c4c0a7945ec713dd3cb0c
2026-09-11 15:47:14 [TestNG-test-OrangeHRM Test 1-1] ERROR ActionDriver - This Element is not visible: invalid session id
Build info: version: '4.49.0', revision: 'bedb24f bedb24f6f703876e7e4c5d506f0d697eb358c720'
System info: os.name: 'Windows 11', os.arch: 'amd64', os.version: '10.0', java.version: '23.0.2'
Driver info: org.openqa.selenium.chrome.ChromeDriver
Command: [f3ddf27a378c4c0a7945ec713dd3cb0c, findElement {using=xpath, value=//div[@class='oxd-table-card']/div/div[3]}]
Capabilities {acceptInsecureCerts: false, browserName: chrome, browserVersion: 152.0.7977.84, chrome: {chromedriverVersion: 152.0.7977.82 (d04cdb24d67b..., userDataDir: C:\Users\chaker\AppData\Loc...}, fedcm:accounts: true, goog:chromeOptions: {debuggerAddress: localhost:61376}, goog:processID: 22020, networkConnectionEnabled: false, pageLoadStrategy: normal, platformName: windows, proxy: Proxy(), se:cdp: ws://localhost:61376/devtoo..., se:cdpVersion: 152.0.7977.84, setWindowRect: true, strictFileInteractability: false, timeouts: {implicit: 0, pageLoad: 300000, script: 30000}, unhandledPromptBehavior: dismiss and notify, webauthn:extension:credBlob: true, webauthn:extension:largeBlob: true, webauthn:extension:minPinLength: true, webauthn:extension:prf: true, webauthn:virtualAuthenticators: true}
Session ID: f3ddf27a378c4c0a7945ec713dd3cb0c
2026-09-11 15:47:14 [TestNG-test-OrangeHRM Test 1-1] ERROR ActionDriver - Error when try to apply color in a border: invalid session id
Build info: version: '4.49.0', revision: 'bedb24f bedb24f6f703876e7e4c5d506f0d697eb358c720'
System info: os.name: 'Windows 11', os.arch: 'amd64', os.version: '10.0', java.version: '23.0.2'
Driver info: org.openqa.selenium.chrome.ChromeDriver
Command: [f3ddf27a378c4c0a7945ec713dd3cb0c, findElement {using=xpath, value=//div[@class='oxd-table-card']/div/div[3]}]
Capabilities {acceptInsecureCerts: false, browserName: chrome, browserVersion: 152.0.7977.84, chrome: {chromedriverVersion: 152.0.7977.82 (d04cdb24d67b..., userDataDir: C:\Users\chaker\AppData\Loc...}, fedcm:accounts: true, goog:chromeOptions: {debuggerAddress: localhost:61376}, goog:processID: 22020, networkConnectionEnabled: false, pageLoadStrategy: normal, platformName: windows, proxy: Proxy(), se:cdp: ws://localhost:61376/devtoo..., se:cdpVersion: 152.0.7977.84, setWindowRect: true, strictFileInteractability: false, timeouts: {implicit: 0, pageLoad: 300000, script: 30000}, unhandledPromptBehavior: dismiss and notify, webauthn:extension:credBlob: true, webauthn:extension:largeBlob: true, webauthn:extension:minPinLength: true, webauthn:extension:prf: true, webauthn:virtualAuthenticators: true}
Session ID: f3ddf27a378c4c0a7945ec713dd3cb0c
2026-09-11 15:47:14 [TestNG-test-OrangeHRM Test 1-1] ERROR ActionDriver - Element to scroll is not visible: invalid session id
Build info: version: '4.49.0', revision: 'bedb24f bedb24f6f703876e7e4c5d506f0d697eb358c720'
System info: os.name: 'Windows 11', os.arch: 'amd64', os.version: '10.0', java.version: '23.0.2'
Driver info: org.openqa.selenium.chrome.ChromeDriver
Command: [f3ddf27a378c4c0a7945ec713dd3cb0c, findElement {using=xpath, value=//div[@class='oxd-table-card']/div/div[3]}]
Capabilities {acceptInsecureCerts: false, browserName: chrome, browserVersion: 152.0.7977.84, chrome: {chromedriverVersion: 152.0.7977.82 (d04cdb24d67b..., userDataDir: C:\Users\chaker\AppData\Loc...}, fedcm:accounts: true, goog:chromeOptions: {debuggerAddress: localhost:61376}, goog:processID: 22020, networkConnectionEnabled: false, pageLoadStrategy: normal, platformName: windows, proxy: Proxy(), se:cdp: ws://localhost:61376/devtoo..., se:cdpVersion: 152.0.7977.84, setWindowRect: true, strictFileInteractability: false, timeouts: {implicit: 0, pageLoad: 300000, script: 30000}, unhandledPromptBehavior: dismiss and notify, webauthn:extension:credBlob: true, webauthn:extension:largeBlob: true, webauthn:extension:minPinLength: true, webauthn:extension:prf: true, webauthn:virtualAuthenticators: true}
Session ID: f3ddf27a378c4c0a7945ec713dd3cb0c
2026-09-11 15:47:15 [TestNG-test-OrangeHRM Test 1-1] ERROR DBConnection - Error of establishing DB Connection : Communications link failure

The last packet sent successfully to the server was 0 milliseconds ago. The driver has not received any packets from the server.
2026-09-11 15:47:15 [TestNG-test-OrangeHRM Test 1-1] ERROR ActionDriver - This Element is not visible: invalid session id
Build info: version: '4.49.0', revision: 'bedb24f bedb24f6f703876e7e4c5d506f0d697eb358c720'
System info: os.name: 'Windows 11', os.arch: 'amd64', os.version: '10.0', java.version: '23.0.2'
Driver info: org.openqa.selenium.chrome.ChromeDriver
Command: [f3ddf27a378c4c0a7945ec713dd3cb0c, findElement {using=xpath, value=//div[@class='oxd-table-card']/div/div[3]}]
Capabilities {acceptInsecureCerts: false, browserName: chrome, browserVersion: 152.0.7977.84, chrome: {chromedriverVersion: 152.0.7977.82 (d04cdb24d67b..., userDataDir: C:\Users\chaker\AppData\Loc...}, fedcm:accounts: true, goog:chromeOptions: {debuggerAddress: localhost:61376}, goog:processID: 22020, networkConnectionEnabled: false, pageLoadStrategy: normal, platformName: windows, proxy: Proxy(), se:cdp: ws://localhost:61376/devtoo..., se:cdpVersion: 152.0.7977.84, setWindowRect: true, strictFileInteractability: false, timeouts: {implicit: 0, pageLoad: 300000, script: 30000}, unhandledPromptBehavior: dismiss and notify, webauthn:extension:credBlob: true, webauthn:extension:largeBlob: true, webauthn:extension:minPinLength: true, webauthn:extension:prf: true, webauthn:virtualAuthenticators: true}
Session ID: f3ddf27a378c4c0a7945ec713dd3cb0c
2026-09-11 15:47:15 [TestNG-test-OrangeHRM Test 1-1] ERROR ActionDriver - Error when try to apply color in a border: invalid session id
Build info: version: '4.49.0', revision: 'bedb24f bedb24f6f703876e7e4c5d506f0d697eb358c720'
System info: os.name: 'Windows 11', os.arch: 'amd64', os.version: '10.0', java.version: '23.0.2'
Driver info: org.openqa.selenium.chrome.ChromeDriver
Command: [f3ddf27a378c4c0a7945ec713dd3cb0c, findElement {using=xpath, value=//div[@class='oxd-table-card']/div/div[3]}]
Capabilities {acceptInsecureCerts: false, browserName: chrome, browserVersion: 152.0.7977.84, chrome: {chromedriverVersion: 152.0.7977.82 (d04cdb24d67b..., userDataDir: C:\Users\chaker\AppData\Loc...}, fedcm:accounts: true, goog:chromeOptions: {debuggerAddress: localhost:61376}, goog:processID: 22020, networkConnectionEnabled: false, pageLoadStrategy: normal, platformName: windows, proxy: Proxy(), se:cdp: ws://localhost:61376/devtoo..., se:cdpVersion: 152.0.7977.84, setWindowRect: true, strictFileInteractability: false, timeouts: {implicit: 0, pageLoad: 300000, script: 30000}, unhandledPromptBehavior: dismiss and notify, webauthn:extension:credBlob: true, webauthn:extension:largeBlob: true, webauthn:extension:minPinLength: true, webauthn:extension:prf: true, webauthn:virtualAuthenticators: true}
Session ID: f3ddf27a378c4c0a7945ec713dd3cb0c
2026-09-11 15:47:15 [TestNG-test-OrangeHRM Test 1-1] ERROR ActionDriver - Element compared is not visible: invalid session id
Build info: version: '4.49.0', revision: 'bedb24f bedb24f6f703876e7e4c5d506f0d697eb358c720'
System info: os.name: 'Windows 11', os.arch: 'amd64', os.version: '10.0', java.version: '23.0.2'
Driver info: org.openqa.selenium.chrome.ChromeDriver
Command: [f3ddf27a378c4c0a7945ec713dd3cb0c, findElement {using=xpath, value=//div[@class='oxd-table-card']/div/div[3]}]
Capabilities {acceptInsecureCerts: false, browserName: chrome, browserVersion: 152.0.7977.84, chrome: {chromedriverVersion: 152.0.7977.82 (d04cdb24d67b..., userDataDir: C:\Users\chaker\AppData\Loc...}, fedcm:accounts: true, goog:chromeOptions: {debuggerAddress: localhost:61376}, goog:processID: 22020, networkConnectionEnabled: false, pageLoadStrategy: normal, platformName: windows, proxy: Proxy(), se:cdp: ws://localhost:61376/devtoo..., se:cdpVersion: 152.0.7977.84, setWindowRect: true, strictFileInteractability: false, timeouts: {implicit: 0, pageLoad: 300000, script: 30000}, unhandledPromptBehavior: dismiss and notify, webauthn:extension:credBlob: true, webauthn:extension:largeBlob: true, webauthn:extension:minPinLength: true, webauthn:extension:prf: true, webauthn:virtualAuthenticators: true}
Session ID: f3ddf27a378c4c0a7945ec713dd3cb0c
2026-09-11 15:47:15 [TestNG-test-OrangeHRM Test 1-1] ERROR ActionDriver - This Element is not visible: invalid session id
Build info: version: '4.49.0', revision: 'bedb24f bedb24f6f703876e7e4c5d506f0d697eb358c720'
System info: os.name: 'Windows 11', os.arch: 'amd64', os.version: '10.0', java.version: '23.0.2'
Driver info: org.openqa.selenium.chrome.ChromeDriver
Command: [f3ddf27a378c4c0a7945ec713dd3cb0c, findElement {using=xpath, value=//div[@class='oxd-table-card']/div/div[4]}]
Capabilities {acceptInsecureCerts: false, browserName: chrome, browserVersion: 152.0.7977.84, chrome: {chromedriverVersion: 152.0.7977.82 (d04cdb24d67b..., userDataDir: C:\Users\chaker\AppData\Loc...}, fedcm:accounts: true, goog:chromeOptions: {debuggerAddress: localhost:61376}, goog:processID: 22020, networkConnectionEnabled: false, pageLoadStrategy: normal, platformName: windows, proxy: Proxy(), se:cdp: ws://localhost:61376/devtoo..., se:cdpVersion: 152.0.7977.84, setWindowRect: true, strictFileInteractability: false, timeouts: {implicit: 0, pageLoad: 300000, script: 30000}, unhandledPromptBehavior: dismiss and notify, webauthn:extension:credBlob: true, webauthn:extension:largeBlob: true, webauthn:extension:minPinLength: true, webauthn:extension:prf: true, webauthn:virtualAuthenticators: true}
Session ID: f3ddf27a378c4c0a7945ec713dd3cb0c
2026-09-11 15:47:15 [TestNG-test-OrangeHRM Test 1-1] ERROR ActionDriver - Error when try to apply color in a border: invalid session id
Build info: version: '4.49.0', revision: 'bedb24f bedb24f6f703876e7e4c5d506f0d697eb358c720'
System info: os.name: 'Windows 11', os.arch: 'amd64', os.version: '10.0', java.version: '23.0.2'
Driver info: org.openqa.selenium.chrome.ChromeDriver
Command: [f3ddf27a378c4c0a7945ec713dd3cb0c, findElement {using=xpath, value=//div[@class='oxd-table-card']/div/div[4]}]
Capabilities {acceptInsecureCerts: false, browserName: chrome, browserVersion: 152.0.7977.84, chrome: {chromedriverVersion: 152.0.7977.82 (d04cdb24d67b..., userDataDir: C:\Users\chaker\AppData\Loc...}, fedcm:accounts: true, goog:chromeOptions: {debuggerAddress: localhost:61376}, goog:processID: 22020, networkConnectionEnabled: false, pageLoadStrategy: normal, platformName: windows, proxy: Proxy(), se:cdp: ws://localhost:61376/devtoo..., se:cdpVersion: 152.0.7977.84, setWindowRect: true, strictFileInteractability: false, timeouts: {implicit: 0, pageLoad: 300000, script: 30000}, unhandledPromptBehavior: dismiss and notify, webauthn:extension:credBlob: true, webauthn:extension:largeBlob: true, webauthn:extension:minPinLength: true, webauthn:extension:prf: true, webauthn:virtualAuthenticators: true}
Session ID: f3ddf27a378c4c0a7945ec713dd3cb0c
2026-09-11 15:47:15 [TestNG-test-OrangeHRM Test 1-1] ERROR ActionDriver - Element compared is not visible: invalid session id
Build info: version: '4.49.0', revision: 'bedb24f bedb24f6f703876e7e4c5d506f0d697eb358c720'
System info: os.name: 'Windows 11', os.arch: 'amd64', os.version: '10.0', java.version: '23.0.2'
Driver info: org.openqa.selenium.chrome.ChromeDriver
Command: [f3ddf27a378c4c0a7945ec713dd3cb0c, findElement {using=xpath, value=//div[@class='oxd-table-card']/div/div[4]}]
Capabilities {acceptInsecureCerts: false, browserName: chrome, browserVersion: 152.0.7977.84, chrome: {chromedriverVersion: 152.0.7977.82 (d04cdb24d67b..., userDataDir: C:\Users\chaker\AppData\Loc...}, fedcm:accounts: true, goog:chromeOptions: {debuggerAddress: localhost:61376}, goog:processID: 22020, networkConnectionEnabled: false, pageLoadStrategy: normal, platformName: windows, proxy: Proxy(), se:cdp: ws://localhost:61376/devtoo..., se:cdpVersion: 152.0.7977.84, setWindowRect: true, strictFileInteractability: false, timeouts: {implicit: 0, pageLoad: 300000, script: 30000}, unhandledPromptBehavior: dismiss and notify, webauthn:extension:credBlob: true, webauthn:extension:largeBlob: true, webauthn:extension:minPinLength: true, webauthn:extension:prf: true, webauthn:virtualAuthenticators: true}
Session ID: f3ddf27a378c4c0a7945ec713dd3cb0c
2026-09-11 15:53:55 [TestNG-test-OrangeHRM Test 1-1] ERROR BaseClass - This is an error message
2026-09-11 15:53:55 [TestNG-test-OrangeHRM Test 1-1] FATAL BaseClass - This is a fatal message
2026-09-11 15:58:30 [TestNG-test-OrangeHRM Test 1-1] ERROR BaseClass - This is an error message
2026-09-11 15:58:30 [TestNG-test-OrangeHRM Test 1-1] FATAL BaseClass - This is a fatal message
2026-09-11 17:36:05 [TestNG-test-OrangeHRM Test 1-1] ERROR BaseClass - This is an error message
2026-09-11 17:36:05 [TestNG-test-OrangeHRM Test 1-1] FATAL BaseClass - This is a fatal message
2026-09-11 17:36:21 [TestNG-test-OrangeHRM Test 1-1] ERROR ActionDriver - Unable to describe the element: no such element: Unable to locate element: {"method":"css selector","selector":"*[name='username']"}
  (Session info: chrome=152.0.7977.84)
For documentation on this error, please visit: https://www.selenium.dev/documentation/webdriver/troubleshooting/errors#nosuchelementexception
Build info: version: '4.49.0', revision: 'bedb24f bedb24f6f703876e7e4c5d506f0d697eb358c720'
System info: os.name: 'Windows 11', os.arch: 'amd64', os.version: '10.0', java.version: '23.0.2'
Driver info: org.openqa.selenium.chrome.ChromeDriver
Command: [b4b4c61f70861b34e229ce64650b8135, findElement {using=name, value=username}]
Capabilities {acceptInsecureCerts: false, browserName: chrome, browserVersion: 152.0.7977.84, chrome: {chromedriverVersion: 152.0.7977.82 (d04cdb24d67b..., userDataDir: C:\Users\chaker\AppData\Loc...}, fedcm:accounts: true, goog:chromeOptions: {debuggerAddress: localhost:52475}, goog:processID: 23684, networkConnectionEnabled: false, pageLoadStrategy: normal, platformName: windows, proxy: Proxy(), se:cdp: ws://localhost:52475/devtoo..., se:cdpVersion: 152.0.7977.84, setWindowRect: true, strictFileInteractability: false, timeouts: {implicit: 0, pageLoad: 300000, script: 30000}, unhandledPromptBehavior: dismiss and notify, webauthn:extension:credBlob: true, webauthn:extension:largeBlob: true, webauthn:extension:minPinLength: true, webauthn:extension:prf: true, webauthn:virtualAuthenticators: true}
Session ID: b4b4c61f70861b34e229ce64650b8135
2026-09-11 17:36:36 [TestNG-test-OrangeHRM Test 1-1] ERROR ActionDriver - Error when try to apply color in a border: no such element: Unable to locate element: {"method":"css selector","selector":"*[name='username']"}
  (Session info: chrome=152.0.7977.84)
For documentation on this error, please visit: https://www.selenium.dev/documentation/webdriver/troubleshooting/errors#nosuchelementexception
Build info: version: '4.49.0', revision: 'bedb24f bedb24f6f703876e7e4c5d506f0d697eb358c720'
System info: os.name: 'Windows 11', os.arch: 'amd64', os.version: '10.0', java.version: '23.0.2'
Driver info: org.openqa.selenium.chrome.ChromeDriver
Command: [b4b4c61f70861b34e229ce64650b8135, findElement {using=name, value=username}]
Capabilities {acceptInsecureCerts: false, browserName: chrome, browserVersion: 152.0.7977.84, chrome: {chromedriverVersion: 152.0.7977.82 (d04cdb24d67b..., userDataDir: C:\Users\chaker\AppData\Loc...}, fedcm:accounts: true, goog:chromeOptions: {debuggerAddress: localhost:52475}, goog:processID: 23684, networkConnectionEnabled: false, pageLoadStrategy: normal, platformName: windows, proxy: Proxy(), se:cdp: ws://localhost:52475/devtoo..., se:cdpVersion: 152.0.7977.84, setWindowRect: true, strictFileInteractability: false, timeouts: {implicit: 0, pageLoad: 300000, script: 30000}, unhandledPromptBehavior: dismiss and notify, webauthn:extension:credBlob: true, webauthn:extension:largeBlob: true, webauthn:extension:minPinLength: true, webauthn:extension:prf: true, webauthn:virtualAuthenticators: true}
Session ID: b4b4c61f70861b34e229ce64650b8135
2026-09-11 17:37:06 [TestNG-test-OrangeHRM Test 1-1] ERROR ActionDriver - This Element is not visible: Expected condition failed: waiting for visibility of element found by By.name: username, but... org.openqa.selenium.NoSuchElementException: no such element: Unable to locate element: {"method":"css selector","selector":"*[name='username']"}.
(tried for 25 seconds with 500 milliseconds interval)
Build info: version: '4.49.0', revision: 'bedb24f bedb24f6f703876e7e4c5d506f0d697eb358c720'
System info: os.name: 'Windows 11', os.arch: 'amd64', os.version: '10.0', java.version: '23.0.2'
Driver info: org.openqa.selenium.chrome.ChromeDriver
Capabilities {acceptInsecureCerts: false, browserName: chrome, browserVersion: 152.0.7977.84, chrome: {chromedriverVersion: 152.0.7977.82 (d04cdb24d67b..., userDataDir: C:\Users\chaker\AppData\Loc...}, fedcm:accounts: true, goog:chromeOptions: {debuggerAddress: localhost:52475}, goog:processID: 23684, networkConnectionEnabled: false, pageLoadStrategy: normal, platformName: windows, proxy: Proxy(), se:cdp: ws://localhost:52475/devtoo..., se:cdpVersion: 152.0.7977.84, setWindowRect: true, strictFileInteractability: false, timeouts: {implicit: 0, pageLoad: 300000, script: 30000}, unhandledPromptBehavior: dismiss and notify, webauthn:extension:credBlob: true, webauthn:extension:largeBlob: true, webauthn:extension:minPinLength: true, webauthn:extension:prf: true, webauthn:virtualAuthenticators: true}
Session ID: b4b4c61f70861b34e229ce64650b8135
2026-09-11 17:37:36 [TestNG-test-OrangeHRM Test 1-1] ERROR BaseClass - This is an error message
2026-09-11 17:37:36 [TestNG-test-OrangeHRM Test 1-1] FATAL BaseClass - This is a fatal message
2026-09-11 17:38:59 [TestNG-test-OrangeHRM Test 1-2] ERROR BaseClass - This is an error message
2026-09-11 17:38:59 [TestNG-test-OrangeHRM Test 1-1] ERROR BaseClass - This is an error message
2026-09-11 17:38:59 [TestNG-test-OrangeHRM Test 1-1] FATAL BaseClass - This is a fatal message
2026-09-11 17:38:59 [TestNG-test-OrangeHRM Test 1-2] FATAL BaseClass - This is a fatal message
2026-09-11 17:43:38 [TestNG-test-OrangeHRM Test 1-2] ERROR BaseClass - This is an error message
2026-09-11 17:43:38 [TestNG-test-OrangeHRM Test 1-1] ERROR BaseClass - This is an error message
2026-09-11 17:43:38 [TestNG-test-OrangeHRM Test 1-1] FATAL BaseClass - This is a fatal message
2026-09-11 17:43:38 [TestNG-test-OrangeHRM Test 1-2] FATAL BaseClass - This is a fatal message
2026-09-11 17:45:19 [TestNG-test-OrangeHRM Test 1-1] ERROR BaseClass - This is an error message
2026-09-11 17:45:19 [TestNG-test-OrangeHRM Test 1-1] FATAL BaseClass - This is a fatal message
2026-09-11 17:45:21 [TestNG-test-OrangeHRM Test 1-2] ERROR BaseClass - This is an error message
2026-09-11 17:45:21 [TestNG-test-OrangeHRM Test 1-2] FATAL BaseClass - This is a fatal message
2026-09-11 18:15:46 [TestNG-test-OrangeHRM Test 1-5] ERROR BaseClass - This is an error message
2026-09-11 18:15:46 [TestNG-test-OrangeHRM Test 1-5] FATAL BaseClass - This is a fatal message
2026-09-11 18:15:46 [TestNG-test-OrangeHRM Test 1-4] ERROR BaseClass - This is an error message
2026-09-11 18:15:46 [TestNG-test-OrangeHRM Test 1-4] FATAL BaseClass - This is a fatal message
2026-09-11 18:15:52 [TestNG-test-OrangeHRM Test 1-3] ERROR BaseClass - This is an error message
2026-09-11 18:15:52 [TestNG-test-OrangeHRM Test 1-3] FATAL BaseClass - This is a fatal message
2026-09-11 18:15:56 [TestNG-test-OrangeHRM Test 1-5] ERROR BaseClass - This is an error message
2026-09-11 18:15:56 [TestNG-test-OrangeHRM Test 1-5] FATAL BaseClass - This is a fatal message
2026-09-11 18:15:59 [TestNG-test-OrangeHRM Test 1-1] ERROR BaseClass - This is an error message
2026-09-11 18:15:59 [TestNG-test-OrangeHRM Test 1-1] FATAL BaseClass - This is a fatal message
2026-09-11 18:16:03 [TestNG-test-OrangeHRM Test 1-2] ERROR BaseClass - This is an error message
2026-09-11 18:16:03 [TestNG-test-OrangeHRM Test 1-2] FATAL BaseClass - This is a fatal message
2026-09-11 18:16:24 [TestNG-test-OrangeHRM Test 1-5] ERROR BaseClass - This is an error message
2026-09-11 18:16:24 [TestNG-test-OrangeHRM Test 1-3] ERROR BaseClass - This is an error message
2026-09-11 18:16:24 [TestNG-test-OrangeHRM Test 1-5] FATAL BaseClass - This is a fatal message
2026-09-11 18:16:24 [TestNG-test-OrangeHRM Test 1-3] FATAL BaseClass - This is a fatal message
2026-09-11 18:16:44 [TestNG-test-OrangeHRM Test 1-3] ERROR ActionDriver - Unable to describe the element: no such element: Unable to locate element: {"method":"css selector","selector":"body > div:nth-child(3) > div:nth-child(1) > div:nth-child(1) > aside:nth-child(1) > nav:nth-child(1) > div:nth-child(2) > ul:nth-child(2) > li:nth-child(1) > a:nth-child(1) > span:nth-child(2)"}
  (Session info: chrome=152.0.7977.84)
For documentation on this error, please visit: https://www.selenium.dev/documentation/webdriver/troubleshooting/errors#nosuchelementexception
Build info: version: '4.49.0', revision: 'bedb24f bedb24f6f703876e7e4c5d506f0d697eb358c720'
System info: os.name: 'Windows 10', os.arch: 'amd64', os.version: '10.0', java.version: '17'
Driver info: org.openqa.selenium.chrome.ChromeDriver
Command: [1a28a89968d475266c75e8e99ec9ad2e, findElement {value=body > div:nth-child(3) > div:nth-child(1) > div:nth-child(1) > aside:nth-child(1) > nav:nth-child(1) > div:nth-child(2) > ul:nth-child(2) > li:nth-child(1) > a:nth-child(1) > span:nth-child(2), using=css selector}]
Capabilities {acceptInsecureCerts: false, browserName: chrome, browserVersion: 152.0.7977.84, chrome: {chromedriverVersion: 152.0.7977.82 (d04cdb24d67b..., userDataDir: C:\Users\chaker\AppData\Loc...}, fedcm:accounts: true, goog:chromeOptions: {debuggerAddress: localhost:56851}, goog:processID: 27040, networkConnectionEnabled: false, pageLoadStrategy: normal, platformName: windows, proxy: Proxy(), se:cdp: ws://localhost:56851/devtoo..., se:cdpVersion: 152.0.7977.84, setWindowRect: true, strictFileInteractability: false, timeouts: {implicit: 0, pageLoad: 300000, script: 30000}, unhandledPromptBehavior: dismiss and notify, webauthn:extension:credBlob: true, webauthn:extension:largeBlob: true, webauthn:extension:minPinLength: true, webauthn:extension:prf: true, webauthn:virtualAuthenticators: true}
Session ID: 1a28a89968d475266c75e8e99ec9ad2e
2026-09-11 18:17:15 [TestNG-test-OrangeHRM Test 1-3] ERROR ActionDriver - This Element is not visible: Expected condition failed: waiting for visibility of element found by By.cssSelector: body > div:nth-child(3) > div:nth-child(1) > div:nth-child(1) > aside:nth-child(1) > nav:nth-child(1) > div:nth-child(2) > ul:nth-child(2) > li:nth-child(1) > a:nth-child(1) > span:nth-child(2), but... org.openqa.selenium.NoSuchElementException: no such element: Unable to locate element: {"method":"css selector","selector":"body > div:nth-child(3) > div:nth-child(1) > div:nth-child(1) > aside:nth-child(1) > nav:nth-child(1) > div:nth-child(2) > ul:nth-child(2) > li:nth-child(1) > a:nth-child(1) > span:nth-child(2)"}.
(tried for 25 seconds with 500 milliseconds interval)
Build info: version: '4.49.0', revision: 'bedb24f bedb24f6f703876e7e4c5d506f0d697eb358c720'
System info: os.name: 'Windows 10', os.arch: 'amd64', os.version: '10.0', java.version: '17'
Driver info: org.openqa.selenium.chrome.ChromeDriver
Capabilities {acceptInsecureCerts: false, browserName: chrome, browserVersion: 152.0.7977.84, chrome: {chromedriverVersion: 152.0.7977.82 (d04cdb24d67b..., userDataDir: C:\Users\chaker\AppData\Loc...}, fedcm:accounts: true, goog:chromeOptions: {debuggerAddress: localhost:56851}, goog:processID: 27040, networkConnectionEnabled: false, pageLoadStrategy: normal, platformName: windows, proxy: Proxy(), se:cdp: ws://localhost:56851/devtoo..., se:cdpVersion: 152.0.7977.84, setWindowRect: true, strictFileInteractability: false, timeouts: {implicit: 0, pageLoad: 300000, script: 30000}, unhandledPromptBehavior: dismiss and notify, webauthn:extension:credBlob: true, webauthn:extension:largeBlob: true, webauthn:extension:minPinLength: true, webauthn:extension:prf: true, webauthn:virtualAuthenticators: true}
Session ID: 1a28a89968d475266c75e8e99ec9ad2e
2026-09-11 18:17:45 [TestNG-test-OrangeHRM Test 1-3] ERROR ActionDriver - Error when try to apply color in a border: no such element: Unable to locate element: {"method":"css selector","selector":"body > div:nth-child(3) > div:nth-child(1) > div:nth-child(1) > aside:nth-child(1) > nav:nth-child(1) > div:nth-child(2) > ul:nth-child(2) > li:nth-child(1) > a:nth-child(1) > span:nth-child(2)"}
  (Session info: chrome=152.0.7977.84)
For documentation on this error, please visit: https://www.selenium.dev/documentation/webdriver/troubleshooting/errors#nosuchelementexception
Build info: version: '4.49.0', revision: 'bedb24f bedb24f6f703876e7e4c5d506f0d697eb358c720'
System info: os.name: 'Windows 10', os.arch: 'amd64', os.version: '10.0', java.version: '17'
Driver info: org.openqa.selenium.chrome.ChromeDriver
Command: [1a28a89968d475266c75e8e99ec9ad2e, findElement {value=body > div:nth-child(3) > div:nth-child(1) > div:nth-child(1) > aside:nth-child(1) > nav:nth-child(1) > div:nth-child(2) > ul:nth-child(2) > li:nth-child(1) > a:nth-child(1) > span:nth-child(2), using=css selector}]
Capabilities {acceptInsecureCerts: false, browserName: chrome, browserVersion: 152.0.7977.84, chrome: {chromedriverVersion: 152.0.7977.82 (d04cdb24d67b..., userDataDir: C:\Users\chaker\AppData\Loc...}, fedcm:accounts: true, goog:chromeOptions: {debuggerAddress: localhost:56851}, goog:processID: 27040, networkConnectionEnabled: false, pageLoadStrategy: normal, platformName: windows, proxy: Proxy(), se:cdp: ws://localhost:56851/devtoo..., se:cdpVersion: 152.0.7977.84, setWindowRect: true, strictFileInteractability: false, timeouts: {implicit: 0, pageLoad: 300000, script: 30000}, unhandledPromptBehavior: dismiss and notify, webauthn:extension:credBlob: true, webauthn:extension:largeBlob: true, webauthn:extension:minPinLength: true, webauthn:extension:prf: true, webauthn:virtualAuthenticators: true}
Session ID: 1a28a89968d475266c75e8e99ec9ad2e
2026-09-11 18:17:45 [TestNG-test-OrangeHRM Test 1-3] ERROR ActionDriver - Element is not displayed: no such element: Unable to locate element: {"method":"css selector","selector":"body > div:nth-child(3) > div:nth-child(1) > div:nth-child(1) > aside:nth-child(1) > nav:nth-child(1) > div:nth-child(2) > ul:nth-child(2) > li:nth-child(1) > a:nth-child(1) > span:nth-child(2)"}
  (Session info: chrome=152.0.7977.84)
For documentation on this error, please visit: https://www.selenium.dev/documentation/webdriver/troubleshooting/errors#nosuchelementexception
Build info: version: '4.49.0', revision: 'bedb24f bedb24f6f703876e7e4c5d506f0d697eb358c720'
System info: os.name: 'Windows 10', os.arch: 'amd64', os.version: '10.0', java.version: '17'
Driver info: org.openqa.selenium.chrome.ChromeDriver
Command: [1a28a89968d475266c75e8e99ec9ad2e, findElement {value=body > div:nth-child(3) > div:nth-child(1) > div:nth-child(1) > aside:nth-child(1) > nav:nth-child(1) > div:nth-child(2) > ul:nth-child(2) > li:nth-child(1) > a:nth-child(1) > span:nth-child(2), using=css selector}]
Capabilities {acceptInsecureCerts: false, browserName: chrome, browserVersion: 152.0.7977.84, chrome: {chromedriverVersion: 152.0.7977.82 (d04cdb24d67b..., userDataDir: C:\Users\chaker\AppData\Loc...}, fedcm:accounts: true, goog:chromeOptions: {debuggerAddress: localhost:56851}, goog:processID: 27040, networkConnectionEnabled: false, pageLoadStrategy: normal, platformName: windows, proxy: Proxy(), se:cdp: ws://localhost:56851/devtoo..., se:cdpVersion: 152.0.7977.84, setWindowRect: true, strictFileInteractability: false, timeouts: {implicit: 0, pageLoad: 300000, script: 30000}, unhandledPromptBehavior: dismiss and notify, webauthn:extension:credBlob: true, webauthn:extension:largeBlob: true, webauthn:extension:minPinLength: true, webauthn:extension:prf: true, webauthn:virtualAuthenticators: true}
Session ID: 1a28a89968d475266c75e8e99ec9ad2e
2026-09-11 18:17:53 [TestNG-test-OrangeHRM Test 1-3] ERROR BaseClass - This is an error message
2026-09-11 18:17:53 [TestNG-test-OrangeHRM Test 1-3] FATAL BaseClass - This is a fatal message
2026-09-11 18:18:10 [TestNG-test-OrangeHRM Test 1-3] ERROR ActionDriver - Unable to describe the element: no such element: Unable to locate element: {"method":"css selector","selector":"body > div:nth-child(3) > div:nth-child(1) > div:nth-child(1) > aside:nth-child(1) > nav:nth-child(1) > div:nth-child(2) > ul:nth-child(2) > li:nth-child(1) > a:nth-child(1) > span:nth-child(2)"}
  (Session info: chrome=152.0.7977.84)
For documentation on this error, please visit: https://www.selenium.dev/documentation/webdriver/troubleshooting/errors#nosuchelementexception
Build info: version: '4.49.0', revision: 'bedb24f bedb24f6f703876e7e4c5d506f0d697eb358c720'
System info: os.name: 'Windows 10', os.arch: 'amd64', os.version: '10.0', java.version: '17'
Driver info: org.openqa.selenium.chrome.ChromeDriver
Command: [53841c68f45b16428fd8d444c894f436, findElement {value=body > div:nth-child(3) > div:nth-child(1) > div:nth-child(1) > aside:nth-child(1) > nav:nth-child(1) > div:nth-child(2) > ul:nth-child(2) > li:nth-child(1) > a:nth-child(1) > span:nth-child(2), using=css selector}]
Capabilities {acceptInsecureCerts: false, browserName: chrome, browserVersion: 152.0.7977.84, chrome: {chromedriverVersion: 152.0.7977.82 (d04cdb24d67b..., userDataDir: C:\Users\chaker\AppData\Loc...}, fedcm:accounts: true, goog:chromeOptions: {debuggerAddress: localhost:62551}, goog:processID: 9500, networkConnectionEnabled: false, pageLoadStrategy: normal, platformName: windows, proxy: Proxy(), se:cdp: ws://localhost:62551/devtoo..., se:cdpVersion: 152.0.7977.84, setWindowRect: true, strictFileInteractability: false, timeouts: {implicit: 0, pageLoad: 300000, script: 30000}, unhandledPromptBehavior: dismiss and notify, webauthn:extension:credBlob: true, webauthn:extension:largeBlob: true, webauthn:extension:minPinLength: true, webauthn:extension:prf: true, webauthn:virtualAuthenticators: true}
Session ID: 53841c68f45b16428fd8d444c894f436
2026-09-11 18:18:41 [TestNG-test-OrangeHRM Test 1-3] ERROR ActionDriver - This Element is not visible: Expected condition failed: waiting for visibility of element found by By.cssSelector: body > div:nth-child(3) > div:nth-child(1) > div:nth-child(1) > aside:nth-child(1) > nav:nth-child(1) > div:nth-child(2) > ul:nth-child(2) > li:nth-child(1) > a:nth-child(1) > span:nth-child(2), but... org.openqa.selenium.NoSuchElementException: no such element: Unable to locate element: {"method":"css selector","selector":"body > div:nth-child(3) > div:nth-child(1) > div:nth-child(1) > aside:nth-child(1) > nav:nth-child(1) > div:nth-child(2) > ul:nth-child(2) > li:nth-child(1) > a:nth-child(1) > span:nth-child(2)"}.
(tried for 25 seconds with 500 milliseconds interval)
Build info: version: '4.49.0', revision: 'bedb24f bedb24f6f703876e7e4c5d506f0d697eb358c720'
System info: os.name: 'Windows 10', os.arch: 'amd64', os.version: '10.0', java.version: '17'
Driver info: org.openqa.selenium.chrome.ChromeDriver
Capabilities {acceptInsecureCerts: false, browserName: chrome, browserVersion: 152.0.7977.84, chrome: {chromedriverVersion: 152.0.7977.82 (d04cdb24d67b..., userDataDir: C:\Users\chaker\AppData\Loc...}, fedcm:accounts: true, goog:chromeOptions: {debuggerAddress: localhost:62551}, goog:processID: 9500, networkConnectionEnabled: false, pageLoadStrategy: normal, platformName: windows, proxy: Proxy(), se:cdp: ws://localhost:62551/devtoo..., se:cdpVersion: 152.0.7977.84, setWindowRect: true, strictFileInteractability: false, timeouts: {implicit: 0, pageLoad: 300000, script: 30000}, unhandledPromptBehavior: dismiss and notify, webauthn:extension:credBlob: true, webauthn:extension:largeBlob: true, webauthn:extension:minPinLength: true, webauthn:extension:prf: true, webauthn:virtualAuthenticators: true}
Session ID: 53841c68f45b16428fd8d444c894f436
2026-09-11 18:19:11 [TestNG-test-OrangeHRM Test 1-3] ERROR ActionDriver - Error when try to apply color in a border: no such element: Unable to locate element: {"method":"css selector","selector":"body > div:nth-child(3) > div:nth-child(1) > div:nth-child(1) > aside:nth-child(1) > nav:nth-child(1) > div:nth-child(2) > ul:nth-child(2) > li:nth-child(1) > a:nth-child(1) > span:nth-child(2)"}
  (Session info: chrome=152.0.7977.84)
For documentation on this error, please visit: https://www.selenium.dev/documentation/webdriver/troubleshooting/errors#nosuchelementexception
Build info: version: '4.49.0', revision: 'bedb24f bedb24f6f703876e7e4c5d506f0d697eb358c720'
System info: os.name: 'Windows 10', os.arch: 'amd64', os.version: '10.0', java.version: '17'
Driver info: org.openqa.selenium.chrome.ChromeDriver
Command: [53841c68f45b16428fd8d444c894f436, findElement {value=body > div:nth-child(3) > div:nth-child(1) > div:nth-child(1) > aside:nth-child(1) > nav:nth-child(1) > div:nth-child(2) > ul:nth-child(2) > li:nth-child(1) > a:nth-child(1) > span:nth-child(2), using=css selector}]
Capabilities {acceptInsecureCerts: false, browserName: chrome, browserVersion: 152.0.7977.84, chrome: {chromedriverVersion: 152.0.7977.82 (d04cdb24d67b..., userDataDir: C:\Users\chaker\AppData\Loc...}, fedcm:accounts: true, goog:chromeOptions: {debuggerAddress: localhost:62551}, goog:processID: 9500, networkConnectionEnabled: false, pageLoadStrategy: normal, platformName: windows, proxy: Proxy(), se:cdp: ws://localhost:62551/devtoo..., se:cdpVersion: 152.0.7977.84, setWindowRect: true, strictFileInteractability: false, timeouts: {implicit: 0, pageLoad: 300000, script: 30000}, unhandledPromptBehavior: dismiss and notify, webauthn:extension:credBlob: true, webauthn:extension:largeBlob: true, webauthn:extension:minPinLength: true, webauthn:extension:prf: true, webauthn:virtualAuthenticators: true}
Session ID: 53841c68f45b16428fd8d444c894f436
2026-09-11 18:19:11 [TestNG-test-OrangeHRM Test 1-3] ERROR ActionDriver - Element is not displayed: no such element: Unable to locate element: {"method":"css selector","selector":"body > div:nth-child(3) > div:nth-child(1) > div:nth-child(1) > aside:nth-child(1) > nav:nth-child(1) > div:nth-child(2) > ul:nth-child(2) > li:nth-child(1) > a:nth-child(1) > span:nth-child(2)"}
  (Session info: chrome=152.0.7977.84)
For documentation on this error, please visit: https://www.selenium.dev/documentation/webdriver/troubleshooting/errors#nosuchelementexception
Build info: version: '4.49.0', revision: 'bedb24f bedb24f6f703876e7e4c5d506f0d697eb358c720'
System info: os.name: 'Windows 10', os.arch: 'amd64', os.version: '10.0', java.version: '17'
Driver info: org.openqa.selenium.chrome.ChromeDriver
Command: [53841c68f45b16428fd8d444c894f436, findElement {value=body > div:nth-child(3) > div:nth-child(1) > div:nth-child(1) > aside:nth-child(1) > nav:nth-child(1) > div:nth-child(2) > ul:nth-child(2) > li:nth-child(1) > a:nth-child(1) > span:nth-child(2), using=css selector}]
Capabilities {acceptInsecureCerts: false, browserName: chrome, browserVersion: 152.0.7977.84, chrome: {chromedriverVersion: 152.0.7977.82 (d04cdb24d67b..., userDataDir: C:\Users\chaker\AppData\Loc...}, fedcm:accounts: true, goog:chromeOptions: {debuggerAddress: localhost:62551}, goog:processID: 9500, networkConnectionEnabled: false, pageLoadStrategy: normal, platformName: windows, proxy: Proxy(), se:cdp: ws://localhost:62551/devtoo..., se:cdpVersion: 152.0.7977.84, setWindowRect: true, strictFileInteractability: false, timeouts: {implicit: 0, pageLoad: 300000, script: 30000}, unhandledPromptBehavior: dismiss and notify, webauthn:extension:credBlob: true, webauthn:extension:largeBlob: true, webauthn:extension:minPinLength: true, webauthn:extension:prf: true, webauthn:virtualAuthenticators: true}
Session ID: 53841c68f45b16428fd8d444c894f436
2026-09-11 18:19:19 [TestNG-test-OrangeHRM Test 1-3] ERROR BaseClass - This is an error message
2026-09-11 18:19:19 [TestNG-test-OrangeHRM Test 1-3] FATAL BaseClass - This is a fatal message
2026-09-11 18:19:37 [TestNG-test-OrangeHRM Test 1-3] ERROR ActionDriver - Unable to describe the element: no such element: Unable to locate element: {"method":"css selector","selector":"body > div:nth-child(3) > div:nth-child(1) > div:nth-child(1) > aside:nth-child(1) > nav:nth-child(1) > div:nth-child(2) > ul:nth-child(2) > li:nth-child(1) > a:nth-child(1) > span:nth-child(2)"}
  (Session info: chrome=152.0.7977.84)
For documentation on this error, please visit: https://www.selenium.dev/documentation/webdriver/troubleshooting/errors#nosuchelementexception
Build info: version: '4.49.0', revision: 'bedb24f bedb24f6f703876e7e4c5d506f0d697eb358c720'
System info: os.name: 'Windows 10', os.arch: 'amd64', os.version: '10.0', java.version: '17'
Driver info: org.openqa.selenium.chrome.ChromeDriver
Command: [996b564cba9faa5b42f91897d2d1bf21, findElement {value=body > div:nth-child(3) > div:nth-child(1) > div:nth-child(1) > aside:nth-child(1) > nav:nth-child(1) > div:nth-child(2) > ul:nth-child(2) > li:nth-child(1) > a:nth-child(1) > span:nth-child(2), using=css selector}]
Capabilities {acceptInsecureCerts: false, browserName: chrome, browserVersion: 152.0.7977.84, chrome: {chromedriverVersion: 152.0.7977.82 (d04cdb24d67b..., userDataDir: C:\Users\chaker\AppData\Loc...}, fedcm:accounts: true, goog:chromeOptions: {debuggerAddress: localhost:59160}, goog:processID: 17552, networkConnectionEnabled: false, pageLoadStrategy: normal, platformName: windows, proxy: Proxy(), se:cdp: ws://localhost:59160/devtoo..., se:cdpVersion: 152.0.7977.84, setWindowRect: true, strictFileInteractability: false, timeouts: {implicit: 0, pageLoad: 300000, script: 30000}, unhandledPromptBehavior: dismiss and notify, webauthn:extension:credBlob: true, webauthn:extension:largeBlob: true, webauthn:extension:minPinLength: true, webauthn:extension:prf: true, webauthn:virtualAuthenticators: true}
Session ID: 996b564cba9faa5b42f91897d2d1bf21
2026-09-11 18:20:08 [TestNG-test-OrangeHRM Test 1-3] ERROR ActionDriver - This Element is not visible: Expected condition failed: waiting for visibility of element found by By.cssSelector: body > div:nth-child(3) > div:nth-child(1) > div:nth-child(1) > aside:nth-child(1) > nav:nth-child(1) > div:nth-child(2) > ul:nth-child(2) > li:nth-child(1) > a:nth-child(1) > span:nth-child(2), but... org.openqa.selenium.NoSuchElementException: no such element: Unable to locate element: {"method":"css selector","selector":"body > div:nth-child(3) > div:nth-child(1) > div:nth-child(1) > aside:nth-child(1) > nav:nth-child(1) > div:nth-child(2) > ul:nth-child(2) > li:nth-child(1) > a:nth-child(1) > span:nth-child(2)"}.
(tried for 25 seconds with 500 milliseconds interval)
Build info: version: '4.49.0', revision: 'bedb24f bedb24f6f703876e7e4c5d506f0d697eb358c720'
System info: os.name: 'Windows 10', os.arch: 'amd64', os.version: '10.0', java.version: '17'
Driver info: org.openqa.selenium.chrome.ChromeDriver
Capabilities {acceptInsecureCerts: false, browserName: chrome, browserVersion: 152.0.7977.84, chrome: {chromedriverVersion: 152.0.7977.82 (d04cdb24d67b..., userDataDir: C:\Users\chaker\AppData\Loc...}, fedcm:accounts: true, goog:chromeOptions: {debuggerAddress: localhost:59160}, goog:processID: 17552, networkConnectionEnabled: false, pageLoadStrategy: normal, platformName: windows, proxy: Proxy(), se:cdp: ws://localhost:59160/devtoo..., se:cdpVersion: 152.0.7977.84, setWindowRect: true, strictFileInteractability: false, timeouts: {implicit: 0, pageLoad: 300000, script: 30000}, unhandledPromptBehavior: dismiss and notify, webauthn:extension:credBlob: true, webauthn:extension:largeBlob: true, webauthn:extension:minPinLength: true, webauthn:extension:prf: true, webauthn:virtualAuthenticators: true}
Session ID: 996b564cba9faa5b42f91897d2d1bf21
2026-09-11 18:20:38 [TestNG-test-OrangeHRM Test 1-3] ERROR ActionDriver - Error when try to apply color in a border: no such element: Unable to locate element: {"method":"css selector","selector":"body > div:nth-child(3) > div:nth-child(1) > div:nth-child(1) > aside:nth-child(1) > nav:nth-child(1) > div:nth-child(2) > ul:nth-child(2) > li:nth-child(1) > a:nth-child(1) > span:nth-child(2)"}
  (Session info: chrome=152.0.7977.84)
For documentation on this error, please visit: https://www.selenium.dev/documentation/webdriver/troubleshooting/errors#nosuchelementexception
Build info: version: '4.49.0', revision: 'bedb24f bedb24f6f703876e7e4c5d506f0d697eb358c720'
System info: os.name: 'Windows 10', os.arch: 'amd64', os.version: '10.0', java.version: '17'
Driver info: org.openqa.selenium.chrome.ChromeDriver
Command: [996b564cba9faa5b42f91897d2d1bf21, findElement {value=body > div:nth-child(3) > div:nth-child(1) > div:nth-child(1) > aside:nth-child(1) > nav:nth-child(1) > div:nth-child(2) > ul:nth-child(2) > li:nth-child(1) > a:nth-child(1) > span:nth-child(2), using=css selector}]
Capabilities {acceptInsecureCerts: false, browserName: chrome, browserVersion: 152.0.7977.84, chrome: {chromedriverVersion: 152.0.7977.82 (d04cdb24d67b..., userDataDir: C:\Users\chaker\AppData\Loc...}, fedcm:accounts: true, goog:chromeOptions: {debuggerAddress: localhost:59160}, goog:processID: 17552, networkConnectionEnabled: false, pageLoadStrategy: normal, platformName: windows, proxy: Proxy(), se:cdp: ws://localhost:59160/devtoo..., se:cdpVersion: 152.0.7977.84, setWindowRect: true, strictFileInteractability: false, timeouts: {implicit: 0, pageLoad: 300000, script: 30000}, unhandledPromptBehavior: dismiss and notify, webauthn:extension:credBlob: true, webauthn:extension:largeBlob: true, webauthn:extension:minPinLength: true, webauthn:extension:prf: true, webauthn:virtualAuthenticators: true}
Session ID: 996b564cba9faa5b42f91897d2d1bf21
2026-09-11 18:20:38 [TestNG-test-OrangeHRM Test 1-3] ERROR ActionDriver - Element is not displayed: no such element: Unable to locate element: {"method":"css selector","selector":"body > div:nth-child(3) > div:nth-child(1) > div:nth-child(1) > aside:nth-child(1) > nav:nth-child(1) > div:nth-child(2) > ul:nth-child(2) > li:nth-child(1) > a:nth-child(1) > span:nth-child(2)"}
  (Session info: chrome=152.0.7977.84)
For documentation on this error, please visit: https://www.selenium.dev/documentation/webdriver/troubleshooting/errors#nosuchelementexception
Build info: version: '4.49.0', revision: 'bedb24f bedb24f6f703876e7e4c5d506f0d697eb358c720'
System info: os.name: 'Windows 10', os.arch: 'amd64', os.version: '10.0', java.version: '17'
Driver info: org.openqa.selenium.chrome.ChromeDriver
Command: [996b564cba9faa5b42f91897d2d1bf21, findElement {value=body > div:nth-child(3) > div:nth-child(1) > div:nth-child(1) > aside:nth-child(1) > nav:nth-child(1) > div:nth-child(2) > ul:nth-child(2) > li:nth-child(1) > a:nth-child(1) > span:nth-child(2), using=css selector}]
Capabilities {acceptInsecureCerts: false, browserName: chrome, browserVersion: 152.0.7977.84, chrome: {chromedriverVersion: 152.0.7977.82 (d04cdb24d67b..., userDataDir: C:\Users\chaker\AppData\Loc...}, fedcm:accounts: true, goog:chromeOptions: {debuggerAddress: localhost:59160}, goog:processID: 17552, networkConnectionEnabled: false, pageLoadStrategy: normal, platformName: windows, proxy: Proxy(), se:cdp: ws://localhost:59160/devtoo..., se:cdpVersion: 152.0.7977.84, setWindowRect: true, strictFileInteractability: false, timeouts: {implicit: 0, pageLoad: 300000, script: 30000}, unhandledPromptBehavior: dismiss and notify, webauthn:extension:credBlob: true, webauthn:extension:largeBlob: true, webauthn:extension:minPinLength: true, webauthn:extension:prf: true, webauthn:virtualAuthenticators: true}
Session ID: 996b564cba9faa5b42f91897d2d1bf21
2026-09-11 18:26:10 [TestNG-test-OrangeHRM Test 1-4] ERROR BaseClass - This is an error message
2026-09-11 18:26:10 [TestNG-test-OrangeHRM Test 1-4] FATAL BaseClass - This is a fatal message
2026-09-11 18:26:11 [TestNG-test-OrangeHRM Test 1-5] ERROR BaseClass - This is an error message
2026-09-11 18:26:11 [TestNG-test-OrangeHRM Test 1-5] FATAL BaseClass - This is a fatal message
2026-09-11 18:26:11 [TestNG-test-OrangeHRM Test 1-1] ERROR BaseClass - This is an error message
2026-09-11 18:26:11 [TestNG-test-OrangeHRM Test 1-1] FATAL BaseClass - This is a fatal message
2026-09-11 18:26:13 [TestNG-test-OrangeHRM Test 1-3] ERROR BaseClass - This is an error message
2026-09-11 18:26:13 [TestNG-test-OrangeHRM Test 1-3] FATAL BaseClass - This is a fatal message
2026-09-11 18:26:20 [TestNG-test-OrangeHRM Test 1-2] ERROR BaseClass - This is an error message
2026-09-11 18:26:20 [TestNG-test-OrangeHRM Test 1-2] FATAL BaseClass - This is a fatal message
2026-09-11 18:26:22 [TestNG-test-OrangeHRM Test 1-5] ERROR BaseClass - This is an error message
2026-09-11 18:26:22 [TestNG-test-OrangeHRM Test 1-5] FATAL BaseClass - This is a fatal message
2026-09-11 18:26:36 [TestNG-test-OrangeHRM Test 1-3] ERROR BaseClass - This is an error message
2026-09-11 18:26:36 [TestNG-test-OrangeHRM Test 1-3] FATAL BaseClass - This is a fatal message
2026-09-11 18:26:48 [TestNG-test-OrangeHRM Test 1-5] ERROR BaseClass - This is an error message
2026-09-11 18:26:48 [TestNG-test-OrangeHRM Test 1-5] FATAL BaseClass - This is a fatal message
2026-09-14 10:06:35 [TestNG-test-OrangeHRM Test 1-2] ERROR BaseClass - This is an error message
2026-09-14 10:06:35 [TestNG-test-OrangeHRM Test 1-2] FATAL BaseClass - This is a fatal message
2026-09-14 10:06:35 [TestNG-test-OrangeHRM Test 1-3] ERROR BaseClass - This is an error message
2026-09-14 10:06:35 [TestNG-test-OrangeHRM Test 1-3] FATAL BaseClass - This is a fatal message
2026-09-14 10:06:35 [TestNG-test-OrangeHRM Test 1-1] ERROR BaseClass - This is an error message
2026-09-14 10:06:35 [TestNG-test-OrangeHRM Test 1-1] FATAL BaseClass - This is a fatal message
2026-09-14 10:06:35 [TestNG-test-OrangeHRM Test 1-4] ERROR BaseClass - This is an error message
2026-09-14 10:06:35 [TestNG-test-OrangeHRM Test 1-4] FATAL BaseClass - This is a fatal message
2026-09-14 10:06:35 [TestNG-test-OrangeHRM Test 1-5] ERROR BaseClass - This is an error message
2026-09-14 10:06:50 [TestNG-test-OrangeHRM Test 1-5] FATAL BaseClass - This is a fatal message
2026-09-14 10:07:25 [TestNG-test-OrangeHRM Test 1-3] ERROR BaseClass - This is an error message
2026-09-14 10:07:25 [TestNG-test-OrangeHRM Test 1-3] FATAL BaseClass - This is a fatal message
2026-09-14 10:07:25 [TestNG-test-OrangeHRM Test 1-5] ERROR BaseClass - This is an error message
2026-09-14 10:07:25 [TestNG-test-OrangeHRM Test 1-5] FATAL BaseClass - This is a fatal message
2026-09-14 10:07:33 [TestNG-test-OrangeHRM Test 1-2] ERROR ActionDriver - This Element is not visible: Expected condition failed: waiting for visibility of element found by By.xpath: //div[@class='oxd-brand-banner']//img
(tried for 25 seconds with 500 milliseconds interval)
Build info: version: '4.49.0', revision: 'bedb24f bedb24f6f703876e7e4c5d506f0d697eb358c720'
System info: os.name: 'Windows 10', os.arch: 'amd64', os.version: '10.0', java.version: '17'
Driver info: org.openqa.selenium.chrome.ChromeDriver
Capabilities {acceptInsecureCerts: false, browserName: chrome, browserVersion: 152.0.7977.84, chrome: {chromedriverVersion: 152.0.7977.82 (d04cdb24d67b..., userDataDir: C:\Users\chaker\AppData\Loc...}, fedcm:accounts: true, goog:chromeOptions: {debuggerAddress: localhost:65052}, goog:processID: 28956, networkConnectionEnabled: false, pageLoadStrategy: normal, platformName: windows, proxy: Proxy(), se:cdp: ws://localhost:65052/devtoo..., se:cdpVersion: 152.0.7977.84, setWindowRect: true, strictFileInteractability: false, timeouts: {implicit: 0, pageLoad: 300000, script: 30000}, unhandledPromptBehavior: dismiss and notify, webauthn:extension:credBlob: true, webauthn:extension:largeBlob: true, webauthn:extension:minPinLength: true, webauthn:extension:prf: true, webauthn:virtualAuthenticators: true}
Session ID: 6dc39e46750e6ba9d9adbc9c05b53017
2026-09-14 10:07:33 [TestNG-test-OrangeHRM Test 1-1] ERROR ActionDriver - This Element is not clickable: Expected condition failed: waiting for element found by By.xpath: //span[text()='PIM'] to be clickable, but the element was not visible.
(tried for 25 seconds with 500 milliseconds interval)
Build info: version: '4.49.0', revision: 'bedb24f bedb24f6f703876e7e4c5d506f0d697eb358c720'
System info: os.name: 'Windows 10', os.arch: 'amd64', os.version: '10.0', java.version: '17'
Driver info: org.openqa.selenium.chrome.ChromeDriver
Capabilities {acceptInsecureCerts: false, browserName: chrome, browserVersion: 152.0.7977.84, chrome: {chromedriverVersion: 152.0.7977.82 (d04cdb24d67b..., userDataDir: C:\Users\chaker\AppData\Loc...}, fedcm:accounts: true, goog:chromeOptions: {debuggerAddress: localhost:61304}, goog:processID: 26396, networkConnectionEnabled: false, pageLoadStrategy: normal, platformName: windows, proxy: Proxy(), se:cdp: ws://localhost:61304/devtoo..., se:cdpVersion: 152.0.7977.84, setWindowRect: true, strictFileInteractability: false, timeouts: {implicit: 0, pageLoad: 300000, script: 30000}, unhandledPromptBehavior: dismiss and notify, webauthn:extension:credBlob: true, webauthn:extension:largeBlob: true, webauthn:extension:minPinLength: true, webauthn:extension:prf: true, webauthn:virtualAuthenticators: true}
Session ID: ef0b631c52947b349c061daf3aee0c6b
2026-09-14 10:07:48 [TestNG-test-OrangeHRM Test 1-5] ERROR BaseClass - This is an error message
2026-09-14 10:07:48 [TestNG-test-OrangeHRM Test 1-5] FATAL BaseClass - This is a fatal message
2026-09-14 10:07:49 [TestNG-test-OrangeHRM Test 1-1] ERROR ActionDriver - Element is not clickable: element not interactable
  (Session info: chrome=152.0.7977.84)
Build info: version: '4.49.0', revision: 'bedb24f bedb24f6f703876e7e4c5d506f0d697eb358c720'
System info: os.name: 'Windows 10', os.arch: 'amd64', os.version: '10.0', java.version: '17'
Driver info: org.openqa.selenium.chrome.ChromeDriver
Command: [ef0b631c52947b349c061daf3aee0c6b, clickElement {id=f.269BD42490F503A0B9B7674A80D7D36D.d.C8BB980AC768E922358DC272092725E0.e.58}]
Capabilities {acceptInsecureCerts: false, browserName: chrome, browserVersion: 152.0.7977.84, chrome: {chromedriverVersion: 152.0.7977.82 (d04cdb24d67b..., userDataDir: C:\Users\chaker\AppData\Loc...}, fedcm:accounts: true, goog:chromeOptions: {debuggerAddress: localhost:61304}, goog:processID: 26396, networkConnectionEnabled: false, pageLoadStrategy: normal, platformName: windows, proxy: Proxy(), se:cdp: ws://localhost:61304/devtoo..., se:cdpVersion: 152.0.7977.84, setWindowRect: true, strictFileInteractability: false, timeouts: {implicit: 0, pageLoad: 300000, script: 30000}, unhandledPromptBehavior: dismiss and notify, webauthn:extension:credBlob: true, webauthn:extension:largeBlob: true, webauthn:extension:minPinLength: true, webauthn:extension:prf: true, webauthn:virtualAuthenticators: true}
Element: [[ChromeDriver: chrome on windows (ef0b631c52947b349c061daf3aee0c6b)] -> xpath: //span[text()='PIM']]
Session ID: ef0b631c52947b349c061daf3aee0c6b
2026-09-14 10:07:50 [TestNG-test-OrangeHRM Test 1-2] ERROR BaseClass - This is an error message
2026-09-14 10:07:50 [TestNG-test-OrangeHRM Test 1-2] FATAL BaseClass - This is a fatal message
2026-09-14 10:08:04 [TestNG-test-OrangeHRM Test 1-1] ERROR ActionDriver - Unable to describe the element: no such element: Unable to locate element: {"method":"xpath","selector":"//input[@placeholder='Type for hints...']"}
  (Session info: chrome=152.0.7977.84)
For documentation on this error, please visit: https://www.selenium.dev/documentation/webdriver/troubleshooting/errors#nosuchelementexception
Build info: version: '4.49.0', revision: 'bedb24f bedb24f6f703876e7e4c5d506f0d697eb358c720'
System info: os.name: 'Windows 10', os.arch: 'amd64', os.version: '10.0', java.version: '17'
Driver info: org.openqa.selenium.chrome.ChromeDriver
Command: [ef0b631c52947b349c061daf3aee0c6b, findElement {using=xpath, value=//input[@placeholder='Type for hints...']}]
Capabilities {acceptInsecureCerts: false, browserName: chrome, browserVersion: 152.0.7977.84, chrome: {chromedriverVersion: 152.0.7977.82 (d04cdb24d67b..., userDataDir: C:\Users\chaker\AppData\Loc...}, fedcm:accounts: true, goog:chromeOptions: {debuggerAddress: localhost:61304}, goog:processID: 26396, networkConnectionEnabled: false, pageLoadStrategy: normal, platformName: windows, proxy: Proxy(), se:cdp: ws://localhost:61304/devtoo..., se:cdpVersion: 152.0.7977.84, setWindowRect: true, strictFileInteractability: false, timeouts: {implicit: 0, pageLoad: 300000, script: 30000}, unhandledPromptBehavior: dismiss and notify, webauthn:extension:credBlob: true, webauthn:extension:largeBlob: true, webauthn:extension:minPinLength: true, webauthn:extension:prf: true, webauthn:virtualAuthenticators: true}
Session ID: ef0b631c52947b349c061daf3aee0c6b
2026-09-14 10:08:07 [TestNG-test-OrangeHRM Test 1-3] ERROR ActionDriver - This Element is not visible: Expected condition failed: waiting for visibility of element found by By.cssSelector: body > div:nth-child(3) > div:nth-child(1) > div:nth-child(1) > aside:nth-child(1) > nav:nth-child(1) > div:nth-child(2) > ul:nth-child(2) > li:nth-child(1) > a:nth-child(1) > span:nth-child(2)
(tried for 25 seconds with 500 milliseconds interval)
Build info: version: '4.49.0', revision: 'bedb24f bedb24f6f703876e7e4c5d506f0d697eb358c720'
System info: os.name: 'Windows 10', os.arch: 'amd64', os.version: '10.0', java.version: '17'
Driver info: org.openqa.selenium.chrome.ChromeDriver
Capabilities {acceptInsecureCerts: false, browserName: chrome, browserVersion: 152.0.7977.84, chrome: {chromedriverVersion: 152.0.7977.82 (d04cdb24d67b..., userDataDir: C:\Users\chaker\AppData\Loc...}, fedcm:accounts: true, goog:chromeOptions: {debuggerAddress: localhost:57206}, goog:processID: 26780, networkConnectionEnabled: false, pageLoadStrategy: normal, platformName: windows, proxy: Proxy(), se:cdp: ws://localhost:57206/devtoo..., se:cdpVersion: 152.0.7977.84, setWindowRect: true, strictFileInteractability: false, timeouts: {implicit: 0, pageLoad: 300000, script: 30000}, unhandledPromptBehavior: dismiss and notify, webauthn:extension:credBlob: true, webauthn:extension:largeBlob: true, webauthn:extension:minPinLength: true, webauthn:extension:prf: true, webauthn:virtualAuthenticators: true}
Session ID: 62b35b97ac02f94a49d28ef68002c89c
2026-09-14 10:08:13 [TestNG-test-OrangeHRM Test 1-3] ERROR BaseClass - This is an error message
2026-09-14 10:08:13 [TestNG-test-OrangeHRM Test 1-3] FATAL BaseClass - This is a fatal message
2026-09-14 10:08:19 [TestNG-test-OrangeHRM Test 1-5] ERROR ActionDriver - This Element is not visible: Expected condition failed: waiting for visibility of element found by By.cssSelector: body > div:nth-child(3) > div:nth-child(1) > div:nth-child(1) > aside:nth-child(1) > nav:nth-child(1) > div:nth-child(2) > ul:nth-child(2) > li:nth-child(1) > a:nth-child(1) > span:nth-child(2)
(tried for 25 seconds with 500 milliseconds interval)
Build info: version: '4.49.0', revision: 'bedb24f bedb24f6f703876e7e4c5d506f0d697eb358c720'
System info: os.name: 'Windows 10', os.arch: 'amd64', os.version: '10.0', java.version: '17'
Driver info: org.openqa.selenium.chrome.ChromeDriver
Capabilities {acceptInsecureCerts: false, browserName: chrome, browserVersion: 152.0.7977.84, chrome: {chromedriverVersion: 152.0.7977.82 (d04cdb24d67b..., userDataDir: C:\Users\chaker\AppData\Loc...}, fedcm:accounts: true, goog:chromeOptions: {debuggerAddress: localhost:59545}, goog:processID: 28520, networkConnectionEnabled: false, pageLoadStrategy: normal, platformName: windows, proxy: Proxy(), se:cdp: ws://localhost:59545/devtoo..., se:cdpVersion: 152.0.7977.84, setWindowRect: true, strictFileInteractability: false, timeouts: {implicit: 0, pageLoad: 300000, script: 30000}, unhandledPromptBehavior: dismiss and notify, webauthn:extension:credBlob: true, webauthn:extension:largeBlob: true, webauthn:extension:minPinLength: true, webauthn:extension:prf: true, webauthn:virtualAuthenticators: true}
Session ID: d9789a489ccc068a87f449f366780d57
2026-09-14 10:08:19 [TestNG-test-OrangeHRM Test 1-1] ERROR ActionDriver - Error when try to apply color in a border: no such element: Unable to locate element: {"method":"xpath","selector":"//input[@placeholder='Type for hints...']"}
  (Session info: chrome=152.0.7977.84)
For documentation on this error, please visit: https://www.selenium.dev/documentation/webdriver/troubleshooting/errors#nosuchelementexception
Build info: version: '4.49.0', revision: 'bedb24f bedb24f6f703876e7e4c5d506f0d697eb358c720'
System info: os.name: 'Windows 10', os.arch: 'amd64', os.version: '10.0', java.version: '17'
Driver info: org.openqa.selenium.chrome.ChromeDriver
Command: [ef0b631c52947b349c061daf3aee0c6b, findElement {using=xpath, value=//input[@placeholder='Type for hints...']}]
Capabilities {acceptInsecureCerts: false, browserName: chrome, browserVersion: 152.0.7977.84, chrome: {chromedriverVersion: 152.0.7977.82 (d04cdb24d67b..., userDataDir: C:\Users\chaker\AppData\Loc...}, fedcm:accounts: true, goog:chromeOptions: {debuggerAddress: localhost:61304}, goog:processID: 26396, networkConnectionEnabled: false, pageLoadStrategy: normal, platformName: windows, proxy: Proxy(), se:cdp: ws://localhost:61304/devtoo..., se:cdpVersion: 152.0.7977.84, setWindowRect: true, strictFileInteractability: false, timeouts: {implicit: 0, pageLoad: 300000, script: 30000}, unhandledPromptBehavior: dismiss and notify, webauthn:extension:credBlob: true, webauthn:extension:largeBlob: true, webauthn:extension:minPinLength: true, webauthn:extension:prf: true, webauthn:virtualAuthenticators: true}
Session ID: ef0b631c52947b349c061daf3aee0c6b
2026-09-14 10:08:20 [TestNG-test-OrangeHRM Test 1-2] ERROR ActionDriver - This Element is not visible: Expected condition failed: waiting for visibility of element found by By.xpath: //div[@class='oxd-brand-banner']//img
(tried for 25 seconds with 500 milliseconds interval)
Build info: version: '4.49.0', revision: 'bedb24f bedb24f6f703876e7e4c5d506f0d697eb358c720'
System info: os.name: 'Windows 10', os.arch: 'amd64', os.version: '10.0', java.version: '17'
Driver info: org.openqa.selenium.chrome.ChromeDriver
Capabilities {acceptInsecureCerts: false, browserName: chrome, browserVersion: 152.0.7977.84, chrome: {chromedriverVersion: 152.0.7977.82 (d04cdb24d67b..., userDataDir: C:\Users\chaker\AppData\Loc...}, fedcm:accounts: true, goog:chromeOptions: {debuggerAddress: localhost:58118}, goog:processID: 3128, networkConnectionEnabled: false, pageLoadStrategy: normal, platformName: windows, proxy: Proxy(), se:cdp: ws://localhost:58118/devtoo..., se:cdpVersion: 152.0.7977.84, setWindowRect: true, strictFileInteractability: false, timeouts: {implicit: 0, pageLoad: 300000, script: 30000}, unhandledPromptBehavior: dismiss and notify, webauthn:extension:credBlob: true, webauthn:extension:largeBlob: true, webauthn:extension:minPinLength: true, webauthn:extension:prf: true, webauthn:virtualAuthenticators: true}
Session ID: 8c5fe49152e2d153040ec02adba5cde7
2026-09-14 10:08:32 [TestNG-test-OrangeHRM Test 1-2] ERROR BaseClass - This is an error message
2026-09-14 10:08:32 [TestNG-test-OrangeHRM Test 1-2] FATAL BaseClass - This is a fatal message
2026-09-14 10:08:32 [TestNG-test-OrangeHRM Test 1-5] ERROR BaseClass - This is an error message
2026-09-14 10:08:32 [TestNG-test-OrangeHRM Test 1-5] FATAL BaseClass - This is a fatal message
2026-09-14 10:08:47 [TestNG-test-OrangeHRM Test 1-3] ERROR ActionDriver - This Element is not visible: Expected condition failed: waiting for visibility of element found by By.cssSelector: body > div:nth-child(3) > div:nth-child(1) > div:nth-child(1) > aside:nth-child(1) > nav:nth-child(1) > div:nth-child(2) > ul:nth-child(2) > li:nth-child(1) > a:nth-child(1) > span:nth-child(2)
(tried for 25 seconds with 500 milliseconds interval)
Build info: version: '4.49.0', revision: 'bedb24f bedb24f6f703876e7e4c5d506f0d697eb358c720'
System info: os.name: 'Windows 10', os.arch: 'amd64', os.version: '10.0', java.version: '17'
Driver info: org.openqa.selenium.chrome.ChromeDriver
Capabilities {acceptInsecureCerts: false, browserName: chrome, browserVersion: 152.0.7977.84, chrome: {chromedriverVersion: 152.0.7977.82 (d04cdb24d67b..., userDataDir: C:\Users\chaker\AppData\Loc...}, fedcm:accounts: true, goog:chromeOptions: {debuggerAddress: localhost:58377}, goog:processID: 27696, networkConnectionEnabled: false, pageLoadStrategy: normal, platformName: windows, proxy: Proxy(), se:cdp: ws://localhost:58377/devtoo..., se:cdpVersion: 152.0.7977.84, setWindowRect: true, strictFileInteractability: false, timeouts: {implicit: 0, pageLoad: 300000, script: 30000}, unhandledPromptBehavior: dismiss and notify, webauthn:extension:credBlob: true, webauthn:extension:largeBlob: true, webauthn:extension:minPinLength: true, webauthn:extension:prf: true, webauthn:virtualAuthenticators: true}
Session ID: 3ed39f0b5f048d568a3e2b7a540229f7
2026-09-14 10:08:50 [TestNG-test-OrangeHRM Test 1-1] ERROR ActionDriver - This Element is not visible: Expected condition failed: waiting for visibility of element found by By.xpath: //input[@placeholder='Type for hints...'], but... org.openqa.selenium.NoSuchElementException: no such element: Unable to locate element: {"method":"xpath","selector":"//input[@placeholder='Type for hints...']"}.
(tried for 25 seconds with 500 milliseconds interval)
Build info: version: '4.49.0', revision: 'bedb24f bedb24f6f703876e7e4c5d506f0d697eb358c720'
System info: os.name: 'Windows 10', os.arch: 'amd64', os.version: '10.0', java.version: '17'
Driver info: org.openqa.selenium.chrome.ChromeDriver
Capabilities {acceptInsecureCerts: false, browserName: chrome, browserVersion: 152.0.7977.84, chrome: {chromedriverVersion: 152.0.7977.82 (d04cdb24d67b..., userDataDir: C:\Users\chaker\AppData\Loc...}, fedcm:accounts: true, goog:chromeOptions: {debuggerAddress: localhost:61304}, goog:processID: 26396, networkConnectionEnabled: false, pageLoadStrategy: normal, platformName: windows, proxy: Proxy(), se:cdp: ws://localhost:61304/devtoo..., se:cdpVersion: 152.0.7977.84, setWindowRect: true, strictFileInteractability: false, timeouts: {implicit: 0, pageLoad: 300000, script: 30000}, unhandledPromptBehavior: dismiss and notify, webauthn:extension:credBlob: true, webauthn:extension:largeBlob: true, webauthn:extension:minPinLength: true, webauthn:extension:prf: true, webauthn:virtualAuthenticators: true}
Session ID: ef0b631c52947b349c061daf3aee0c6b
2026-09-14 10:08:55 [TestNG-test-OrangeHRM Test 1-3] ERROR BaseClass - This is an error message
2026-09-14 10:08:55 [TestNG-test-OrangeHRM Test 1-3] FATAL BaseClass - This is a fatal message
2026-09-14 10:09:05 [TestNG-test-OrangeHRM Test 1-2] ERROR ActionDriver - This Element is not visible: Expected condition failed: waiting for visibility of element found by By.xpath: //div[@class='oxd-brand-banner']//img
(tried for 25 seconds with 500 milliseconds interval)
Build info: version: '4.49.0', revision: 'bedb24f bedb24f6f703876e7e4c5d506f0d697eb358c720'
System info: os.name: 'Windows 10', os.arch: 'amd64', os.version: '10.0', java.version: '17'
Driver info: org.openqa.selenium.chrome.ChromeDriver
Capabilities {acceptInsecureCerts: false, browserName: chrome, browserVersion: 152.0.7977.84, chrome: {chromedriverVersion: 152.0.7977.82 (d04cdb24d67b..., userDataDir: C:\Users\chaker\AppData\Loc...}, fedcm:accounts: true, goog:chromeOptions: {debuggerAddress: localhost:55220}, goog:processID: 22968, networkConnectionEnabled: false, pageLoadStrategy: normal, platformName: windows, proxy: Proxy(), se:cdp: ws://localhost:55220/devtoo..., se:cdpVersion: 152.0.7977.84, setWindowRect: true, strictFileInteractability: false, timeouts: {implicit: 0, pageLoad: 300000, script: 30000}, unhandledPromptBehavior: dismiss and notify, webauthn:extension:credBlob: true, webauthn:extension:largeBlob: true, webauthn:extension:minPinLength: true, webauthn:extension:prf: true, webauthn:virtualAuthenticators: true}
Session ID: c6ae8e0cb37bc9faab8c8c4a96b507f0
2026-09-14 10:09:05 [TestNG-test-OrangeHRM Test 1-5] ERROR ActionDriver - This Element is not visible: Expected condition failed: waiting for visibility of element found by By.cssSelector: body > div:nth-child(3) > div:nth-child(1) > div:nth-child(1) > aside:nth-child(1) > nav:nth-child(1) > div:nth-child(2) > ul:nth-child(2) > li:nth-child(1) > a:nth-child(1) > span:nth-child(2)
(tried for 25 seconds with 500 milliseconds interval)
Build info: version: '4.49.0', revision: 'bedb24f bedb24f6f703876e7e4c5d506f0d697eb358c720'
System info: os.name: 'Windows 10', os.arch: 'amd64', os.version: '10.0', java.version: '17'
Driver info: org.openqa.selenium.chrome.ChromeDriver
Capabilities {acceptInsecureCerts: false, browserName: chrome, browserVersion: 152.0.7977.84, chrome: {chromedriverVersion: 152.0.7977.82 (d04cdb24d67b..., userDataDir: C:\Users\chaker\AppData\Loc...}, fedcm:accounts: true, goog:chromeOptions: {debuggerAddress: localhost:51420}, goog:processID: 21380, networkConnectionEnabled: false, pageLoadStrategy: normal, platformName: windows, proxy: Proxy(), se:cdp: ws://localhost:51420/devtoo..., se:cdpVersion: 152.0.7977.84, setWindowRect: true, strictFileInteractability: false, timeouts: {implicit: 0, pageLoad: 300000, script: 30000}, unhandledPromptBehavior: dismiss and notify, webauthn:extension:credBlob: true, webauthn:extension:largeBlob: true, webauthn:extension:minPinLength: true, webauthn:extension:prf: true, webauthn:virtualAuthenticators: true}
Session ID: 9d181912600d9405222be2cc6900565f
2026-09-14 10:09:12 [TestNG-test-OrangeHRM Test 1-5] ERROR BaseClass - This is an error message
2026-09-14 10:09:12 [TestNG-test-OrangeHRM Test 1-5] FATAL BaseClass - This is a fatal message
2026-09-14 10:09:20 [TestNG-test-OrangeHRM Test 1-1] ERROR ActionDriver - Error when try to apply color in a border: no such element: Unable to locate element: {"method":"xpath","selector":"//input[@placeholder='Type for hints...']"}
  (Session info: chrome=152.0.7977.84)
For documentation on this error, please visit: https://www.selenium.dev/documentation/webdriver/troubleshooting/errors#nosuchelementexception
Build info: version: '4.49.0', revision: 'bedb24f bedb24f6f703876e7e4c5d506f0d697eb358c720'
System info: os.name: 'Windows 10', os.arch: 'amd64', os.version: '10.0', java.version: '17'
Driver info: org.openqa.selenium.chrome.ChromeDriver
Command: [ef0b631c52947b349c061daf3aee0c6b, findElement {using=xpath, value=//input[@placeholder='Type for hints...']}]
Capabilities {acceptInsecureCerts: false, browserName: chrome, browserVersion: 152.0.7977.84, chrome: {chromedriverVersion: 152.0.7977.82 (d04cdb24d67b..., userDataDir: C:\Users\chaker\AppData\Loc...}, fedcm:accounts: true, goog:chromeOptions: {debuggerAddress: localhost:61304}, goog:processID: 26396, networkConnectionEnabled: false, pageLoadStrategy: normal, platformName: windows, proxy: Proxy(), se:cdp: ws://localhost:61304/devtoo..., se:cdpVersion: 152.0.7977.84, setWindowRect: true, strictFileInteractability: false, timeouts: {implicit: 0, pageLoad: 300000, script: 30000}, unhandledPromptBehavior: dismiss and notify, webauthn:extension:credBlob: true, webauthn:extension:largeBlob: true, webauthn:extension:minPinLength: true, webauthn:extension:prf: true, webauthn:virtualAuthenticators: true}
Session ID: ef0b631c52947b349c061daf3aee0c6b
2026-09-14 10:09:20 [TestNG-test-OrangeHRM Test 1-1] ERROR ActionDriver - Element is not entered: no such element: Unable to locate element: {"method":"xpath","selector":"//input[@placeholder='Type for hints...']"}
  (Session info: chrome=152.0.7977.84)
For documentation on this error, please visit: https://www.selenium.dev/documentation/webdriver/troubleshooting/errors#nosuchelementexception
Build info: version: '4.49.0', revision: 'bedb24f bedb24f6f703876e7e4c5d506f0d697eb358c720'
System info: os.name: 'Windows 10', os.arch: 'amd64', os.version: '10.0', java.version: '17'
Driver info: org.openqa.selenium.chrome.ChromeDriver
Command: [ef0b631c52947b349c061daf3aee0c6b, findElement {using=xpath, value=//input[@placeholder='Type for hints...']}]
Capabilities {acceptInsecureCerts: false, browserName: chrome, browserVersion: 152.0.7977.84, chrome: {chromedriverVersion: 152.0.7977.82 (d04cdb24d67b..., userDataDir: C:\Users\chaker\AppData\Loc...}, fedcm:accounts: true, goog:chromeOptions: {debuggerAddress: localhost:61304}, goog:processID: 26396, networkConnectionEnabled: false, pageLoadStrategy: normal, platformName: windows, proxy: Proxy(), se:cdp: ws://localhost:61304/devtoo..., se:cdpVersion: 152.0.7977.84, setWindowRect: true, strictFileInteractability: false, timeouts: {implicit: 0, pageLoad: 300000, script: 30000}, unhandledPromptBehavior: dismiss and notify, webauthn:extension:credBlob: true, webauthn:extension:largeBlob: true, webauthn:extension:minPinLength: true, webauthn:extension:prf: true, webauthn:virtualAuthenticators: true}
Session ID: ef0b631c52947b349c061daf3aee0c6b
2026-09-14 10:09:24 [TestNG-test-OrangeHRM Test 1-3] ERROR ActionDriver - This Element is not visible: Expected condition failed: waiting for visibility of element found by By.cssSelector: body > div:nth-child(3) > div:nth-child(1) > div:nth-child(1) > aside:nth-child(1) > nav:nth-child(1) > div:nth-child(2) > ul:nth-child(2) > li:nth-child(1) > a:nth-child(1) > span:nth-child(2)
(tried for 25 seconds with 500 milliseconds interval)
Build info: version: '4.49.0', revision: 'bedb24f bedb24f6f703876e7e4c5d506f0d697eb358c720'
System info: os.name: 'Windows 10', os.arch: 'amd64', os.version: '10.0', java.version: '17'
Driver info: org.openqa.selenium.chrome.ChromeDriver
Capabilities {acceptInsecureCerts: false, browserName: chrome, browserVersion: 152.0.7977.84, chrome: {chromedriverVersion: 152.0.7977.82 (d04cdb24d67b..., userDataDir: C:\Users\chaker\AppData\Loc...}, fedcm:accounts: true, goog:chromeOptions: {debuggerAddress: localhost:51246}, goog:processID: 5512, networkConnectionEnabled: false, pageLoadStrategy: normal, platformName: windows, proxy: Proxy(), se:cdp: ws://localhost:51246/devtoo..., se:cdpVersion: 152.0.7977.84, setWindowRect: true, strictFileInteractability: false, timeouts: {implicit: 0, pageLoad: 300000, script: 30000}, unhandledPromptBehavior: dismiss and notify, webauthn:extension:credBlob: true, webauthn:extension:largeBlob: true, webauthn:extension:minPinLength: true, webauthn:extension:prf: true, webauthn:virtualAuthenticators: true}
Session ID: 1f4afc31678b37154e683c72dc005af0
2026-09-14 10:09:35 [TestNG-test-OrangeHRM Test 1-1] ERROR ActionDriver - Unable to describe the element: no such element: Unable to locate element: {"method":"xpath","selector":"//button[normalize-space()='Search']"}
  (Session info: chrome=152.0.7977.84)
For documentation on this error, please visit: https://www.selenium.dev/documentation/webdriver/troubleshooting/errors#nosuchelementexception
Build info: version: '4.49.0', revision: 'bedb24f bedb24f6f703876e7e4c5d506f0d697eb358c720'
System info: os.name: 'Windows 10', os.arch: 'amd64', os.version: '10.0', java.version: '17'
Driver info: org.openqa.selenium.chrome.ChromeDriver
Command: [ef0b631c52947b349c061daf3aee0c6b, findElement {using=xpath, value=//button[normalize-space()='Search']}]
Capabilities {acceptInsecureCerts: false, browserName: chrome, browserVersion: 152.0.7977.84, chrome: {chromedriverVersion: 152.0.7977.82 (d04cdb24d67b..., userDataDir: C:\Users\chaker\AppData\Loc...}, fedcm:accounts: true, goog:chromeOptions: {debuggerAddress: localhost:61304}, goog:processID: 26396, networkConnectionEnabled: false, pageLoadStrategy: normal, platformName: windows, proxy: Proxy(), se:cdp: ws://localhost:61304/devtoo..., se:cdpVersion: 152.0.7977.84, setWindowRect: true, strictFileInteractability: false, timeouts: {implicit: 0, pageLoad: 300000, script: 30000}, unhandledPromptBehavior: dismiss and notify, webauthn:extension:credBlob: true, webauthn:extension:largeBlob: true, webauthn:extension:minPinLength: true, webauthn:extension:prf: true, webauthn:virtualAuthenticators: true}
Session ID: ef0b631c52947b349c061daf3aee0c6b
2026-09-14 10:09:41 [TestNG-test-OrangeHRM Test 1-5] ERROR ActionDriver - This Element is not visible: Expected condition failed: waiting for visibility of element found by By.cssSelector: body > div:nth-child(3) > div:nth-child(1) > div:nth-child(1) > aside:nth-child(1) > nav:nth-child(1) > div:nth-child(2) > ul:nth-child(2) > li:nth-child(1) > a:nth-child(1) > span:nth-child(2)
(tried for 25 seconds with 500 milliseconds interval)
Build info: version: '4.49.0', revision: 'bedb24f bedb24f6f703876e7e4c5d506f0d697eb358c720'
System info: os.name: 'Windows 10', os.arch: 'amd64', os.version: '10.0', java.version: '17'
Driver info: org.openqa.selenium.chrome.ChromeDriver
Capabilities {acceptInsecureCerts: false, browserName: chrome, browserVersion: 152.0.7977.84, chrome: {chromedriverVersion: 152.0.7977.82 (d04cdb24d67b..., userDataDir: C:\Users\chaker\AppData\Loc...}, fedcm:accounts: true, goog:chromeOptions: {debuggerAddress: localhost:55497}, goog:processID: 5820, networkConnectionEnabled: false, pageLoadStrategy: normal, platformName: windows, proxy: Proxy(), se:cdp: ws://localhost:55497/devtoo..., se:cdpVersion: 152.0.7977.84, setWindowRect: true, strictFileInteractability: false, timeouts: {implicit: 0, pageLoad: 300000, script: 30000}, unhandledPromptBehavior: dismiss and notify, webauthn:extension:credBlob: true, webauthn:extension:largeBlob: true, webauthn:extension:minPinLength: true, webauthn:extension:prf: true, webauthn:virtualAuthenticators: true}
Session ID: f06a268ef26e6d686ca75f2b08891bcd
2026-09-14 10:09:50 [TestNG-test-OrangeHRM Test 1-1] ERROR ActionDriver - Error when try to apply color in a border: no such element: Unable to locate element: {"method":"xpath","selector":"//button[normalize-space()='Search']"}
  (Session info: chrome=152.0.7977.84)
For documentation on this error, please visit: https://www.selenium.dev/documentation/webdriver/troubleshooting/errors#nosuchelementexception
Build info: version: '4.49.0', revision: 'bedb24f bedb24f6f703876e7e4c5d506f0d697eb358c720'
System info: os.name: 'Windows 10', os.arch: 'amd64', os.version: '10.0', java.version: '17'
Driver info: org.openqa.selenium.chrome.ChromeDriver
Command: [ef0b631c52947b349c061daf3aee0c6b, findElement {using=xpath, value=//button[normalize-space()='Search']}]
Capabilities {acceptInsecureCerts: false, browserName: chrome, browserVersion: 152.0.7977.84, chrome: {chromedriverVersion: 152.0.7977.82 (d04cdb24d67b..., userDataDir: C:\Users\chaker\AppData\Loc...}, fedcm:accounts: true, goog:chromeOptions: {debuggerAddress: localhost:61304}, goog:processID: 26396, networkConnectionEnabled: false, pageLoadStrategy: normal, platformName: windows, proxy: Proxy(), se:cdp: ws://localhost:61304/devtoo..., se:cdpVersion: 152.0.7977.84, setWindowRect: true, strictFileInteractability: false, timeouts: {implicit: 0, pageLoad: 300000, script: 30000}, unhandledPromptBehavior: dismiss and notify, webauthn:extension:credBlob: true, webauthn:extension:largeBlob: true, webauthn:extension:minPinLength: true, webauthn:extension:prf: true, webauthn:virtualAuthenticators: true}
Session ID: ef0b631c52947b349c061daf3aee0c6b
2026-09-14 10:10:21 [TestNG-test-OrangeHRM Test 1-1] ERROR ActionDriver - This Element is not clickable: Expected condition failed: waiting for element found by By.xpath: //button[normalize-space()='Search'] to be clickable, but the element was not found: org.openqa.selenium.NoSuchElementException: no such element: Unable to locate element: {"method":"xpath","selector":"//button[normalize-space()='Search']"}.
(tried for 25 seconds with 500 milliseconds interval)
Build info: version: '4.49.0', revision: 'bedb24f bedb24f6f703876e7e4c5d506f0d697eb358c720'
System info: os.name: 'Windows 10', os.arch: 'amd64', os.version: '10.0', java.version: '17'
Driver info: org.openqa.selenium.chrome.ChromeDriver
Capabilities {acceptInsecureCerts: false, browserName: chrome, browserVersion: 152.0.7977.84, chrome: {chromedriverVersion: 152.0.7977.82 (d04cdb24d67b..., userDataDir: C:\Users\chaker\AppData\Loc...}, fedcm:accounts: true, goog:chromeOptions: {debuggerAddress: localhost:61304}, goog:processID: 26396, networkConnectionEnabled: false, pageLoadStrategy: normal, platformName: windows, proxy: Proxy(), se:cdp: ws://localhost:61304/devtoo..., se:cdpVersion: 152.0.7977.84, setWindowRect: true, strictFileInteractability: false, timeouts: {implicit: 0, pageLoad: 300000, script: 30000}, unhandledPromptBehavior: dismiss and notify, webauthn:extension:credBlob: true, webauthn:extension:largeBlob: true, webauthn:extension:minPinLength: true, webauthn:extension:prf: true, webauthn:virtualAuthenticators: true}
Session ID: ef0b631c52947b349c061daf3aee0c6b
2026-09-14 10:10:52 [TestNG-test-OrangeHRM Test 1-1] ERROR ActionDriver - Error when try to apply color in a border: no such element: Unable to locate element: {"method":"xpath","selector":"//button[normalize-space()='Search']"}
  (Session info: chrome=152.0.7977.84)
For documentation on this error, please visit: https://www.selenium.dev/documentation/webdriver/troubleshooting/errors#nosuchelementexception
Build info: version: '4.49.0', revision: 'bedb24f bedb24f6f703876e7e4c5d506f0d697eb358c720'
System info: os.name: 'Windows 10', os.arch: 'amd64', os.version: '10.0', java.version: '17'
Driver info: org.openqa.selenium.chrome.ChromeDriver
Command: [ef0b631c52947b349c061daf3aee0c6b, findElement {using=xpath, value=//button[normalize-space()='Search']}]
Capabilities {acceptInsecureCerts: false, browserName: chrome, browserVersion: 152.0.7977.84, chrome: {chromedriverVersion: 152.0.7977.82 (d04cdb24d67b..., userDataDir: C:\Users\chaker\AppData\Loc...}, fedcm:accounts: true, goog:chromeOptions: {debuggerAddress: localhost:61304}, goog:processID: 26396, networkConnectionEnabled: false, pageLoadStrategy: normal, platformName: windows, proxy: Proxy(), se:cdp: ws://localhost:61304/devtoo..., se:cdpVersion: 152.0.7977.84, setWindowRect: true, strictFileInteractability: false, timeouts: {implicit: 0, pageLoad: 300000, script: 30000}, unhandledPromptBehavior: dismiss and notify, webauthn:extension:credBlob: true, webauthn:extension:largeBlob: true, webauthn:extension:minPinLength: true, webauthn:extension:prf: true, webauthn:virtualAuthenticators: true}
Session ID: ef0b631c52947b349c061daf3aee0c6b
2026-09-14 10:10:52 [TestNG-test-OrangeHRM Test 1-1] ERROR ActionDriver - Element is not clickable: no such element: Unable to locate element: {"method":"xpath","selector":"//button[normalize-space()='Search']"}
  (Session info: chrome=152.0.7977.84)
For documentation on this error, please visit: https://www.selenium.dev/documentation/webdriver/troubleshooting/errors#nosuchelementexception
Build info: version: '4.49.0', revision: 'bedb24f bedb24f6f703876e7e4c5d506f0d697eb358c720'
System info: os.name: 'Windows 10', os.arch: 'amd64', os.version: '10.0', java.version: '17'
Driver info: org.openqa.selenium.chrome.ChromeDriver
Command: [ef0b631c52947b349c061daf3aee0c6b, findElement {using=xpath, value=//button[normalize-space()='Search']}]
Capabilities {acceptInsecureCerts: false, browserName: chrome, browserVersion: 152.0.7977.84, chrome: {chromedriverVersion: 152.0.7977.82 (d04cdb24d67b..., userDataDir: C:\Users\chaker\AppData\Loc...}, fedcm:accounts: true, goog:chromeOptions: {debuggerAddress: localhost:61304}, goog:processID: 26396, networkConnectionEnabled: false, pageLoadStrategy: normal, platformName: windows, proxy: Proxy(), se:cdp: ws://localhost:61304/devtoo..., se:cdpVersion: 152.0.7977.84, setWindowRect: true, strictFileInteractability: false, timeouts: {implicit: 0, pageLoad: 300000, script: 30000}, unhandledPromptBehavior: dismiss and notify, webauthn:extension:credBlob: true, webauthn:extension:largeBlob: true, webauthn:extension:minPinLength: true, webauthn:extension:prf: true, webauthn:virtualAuthenticators: true}
Session ID: ef0b631c52947b349c061daf3aee0c6b
2026-09-14 10:12:10 [TestNG-test-OrangeHRM Test 1-3] ERROR BaseClass - This is an error message
2026-09-14 10:12:10 [TestNG-test-OrangeHRM Test 1-3] FATAL BaseClass - This is a fatal message
2026-09-14 10:12:12 [TestNG-test-OrangeHRM Test 1-1] ERROR BaseClass - This is an error message
2026-09-14 10:12:12 [TestNG-test-OrangeHRM Test 1-1] FATAL BaseClass - This is a fatal message
2026-09-14 10:12:12 [TestNG-test-OrangeHRM Test 1-5] ERROR BaseClass - This is an error message
2026-09-14 10:12:12 [TestNG-test-OrangeHRM Test 1-4] ERROR BaseClass - This is an error message
2026-09-14 10:12:12 [TestNG-test-OrangeHRM Test 1-4] FATAL BaseClass - This is a fatal message
2026-09-14 10:12:12 [TestNG-test-OrangeHRM Test 1-5] FATAL BaseClass - This is a fatal message
2026-09-14 10:12:42 [TestNG-test-OrangeHRM Test 1-2] ERROR BaseClass - This is an error message
2026-09-14 10:12:42 [TestNG-test-OrangeHRM Test 1-2] FATAL BaseClass - This is a fatal message
2026-09-14 10:13:19 [TestNG-test-OrangeHRM Test 1-4] ERROR BaseClass - This is an error message
2026-09-14 10:13:19 [TestNG-test-OrangeHRM Test 1-4] FATAL BaseClass - This is a fatal message
2026-09-14 10:13:44 [TestNG-test-OrangeHRM Test 1-3] ERROR BaseClass - This is an error message
2026-09-14 10:13:44 [TestNG-test-OrangeHRM Test 1-3] FATAL BaseClass - This is a fatal message
2026-09-14 10:13:51 [TestNG-test-OrangeHRM Test 1-4] ERROR BaseClass - This is an error message
2026-09-14 10:13:51 [TestNG-test-OrangeHRM Test 1-4] FATAL BaseClass - This is a fatal message
2026-09-14 10:20:03 [TestNG-test-OrangeHRM Test 1-3] ERROR BaseClass - This is an error message
2026-09-14 10:20:03 [TestNG-test-OrangeHRM Test 1-4] ERROR BaseClass - This is an error message
2026-09-14 10:20:03 [TestNG-test-OrangeHRM Test 1-4] FATAL BaseClass - This is a fatal message
2026-09-14 10:20:03 [TestNG-test-OrangeHRM Test 1-5] ERROR BaseClass - This is an error message
2026-09-14 10:20:03 [TestNG-test-OrangeHRM Test 1-3] FATAL BaseClass - This is a fatal message
2026-09-14 10:20:03 [TestNG-test-OrangeHRM Test 1-5] FATAL BaseClass - This is a fatal message
2026-09-14 10:20:03 [TestNG-test-OrangeHRM Test 1-1] ERROR BaseClass - This is an error message
2026-09-14 10:20:03 [TestNG-test-OrangeHRM Test 1-1] FATAL BaseClass - This is a fatal message
2026-09-14 10:20:03 [TestNG-test-OrangeHRM Test 1-2] ERROR BaseClass - This is an error message
2026-09-14 10:20:03 [TestNG-test-OrangeHRM Test 1-2] FATAL BaseClass - This is a fatal message
2026-09-14 10:20:17 [TestNG-test-OrangeHRM Test 1-4] ERROR BaseClass - This is an error message
2026-09-14 10:20:17 [TestNG-test-OrangeHRM Test 1-4] FATAL BaseClass - This is a fatal message
2026-09-14 10:20:36 [TestNG-test-OrangeHRM Test 1-3] ERROR BaseClass - This is an error message
2026-09-14 10:20:36 [TestNG-test-OrangeHRM Test 1-3] FATAL BaseClass - This is a fatal message
2026-09-14 10:20:45 [TestNG-test-OrangeHRM Test 1-1] ERROR ActionDriver - This Element is not clickable: Expected condition failed: waiting for element found by By.xpath: //span[text()='PIM'] to be clickable, but the element was not visible.
(tried for 25 seconds with 500 milliseconds interval)
Build info: version: '4.49.0', revision: 'bedb24f bedb24f6f703876e7e4c5d506f0d697eb358c720'
System info: os.name: 'Windows 10', os.arch: 'amd64', os.version: '10.0', java.version: '17'
Driver info: org.openqa.selenium.chrome.ChromeDriver
Capabilities {acceptInsecureCerts: false, browserName: chrome, browserVersion: 152.0.7977.84, chrome: {chromedriverVersion: 152.0.7977.82 (d04cdb24d67b..., userDataDir: C:\Users\chaker\AppData\Loc...}, fedcm:accounts: true, goog:chromeOptions: {debuggerAddress: localhost:51798}, goog:processID: 22156, networkConnectionEnabled: false, pageLoadStrategy: normal, platformName: windows, proxy: Proxy(), se:cdp: ws://localhost:51798/devtoo..., se:cdpVersion: 152.0.7977.84, setWindowRect: true, strictFileInteractability: false, timeouts: {implicit: 0, pageLoad: 300000, script: 30000}, unhandledPromptBehavior: dismiss and notify, webauthn:extension:credBlob: true, webauthn:extension:largeBlob: true, webauthn:extension:minPinLength: true, webauthn:extension:prf: true, webauthn:virtualAuthenticators: true}
Session ID: f97f9f8ba44c9521c0b6dd7407c1a5fa
2026-09-14 10:20:46 [TestNG-test-OrangeHRM Test 1-2] ERROR ActionDriver - This Element is not visible: Expected condition failed: waiting for visibility of element found by By.xpath: //div[@class='oxd-brand-banner']//img
(tried for 25 seconds with 500 milliseconds interval)
Build info: version: '4.49.0', revision: 'bedb24f bedb24f6f703876e7e4c5d506f0d697eb358c720'
System info: os.name: 'Windows 10', os.arch: 'amd64', os.version: '10.0', java.version: '17'
Driver info: org.openqa.selenium.chrome.ChromeDriver
Capabilities {acceptInsecureCerts: false, browserName: chrome, browserVersion: 152.0.7977.84, chrome: {chromedriverVersion: 152.0.7977.82 (d04cdb24d67b..., userDataDir: C:\Users\chaker\AppData\Loc...}, fedcm:accounts: true, goog:chromeOptions: {debuggerAddress: localhost:60506}, goog:processID: 23136, networkConnectionEnabled: false, pageLoadStrategy: normal, platformName: windows, proxy: Proxy(), se:cdp: ws://localhost:60506/devtoo..., se:cdpVersion: 152.0.7977.84, setWindowRect: true, strictFileInteractability: false, timeouts: {implicit: 0, pageLoad: 300000, script: 30000}, unhandledPromptBehavior: dismiss and notify, webauthn:extension:credBlob: true, webauthn:extension:largeBlob: true, webauthn:extension:minPinLength: true, webauthn:extension:prf: true, webauthn:virtualAuthenticators: true}
Session ID: 5448b6f54032770c4aa54cb69307a86f
2026-09-14 10:20:49 [TestNG-test-OrangeHRM Test 1-4] ERROR BaseClass - This is an error message
2026-09-14 10:20:49 [TestNG-test-OrangeHRM Test 1-4] FATAL BaseClass - This is a fatal message
2026-09-14 10:21:00 [TestNG-test-OrangeHRM Test 1-1] ERROR ActionDriver - Element is not clickable: element not interactable
  (Session info: chrome=152.0.7977.84)
Build info: version: '4.49.0', revision: 'bedb24f bedb24f6f703876e7e4c5d506f0d697eb358c720'
System info: os.name: 'Windows 10', os.arch: 'amd64', os.version: '10.0', java.version: '17'
Driver info: org.openqa.selenium.chrome.ChromeDriver
Command: [f97f9f8ba44c9521c0b6dd7407c1a5fa, clickElement {id=f.7501E6455562BB3EFAD3ECBFB3F35E69.d.3192114A308276E011CCC8996191EBFA.e.49}]
Capabilities {acceptInsecureCerts: false, browserName: chrome, browserVersion: 152.0.7977.84, chrome: {chromedriverVersion: 152.0.7977.82 (d04cdb24d67b..., userDataDir: C:\Users\chaker\AppData\Loc...}, fedcm:accounts: true, goog:chromeOptions: {debuggerAddress: localhost:51798}, goog:processID: 22156, networkConnectionEnabled: false, pageLoadStrategy: normal, platformName: windows, proxy: Proxy(), se:cdp: ws://localhost:51798/devtoo..., se:cdpVersion: 152.0.7977.84, setWindowRect: true, strictFileInteractability: false, timeouts: {implicit: 0, pageLoad: 300000, script: 30000}, unhandledPromptBehavior: dismiss and notify, webauthn:extension:credBlob: true, webauthn:extension:largeBlob: true, webauthn:extension:minPinLength: true, webauthn:extension:prf: true, webauthn:virtualAuthenticators: true}
Element: [[ChromeDriver: chrome on windows (f97f9f8ba44c9521c0b6dd7407c1a5fa)] -> xpath: //span[text()='PIM']]
Session ID: f97f9f8ba44c9521c0b6dd7407c1a5fa
2026-09-14 10:21:16 [TestNG-test-OrangeHRM Test 1-1] ERROR ActionDriver - Unable to describe the element: no such element: Unable to locate element: {"method":"xpath","selector":"//input[@placeholder='Type for hints...']"}
  (Session info: chrome=152.0.7977.84)
For documentation on this error, please visit: https://www.selenium.dev/documentation/webdriver/troubleshooting/errors#nosuchelementexception
Build info: version: '4.49.0', revision: 'bedb24f bedb24f6f703876e7e4c5d506f0d697eb358c720'
System info: os.name: 'Windows 10', os.arch: 'amd64', os.version: '10.0', java.version: '17'
Driver info: org.openqa.selenium.chrome.ChromeDriver
Command: [f97f9f8ba44c9521c0b6dd7407c1a5fa, findElement {using=xpath, value=//input[@placeholder='Type for hints...']}]
Capabilities {acceptInsecureCerts: false, browserName: chrome, browserVersion: 152.0.7977.84, chrome: {chromedriverVersion: 152.0.7977.82 (d04cdb24d67b..., userDataDir: C:\Users\chaker\AppData\Loc...}, fedcm:accounts: true, goog:chromeOptions: {debuggerAddress: localhost:51798}, goog:processID: 22156, networkConnectionEnabled: false, pageLoadStrategy: normal, platformName: windows, proxy: Proxy(), se:cdp: ws://localhost:51798/devtoo..., se:cdpVersion: 152.0.7977.84, setWindowRect: true, strictFileInteractability: false, timeouts: {implicit: 0, pageLoad: 300000, script: 30000}, unhandledPromptBehavior: dismiss and notify, webauthn:extension:credBlob: true, webauthn:extension:largeBlob: true, webauthn:extension:minPinLength: true, webauthn:extension:prf: true, webauthn:virtualAuthenticators: true}
Session ID: f97f9f8ba44c9521c0b6dd7407c1a5fa
2026-09-14 10:21:25 [TestNG-test-OrangeHRM Test 1-2] ERROR BaseClass - This is an error message
2026-09-14 10:21:25 [TestNG-test-OrangeHRM Test 1-2] FATAL BaseClass - This is a fatal message
2026-09-14 10:21:27 [TestNG-test-OrangeHRM Test 1-3] ERROR ActionDriver - This Element is not visible: Expected condition failed: waiting for visibility of element found by By.cssSelector: body > div:nth-child(3) > div:nth-child(1) > div:nth-child(1) > aside:nth-child(1) > nav:nth-child(1) > div:nth-child(2) > ul:nth-child(2) > li:nth-child(1) > a:nth-child(1) > span:nth-child(2)
(tried for 25 seconds with 500 milliseconds interval)
Build info: version: '4.49.0', revision: 'bedb24f bedb24f6f703876e7e4c5d506f0d697eb358c720'
System info: os.name: 'Windows 10', os.arch: 'amd64', os.version: '10.0', java.version: '17'
Driver info: org.openqa.selenium.chrome.ChromeDriver
Capabilities {acceptInsecureCerts: false, browserName: chrome, browserVersion: 152.0.7977.84, chrome: {chromedriverVersion: 152.0.7977.82 (d04cdb24d67b..., userDataDir: C:\Users\chaker\AppData\Loc...}, fedcm:accounts: true, goog:chromeOptions: {debuggerAddress: localhost:54766}, goog:processID: 6024, networkConnectionEnabled: false, pageLoadStrategy: normal, platformName: windows, proxy: Proxy(), se:cdp: ws://localhost:54766/devtoo..., se:cdpVersion: 152.0.7977.84, setWindowRect: true, strictFileInteractability: false, timeouts: {implicit: 0, pageLoad: 300000, script: 30000}, unhandledPromptBehavior: dismiss and notify, webauthn:extension:credBlob: true, webauthn:extension:largeBlob: true, webauthn:extension:minPinLength: true, webauthn:extension:prf: true, webauthn:virtualAuthenticators: true}
Session ID: de4a6921efa0ba4feed20af77e7cf4b6
2026-09-14 10:21:31 [TestNG-test-OrangeHRM Test 1-1] ERROR ActionDriver - Error when try to apply color in a border: no such element: Unable to locate element: {"method":"xpath","selector":"//input[@placeholder='Type for hints...']"}
  (Session info: chrome=152.0.7977.84)
For documentation on this error, please visit: https://www.selenium.dev/documentation/webdriver/troubleshooting/errors#nosuchelementexception
Build info: version: '4.49.0', revision: 'bedb24f bedb24f6f703876e7e4c5d506f0d697eb358c720'
System info: os.name: 'Windows 10', os.arch: 'amd64', os.version: '10.0', java.version: '17'
Driver info: org.openqa.selenium.chrome.ChromeDriver
Command: [f97f9f8ba44c9521c0b6dd7407c1a5fa, findElement {using=xpath, value=//input[@placeholder='Type for hints...']}]
Capabilities {acceptInsecureCerts: false, browserName: chrome, browserVersion: 152.0.7977.84, chrome: {chromedriverVersion: 152.0.7977.82 (d04cdb24d67b..., userDataDir: C:\Users\chaker\AppData\Loc...}, fedcm:accounts: true, goog:chromeOptions: {debuggerAddress: localhost:51798}, goog:processID: 22156, networkConnectionEnabled: false, pageLoadStrategy: normal, platformName: windows, proxy: Proxy(), se:cdp: ws://localhost:51798/devtoo..., se:cdpVersion: 152.0.7977.84, setWindowRect: true, strictFileInteractability: false, timeouts: {implicit: 0, pageLoad: 300000, script: 30000}, unhandledPromptBehavior: dismiss and notify, webauthn:extension:credBlob: true, webauthn:extension:largeBlob: true, webauthn:extension:minPinLength: true, webauthn:extension:prf: true, webauthn:virtualAuthenticators: true}
Session ID: f97f9f8ba44c9521c0b6dd7407c1a5fa
2026-09-14 10:21:31 [TestNG-test-OrangeHRM Test 1-4] ERROR ActionDriver - This Element is not visible: Expected condition failed: waiting for visibility of element found by By.cssSelector: body > div:nth-child(3) > div:nth-child(1) > div:nth-child(1) > aside:nth-child(1) > nav:nth-child(1) > div:nth-child(2) > ul:nth-child(2) > li:nth-child(1) > a:nth-child(1) > span:nth-child(2)
(tried for 25 seconds with 500 milliseconds interval)
Build info: version: '4.49.0', revision: 'bedb24f bedb24f6f703876e7e4c5d506f0d697eb358c720'
System info: os.name: 'Windows 10', os.arch: 'amd64', os.version: '10.0', java.version: '17'
Driver info: org.openqa.selenium.chrome.ChromeDriver
Capabilities {acceptInsecureCerts: false, browserName: chrome, browserVersion: 152.0.7977.84, chrome: {chromedriverVersion: 152.0.7977.82 (d04cdb24d67b..., userDataDir: C:\Users\chaker\AppData\Loc...}, fedcm:accounts: true, goog:chromeOptions: {debuggerAddress: localhost:60467}, goog:processID: 26252, networkConnectionEnabled: false, pageLoadStrategy: normal, platformName: windows, proxy: Proxy(), se:cdp: ws://localhost:60467/devtoo..., se:cdpVersion: 152.0.7977.84, setWindowRect: true, strictFileInteractability: false, timeouts: {implicit: 0, pageLoad: 300000, script: 30000}, unhandledPromptBehavior: dismiss and notify, webauthn:extension:credBlob: true, webauthn:extension:largeBlob: true, webauthn:extension:minPinLength: true, webauthn:extension:prf: true, webauthn:virtualAuthenticators: true}
Session ID: 2c45e96f9ae1ff7e390cba422fa93fa7
2026-09-14 10:21:38 [TestNG-test-OrangeHRM Test 1-3] ERROR BaseClass - This is an error message
2026-09-14 10:21:38 [TestNG-test-OrangeHRM Test 1-3] FATAL BaseClass - This is a fatal message
2026-09-14 10:21:52 [TestNG-test-OrangeHRM Test 1-4] ERROR BaseClass - This is an error message
2026-09-14 10:21:52 [TestNG-test-OrangeHRM Test 1-4] FATAL BaseClass - This is a fatal message
2026-09-14 10:21:55 [TestNG-test-OrangeHRM Test 1-2] ERROR ActionDriver - This Element is not visible: Expected condition failed: waiting for visibility of element found by By.xpath: //div[@class='oxd-brand-banner']//img
(tried for 25 seconds with 500 milliseconds interval)
Build info: version: '4.49.0', revision: 'bedb24f bedb24f6f703876e7e4c5d506f0d697eb358c720'
System info: os.name: 'Windows 10', os.arch: 'amd64', os.version: '10.0', java.version: '17'
Driver info: org.openqa.selenium.chrome.ChromeDriver
Capabilities {acceptInsecureCerts: false, browserName: chrome, browserVersion: 152.0.7977.84, chrome: {chromedriverVersion: 152.0.7977.82 (d04cdb24d67b..., userDataDir: C:\Users\chaker\AppData\Loc...}, fedcm:accounts: true, goog:chromeOptions: {debuggerAddress: localhost:51643}, goog:processID: 21496, networkConnectionEnabled: false, pageLoadStrategy: normal, platformName: windows, proxy: Proxy(), se:cdp: ws://localhost:51643/devtoo..., se:cdpVersion: 152.0.7977.84, setWindowRect: true, strictFileInteractability: false, timeouts: {implicit: 0, pageLoad: 300000, script: 30000}, unhandledPromptBehavior: dismiss and notify, webauthn:extension:credBlob: true, webauthn:extension:largeBlob: true, webauthn:extension:minPinLength: true, webauthn:extension:prf: true, webauthn:virtualAuthenticators: true}
Session ID: 7f852672e5795541b650c3b8d70b46f8
2026-09-14 10:22:02 [TestNG-test-OrangeHRM Test 1-1] ERROR ActionDriver - This Element is not visible: Expected condition failed: waiting for visibility of element found by By.xpath: //input[@placeholder='Type for hints...'], but... org.openqa.selenium.NoSuchElementException: no such element: Unable to locate element: {"method":"xpath","selector":"//input[@placeholder='Type for hints...']"}.
(tried for 25 seconds with 500 milliseconds interval)
Build info: version: '4.49.0', revision: 'bedb24f bedb24f6f703876e7e4c5d506f0d697eb358c720'
System info: os.name: 'Windows 10', os.arch: 'amd64', os.version: '10.0', java.version: '17'
Driver info: org.openqa.selenium.chrome.ChromeDriver
Capabilities {acceptInsecureCerts: false, browserName: chrome, browserVersion: 152.0.7977.84, chrome: {chromedriverVersion: 152.0.7977.82 (d04cdb24d67b..., userDataDir: C:\Users\chaker\AppData\Loc...}, fedcm:accounts: true, goog:chromeOptions: {debuggerAddress: localhost:51798}, goog:processID: 22156, networkConnectionEnabled: false, pageLoadStrategy: normal, platformName: windows, proxy: Proxy(), se:cdp: ws://localhost:51798/devtoo..., se:cdpVersion: 152.0.7977.84, setWindowRect: true, strictFileInteractability: false, timeouts: {implicit: 0, pageLoad: 300000, script: 30000}, unhandledPromptBehavior: dismiss and notify, webauthn:extension:credBlob: true, webauthn:extension:largeBlob: true, webauthn:extension:minPinLength: true, webauthn:extension:prf: true, webauthn:virtualAuthenticators: true}
Session ID: f97f9f8ba44c9521c0b6dd7407c1a5fa
2026-09-14 10:22:10 [TestNG-test-OrangeHRM Test 1-3] ERROR ActionDriver - This Element is not visible: Expected condition failed: waiting for visibility of element found by By.cssSelector: body > div:nth-child(3) > div:nth-child(1) > div:nth-child(1) > aside:nth-child(1) > nav:nth-child(1) > div:nth-child(2) > ul:nth-child(2) > li:nth-child(1) > a:nth-child(1) > span:nth-child(2)
(tried for 25 seconds with 500 milliseconds interval)
Build info: version: '4.49.0', revision: 'bedb24f bedb24f6f703876e7e4c5d506f0d697eb358c720'
System info: os.name: 'Windows 10', os.arch: 'amd64', os.version: '10.0', java.version: '17'
Driver info: org.openqa.selenium.chrome.ChromeDriver
Capabilities {acceptInsecureCerts: false, browserName: chrome, browserVersion: 152.0.7977.84, chrome: {chromedriverVersion: 152.0.7977.82 (d04cdb24d67b..., userDataDir: C:\Users\chaker\AppData\Loc...}, fedcm:accounts: true, goog:chromeOptions: {debuggerAddress: localhost:52050}, goog:processID: 5820, networkConnectionEnabled: false, pageLoadStrategy: normal, platformName: windows, proxy: Proxy(), se:cdp: ws://localhost:52050/devtoo..., se:cdpVersion: 152.0.7977.84, setWindowRect: true, strictFileInteractability: false, timeouts: {implicit: 0, pageLoad: 300000, script: 30000}, unhandledPromptBehavior: dismiss and notify, webauthn:extension:credBlob: true, webauthn:extension:largeBlob: true, webauthn:extension:minPinLength: true, webauthn:extension:prf: true, webauthn:virtualAuthenticators: true}
Session ID: 15e3e3c1ded49277aa28611525fb8784
2026-09-14 10:22:22 [TestNG-test-OrangeHRM Test 1-2] ERROR BaseClass - This is an error message
2026-09-14 10:22:22 [TestNG-test-OrangeHRM Test 1-2] FATAL BaseClass - This is a fatal message
2026-09-14 10:22:32 [TestNG-test-OrangeHRM Test 1-1] ERROR ActionDriver - Error when try to apply color in a border: no such element: Unable to locate element: {"method":"xpath","selector":"//input[@placeholder='Type for hints...']"}
  (Session info: chrome=152.0.7977.84)
For documentation on this error, please visit: https://www.selenium.dev/documentation/webdriver/troubleshooting/errors#nosuchelementexception
Build info: version: '4.49.0', revision: 'bedb24f bedb24f6f703876e7e4c5d506f0d697eb358c720'
System info: os.name: 'Windows 10', os.arch: 'amd64', os.version: '10.0', java.version: '17'
Driver info: org.openqa.selenium.chrome.ChromeDriver
Command: [f97f9f8ba44c9521c0b6dd7407c1a5fa, findElement {using=xpath, value=//input[@placeholder='Type for hints...']}]
Capabilities {acceptInsecureCerts: false, browserName: chrome, browserVersion: 152.0.7977.84, chrome: {chromedriverVersion: 152.0.7977.82 (d04cdb24d67b..., userDataDir: C:\Users\chaker\AppData\Loc...}, fedcm:accounts: true, goog:chromeOptions: {debuggerAddress: localhost:51798}, goog:processID: 22156, networkConnectionEnabled: false, pageLoadStrategy: normal, platformName: windows, proxy: Proxy(), se:cdp: ws://localhost:51798/devtoo..., se:cdpVersion: 152.0.7977.84, setWindowRect: true, strictFileInteractability: false, timeouts: {implicit: 0, pageLoad: 300000, script: 30000}, unhandledPromptBehavior: dismiss and notify, webauthn:extension:credBlob: true, webauthn:extension:largeBlob: true, webauthn:extension:minPinLength: true, webauthn:extension:prf: true, webauthn:virtualAuthenticators: true}
Session ID: f97f9f8ba44c9521c0b6dd7407c1a5fa
2026-09-14 10:22:50 [TestNG-test-OrangeHRM Test 1-1] ERROR ActionDriver - Element is not entered: no such element: Unable to locate element: {"method":"xpath","selector":"//input[@placeholder='Type for hints...']"}
  (Session info: chrome=152.0.7977.84)
For documentation on this error, please visit: https://www.selenium.dev/documentation/webdriver/troubleshooting/errors#nosuchelementexception
Build info: version: '4.49.0', revision: 'bedb24f bedb24f6f703876e7e4c5d506f0d697eb358c720'
System info: os.name: 'Windows 10', os.arch: 'amd64', os.version: '10.0', java.version: '17'
Driver info: org.openqa.selenium.chrome.ChromeDriver
Command: [f97f9f8ba44c9521c0b6dd7407c1a5fa, findElement {using=xpath, value=//input[@placeholder='Type for hints...']}]
Capabilities {acceptInsecureCerts: false, browserName: chrome, browserVersion: 152.0.7977.84, chrome: {chromedriverVersion: 152.0.7977.82 (d04cdb24d67b..., userDataDir: C:\Users\chaker\AppData\Loc...}, fedcm:accounts: true, goog:chromeOptions: {debuggerAddress: localhost:51798}, goog:processID: 22156, networkConnectionEnabled: false, pageLoadStrategy: normal, platformName: windows, proxy: Proxy(), se:cdp: ws://localhost:51798/devtoo..., se:cdpVersion: 152.0.7977.84, setWindowRect: true, strictFileInteractability: false, timeouts: {implicit: 0, pageLoad: 300000, script: 30000}, unhandledPromptBehavior: dismiss and notify, webauthn:extension:credBlob: true, webauthn:extension:largeBlob: true, webauthn:extension:minPinLength: true, webauthn:extension:prf: true, webauthn:virtualAuthenticators: true}
Session ID: f97f9f8ba44c9521c0b6dd7407c1a5fa
2026-09-14 10:23:05 [TestNG-test-OrangeHRM Test 1-4] ERROR ActionDriver - This Element is not visible: Expected condition failed: waiting for visibility of element found by By.cssSelector: body > div:nth-child(3) > div:nth-child(1) > div:nth-child(1) > aside:nth-child(1) > nav:nth-child(1) > div:nth-child(2) > ul:nth-child(2) > li:nth-child(1) > a:nth-child(1) > span:nth-child(2)
(tried for 25 seconds with 500 milliseconds interval)
Build info: version: '4.49.0', revision: 'bedb24f bedb24f6f703876e7e4c5d506f0d697eb358c720'
System info: os.name: 'Windows 10', os.arch: 'amd64', os.version: '10.0', java.version: '17'
Driver info: org.openqa.selenium.chrome.ChromeDriver
Capabilities {acceptInsecureCerts: false, browserName: chrome, browserVersion: 152.0.7977.84, chrome: {chromedriverVersion: 152.0.7977.82 (d04cdb24d67b..., userDataDir: C:\Users\chaker\AppData\Loc...}, fedcm:accounts: true, goog:chromeOptions: {debuggerAddress: localhost:62942}, goog:processID: 32124, networkConnectionEnabled: false, pageLoadStrategy: normal, platformName: windows, proxy: Proxy(), se:cdp: ws://localhost:62942/devtoo..., se:cdpVersion: 152.0.7977.84, setWindowRect: true, strictFileInteractability: false, timeouts: {implicit: 0, pageLoad: 300000, script: 30000}, unhandledPromptBehavior: dismiss and notify, webauthn:extension:credBlob: true, webauthn:extension:largeBlob: true, webauthn:extension:minPinLength: true, webauthn:extension:prf: true, webauthn:virtualAuthenticators: true}
Session ID: 27ffa7cf5d62c82c61484efec1032cfa
2026-09-14 10:23:05 [TestNG-test-OrangeHRM Test 1-1] ERROR ActionDriver - Unable to describe the element: no such element: Unable to locate element: {"method":"xpath","selector":"//button[normalize-space()='Search']"}
  (Session info: chrome=152.0.7977.84)
For documentation on this error, please visit: https://www.selenium.dev/documentation/webdriver/troubleshooting/errors#nosuchelementexception
Build info: version: '4.49.0', revision: 'bedb24f bedb24f6f703876e7e4c5d506f0d697eb358c720'
System info: os.name: 'Windows 10', os.arch: 'amd64', os.version: '10.0', java.version: '17'
Driver info: org.openqa.selenium.chrome.ChromeDriver
Command: [f97f9f8ba44c9521c0b6dd7407c1a5fa, findElement {using=xpath, value=//button[normalize-space()='Search']}]
Capabilities {acceptInsecureCerts: false, browserName: chrome, browserVersion: 152.0.7977.84, chrome: {chromedriverVersion: 152.0.7977.82 (d04cdb24d67b..., userDataDir: C:\Users\chaker\AppData\Loc...}, fedcm:accounts: true, goog:chromeOptions: {debuggerAddress: localhost:51798}, goog:processID: 22156, networkConnectionEnabled: false, pageLoadStrategy: normal, platformName: windows, proxy: Proxy(), se:cdp: ws://localhost:51798/devtoo..., se:cdpVersion: 152.0.7977.84, setWindowRect: true, strictFileInteractability: false, timeouts: {implicit: 0, pageLoad: 300000, script: 30000}, unhandledPromptBehavior: dismiss and notify, webauthn:extension:credBlob: true, webauthn:extension:largeBlob: true, webauthn:extension:minPinLength: true, webauthn:extension:prf: true, webauthn:virtualAuthenticators: true}
Session ID: f97f9f8ba44c9521c0b6dd7407c1a5fa
2026-09-14 10:23:20 [TestNG-test-OrangeHRM Test 1-1] ERROR ActionDriver - Error when try to apply color in a border: no such element: Unable to locate element: {"method":"xpath","selector":"//button[normalize-space()='Search']"}
  (Session info: chrome=152.0.7977.84)
For documentation on this error, please visit: https://www.selenium.dev/documentation/webdriver/troubleshooting/errors#nosuchelementexception
Build info: version: '4.49.0', revision: 'bedb24f bedb24f6f703876e7e4c5d506f0d697eb358c720'
System info: os.name: 'Windows 10', os.arch: 'amd64', os.version: '10.0', java.version: '17'
Driver info: org.openqa.selenium.chrome.ChromeDriver
Command: [f97f9f8ba44c9521c0b6dd7407c1a5fa, findElement {using=xpath, value=//button[normalize-space()='Search']}]
Capabilities {acceptInsecureCerts: false, browserName: chrome, browserVersion: 152.0.7977.84, chrome: {chromedriverVersion: 152.0.7977.82 (d04cdb24d67b..., userDataDir: C:\Users\chaker\AppData\Loc...}, fedcm:accounts: true, goog:chromeOptions: {debuggerAddress: localhost:51798}, goog:processID: 22156, networkConnectionEnabled: false, pageLoadStrategy: normal, platformName: windows, proxy: Proxy(), se:cdp: ws://localhost:51798/devtoo..., se:cdpVersion: 152.0.7977.84, setWindowRect: true, strictFileInteractability: false, timeouts: {implicit: 0, pageLoad: 300000, script: 30000}, unhandledPromptBehavior: dismiss and notify, webauthn:extension:credBlob: true, webauthn:extension:largeBlob: true, webauthn:extension:minPinLength: true, webauthn:extension:prf: true, webauthn:virtualAuthenticators: true}
Session ID: f97f9f8ba44c9521c0b6dd7407c1a5fa
2026-09-14 10:23:23 [TestNG-test-OrangeHRM Test 1-3] ERROR BaseClass - This is an error message
2026-09-14 10:23:23 [TestNG-test-OrangeHRM Test 1-3] FATAL BaseClass - This is a fatal message
2026-09-14 10:23:35 [TestNG-test-OrangeHRM Test 1-2] ERROR ActionDriver - This Element is not visible: Expected condition failed: waiting for visibility of element found by By.xpath: //div[@class='oxd-brand-banner']//img
(tried for 25 seconds with 500 milliseconds interval)
Build info: version: '4.49.0', revision: 'bedb24f bedb24f6f703876e7e4c5d506f0d697eb358c720'
System info: os.name: 'Windows 10', os.arch: 'amd64', os.version: '10.0', java.version: '17'
Driver info: org.openqa.selenium.chrome.ChromeDriver
Capabilities {acceptInsecureCerts: false, browserName: chrome, browserVersion: 152.0.7977.84, chrome: {chromedriverVersion: 152.0.7977.82 (d04cdb24d67b..., userDataDir: C:\Users\chaker\AppData\Loc...}, fedcm:accounts: true, goog:chromeOptions: {debuggerAddress: localhost:61094}, goog:processID: 21284, networkConnectionEnabled: false, pageLoadStrategy: normal, platformName: windows, proxy: Proxy(), se:cdp: ws://localhost:61094/devtoo..., se:cdpVersion: 152.0.7977.84, setWindowRect: true, strictFileInteractability: false, timeouts: {implicit: 0, pageLoad: 300000, script: 30000}, unhandledPromptBehavior: dismiss and notify, webauthn:extension:credBlob: true, webauthn:extension:largeBlob: true, webauthn:extension:minPinLength: true, webauthn:extension:prf: true, webauthn:virtualAuthenticators: true}
Session ID: cf966ef9c026b5208c681e3263000935
2026-09-14 10:23:46 [TestNG-test-OrangeHRM Test 1-4] ERROR BaseClass - This is an error message
2026-09-14 10:23:46 [TestNG-test-OrangeHRM Test 1-4] FATAL BaseClass - This is a fatal message
2026-09-14 10:23:51 [TestNG-test-OrangeHRM Test 1-1] ERROR ActionDriver - This Element is not clickable: Expected condition failed: waiting for element found by By.xpath: //button[normalize-space()='Search'] to be clickable, but the element was not found: org.openqa.selenium.NoSuchElementException: no such element: Unable to locate element: {"method":"xpath","selector":"//button[normalize-space()='Search']"}.
(tried for 25 seconds with 500 milliseconds interval)
Build info: version: '4.49.0', revision: 'bedb24f bedb24f6f703876e7e4c5d506f0d697eb358c720'
System info: os.name: 'Windows 10', os.arch: 'amd64', os.version: '10.0', java.version: '17'
Driver info: org.openqa.selenium.chrome.ChromeDriver
Capabilities {acceptInsecureCerts: false, browserName: chrome, browserVersion: 152.0.7977.84, chrome: {chromedriverVersion: 152.0.7977.82 (d04cdb24d67b..., userDataDir: C:\Users\chaker\AppData\Loc...}, fedcm:accounts: true, goog:chromeOptions: {debuggerAddress: localhost:51798}, goog:processID: 22156, networkConnectionEnabled: false, pageLoadStrategy: normal, platformName: windows, proxy: Proxy(), se:cdp: ws://localhost:51798/devtoo..., se:cdpVersion: 152.0.7977.84, setWindowRect: true, strictFileInteractability: false, timeouts: {implicit: 0, pageLoad: 300000, script: 30000}, unhandledPromptBehavior: dismiss and notify, webauthn:extension:credBlob: true, webauthn:extension:largeBlob: true, webauthn:extension:minPinLength: true, webauthn:extension:prf: true, webauthn:virtualAuthenticators: true}
Session ID: f97f9f8ba44c9521c0b6dd7407c1a5fa
2026-09-14 10:24:05 [TestNG-test-OrangeHRM Test 1-3] ERROR ActionDriver - This Element is not visible: Expected condition failed: waiting for visibility of element found by By.cssSelector: body > div:nth-child(3) > div:nth-child(1) > div:nth-child(1) > aside:nth-child(1) > nav:nth-child(1) > div:nth-child(2) > ul:nth-child(2) > li:nth-child(1) > a:nth-child(1) > span:nth-child(2)
(tried for 25 seconds with 500 milliseconds interval)
Build info: version: '4.49.0', revision: 'bedb24f bedb24f6f703876e7e4c5d506f0d697eb358c720'
System info: os.name: 'Windows 10', os.arch: 'amd64', os.version: '10.0', java.version: '17'
Driver info: org.openqa.selenium.chrome.ChromeDriver
Capabilities {acceptInsecureCerts: false, browserName: chrome, browserVersion: 152.0.7977.84, chrome: {chromedriverVersion: 152.0.7977.82 (d04cdb24d67b..., userDataDir: C:\Users\chaker\AppData\Loc...}, fedcm:accounts: true, goog:chromeOptions: {debuggerAddress: localhost:64759}, goog:processID: 26352, networkConnectionEnabled: false, pageLoadStrategy: normal, platformName: windows, proxy: Proxy(), se:cdp: ws://localhost:64759/devtoo..., se:cdpVersion: 152.0.7977.84, setWindowRect: true, strictFileInteractability: false, timeouts: {implicit: 0, pageLoad: 300000, script: 30000}, unhandledPromptBehavior: dismiss and notify, webauthn:extension:credBlob: true, webauthn:extension:largeBlob: true, webauthn:extension:minPinLength: true, webauthn:extension:prf: true, webauthn:virtualAuthenticators: true}
Session ID: fa7071a4d251ab75a2db0b0960b65009
2026-09-14 10:24:19 [TestNG-test-OrangeHRM Test 1-4] ERROR ActionDriver - This Element is not visible: Expected condition failed: waiting for visibility of element found by By.cssSelector: body > div:nth-child(3) > div:nth-child(1) > div:nth-child(1) > aside:nth-child(1) > nav:nth-child(1) > div:nth-child(2) > ul:nth-child(2) > li:nth-child(1) > a:nth-child(1) > span:nth-child(2)
(tried for 25 seconds with 500 milliseconds interval)
Build info: version: '4.49.0', revision: 'bedb24f bedb24f6f703876e7e4c5d506f0d697eb358c720'
System info: os.name: 'Windows 10', os.arch: 'amd64', os.version: '10.0', java.version: '17'
Driver info: org.openqa.selenium.chrome.ChromeDriver
Capabilities {acceptInsecureCerts: false, browserName: chrome, browserVersion: 152.0.7977.84, chrome: {chromedriverVersion: 152.0.7977.82 (d04cdb24d67b..., userDataDir: C:\Users\chaker\AppData\Loc...}, fedcm:accounts: true, goog:chromeOptions: {debuggerAddress: localhost:53256}, goog:processID: 18988, networkConnectionEnabled: false, pageLoadStrategy: normal, platformName: windows, proxy: Proxy(), se:cdp: ws://localhost:53256/devtoo..., se:cdpVersion: 152.0.7977.84, setWindowRect: true, strictFileInteractability: false, timeouts: {implicit: 0, pageLoad: 300000, script: 30000}, unhandledPromptBehavior: dismiss and notify, webauthn:extension:credBlob: true, webauthn:extension:largeBlob: true, webauthn:extension:minPinLength: true, webauthn:extension:prf: true, webauthn:virtualAuthenticators: true}
Session ID: 15231826331fa293b1730ee037d10003
2026-09-14 10:24:21 [TestNG-test-OrangeHRM Test 1-1] ERROR ActionDriver - Error when try to apply color in a border: no such element: Unable to locate element: {"method":"xpath","selector":"//button[normalize-space()='Search']"}
  (Session info: chrome=152.0.7977.84)
For documentation on this error, please visit: https://www.selenium.dev/documentation/webdriver/troubleshooting/errors#nosuchelementexception
Build info: version: '4.49.0', revision: 'bedb24f bedb24f6f703876e7e4c5d506f0d697eb358c720'
System info: os.name: 'Windows 10', os.arch: 'amd64', os.version: '10.0', java.version: '17'
Driver info: org.openqa.selenium.chrome.ChromeDriver
Command: [f97f9f8ba44c9521c0b6dd7407c1a5fa, findElement {using=xpath, value=//button[normalize-space()='Search']}]
Capabilities {acceptInsecureCerts: false, browserName: chrome, browserVersion: 152.0.7977.84, chrome: {chromedriverVersion: 152.0.7977.82 (d04cdb24d67b..., userDataDir: C:\Users\chaker\AppData\Loc...}, fedcm:accounts: true, goog:chromeOptions: {debuggerAddress: localhost:51798}, goog:processID: 22156, networkConnectionEnabled: false, pageLoadStrategy: normal, platformName: windows, proxy: Proxy(), se:cdp: ws://localhost:51798/devtoo..., se:cdpVersion: 152.0.7977.84, setWindowRect: true, strictFileInteractability: false, timeouts: {implicit: 0, pageLoad: 300000, script: 30000}, unhandledPromptBehavior: dismiss and notify, webauthn:extension:credBlob: true, webauthn:extension:largeBlob: true, webauthn:extension:minPinLength: true, webauthn:extension:prf: true, webauthn:virtualAuthenticators: true}
Session ID: f97f9f8ba44c9521c0b6dd7407c1a5fa
2026-09-14 10:24:21 [TestNG-test-OrangeHRM Test 1-1] ERROR ActionDriver - Element is not clickable: no such element: Unable to locate element: {"method":"xpath","selector":"//button[normalize-space()='Search']"}
  (Session info: chrome=152.0.7977.84)
For documentation on this error, please visit: https://www.selenium.dev/documentation/webdriver/troubleshooting/errors#nosuchelementexception
Build info: version: '4.49.0', revision: 'bedb24f bedb24f6f703876e7e4c5d506f0d697eb358c720'
System info: os.name: 'Windows 10', os.arch: 'amd64', os.version: '10.0', java.version: '17'
Driver info: org.openqa.selenium.chrome.ChromeDriver
Command: [f97f9f8ba44c9521c0b6dd7407c1a5fa, findElement {using=xpath, value=//button[normalize-space()='Search']}]
Capabilities {acceptInsecureCerts: false, browserName: chrome, browserVersion: 152.0.7977.84, chrome: {chromedriverVersion: 152.0.7977.82 (d04cdb24d67b..., userDataDir: C:\Users\chaker\AppData\Loc...}, fedcm:accounts: true, goog:chromeOptions: {debuggerAddress: localhost:51798}, goog:processID: 22156, networkConnectionEnabled: false, pageLoadStrategy: normal, platformName: windows, proxy: Proxy(), se:cdp: ws://localhost:51798/devtoo..., se:cdpVersion: 152.0.7977.84, setWindowRect: true, strictFileInteractability: false, timeouts: {implicit: 0, pageLoad: 300000, script: 30000}, unhandledPromptBehavior: dismiss and notify, webauthn:extension:credBlob: true, webauthn:extension:largeBlob: true, webauthn:extension:minPinLength: true, webauthn:extension:prf: true, webauthn:virtualAuthenticators: true}
Session ID: f97f9f8ba44c9521c0b6dd7407c1a5fa
2026-09-14 10:24:52 [TestNG-test-OrangeHRM Test 1-1] ERROR ActionDriver - This Element is not visible: Expected condition failed: waiting for visibility of element found by By.xpath: //div[@class='oxd-table-card']/div/div[3], but... org.openqa.selenium.NoSuchElementException: no such element: Unable to locate element: {"method":"xpath","selector":"//div[@class='oxd-table-card']/div/div[3]"}.
(tried for 25 seconds with 500 milliseconds interval)
Build info: version: '4.49.0', revision: 'bedb24f bedb24f6f703876e7e4c5d506f0d697eb358c720'
System info: os.name: 'Windows 10', os.arch: 'amd64', os.version: '10.0', java.version: '17'
Driver info: org.openqa.selenium.chrome.ChromeDriver
Capabilities {acceptInsecureCerts: false, browserName: chrome, browserVersion: 152.0.7977.84, chrome: {chromedriverVersion: 152.0.7977.82 (d04cdb24d67b..., userDataDir: C:\Users\chaker\AppData\Loc...}, fedcm:accounts: true, goog:chromeOptions: {debuggerAddress: localhost:51798}, goog:processID: 22156, networkConnectionEnabled: false, pageLoadStrategy: normal, platformName: windows, proxy: Proxy(), se:cdp: ws://localhost:51798/devtoo..., se:cdpVersion: 152.0.7977.84, setWindowRect: true, strictFileInteractability: false, timeouts: {implicit: 0, pageLoad: 300000, script: 30000}, unhandledPromptBehavior: dismiss and notify, webauthn:extension:credBlob: true, webauthn:extension:largeBlob: true, webauthn:extension:minPinLength: true, webauthn:extension:prf: true, webauthn:virtualAuthenticators: true}
Session ID: f97f9f8ba44c9521c0b6dd7407c1a5fa
2026-09-14 10:25:24 [TestNG-test-OrangeHRM Test 1-1] ERROR ActionDriver - Error when try to apply color in a border: no such element: Unable to locate element: {"method":"xpath","selector":"//div[@class='oxd-table-card']/div/div[3]"}
  (Session info: chrome=152.0.7977.84)
For documentation on this error, please visit: https://www.selenium.dev/documentation/webdriver/troubleshooting/errors#nosuchelementexception
Build info: version: '4.49.0', revision: 'bedb24f bedb24f6f703876e7e4c5d506f0d697eb358c720'
System info: os.name: 'Windows 10', os.arch: 'amd64', os.version: '10.0', java.version: '17'
Driver info: org.openqa.selenium.chrome.ChromeDriver
Command: [f97f9f8ba44c9521c0b6dd7407c1a5fa, findElement {using=xpath, value=//div[@class='oxd-table-card']/div/div[3]}]
Capabilities {acceptInsecureCerts: false, browserName: chrome, browserVersion: 152.0.7977.84, chrome: {chromedriverVersion: 152.0.7977.82 (d04cdb24d67b..., userDataDir: C:\Users\chaker\AppData\Loc...}, fedcm:accounts: true, goog:chromeOptions: {debuggerAddress: localhost:51798}, goog:processID: 22156, networkConnectionEnabled: false, pageLoadStrategy: normal, platformName: windows, proxy: Proxy(), se:cdp: ws://localhost:51798/devtoo..., se:cdpVersion: 152.0.7977.84, setWindowRect: true, strictFileInteractability: false, timeouts: {implicit: 0, pageLoad: 300000, script: 30000}, unhandledPromptBehavior: dismiss and notify, webauthn:extension:credBlob: true, webauthn:extension:largeBlob: true, webauthn:extension:minPinLength: true, webauthn:extension:prf: true, webauthn:virtualAuthenticators: true}
Session ID: f97f9f8ba44c9521c0b6dd7407c1a5fa
2026-09-14 10:25:24 [TestNG-test-OrangeHRM Test 1-1] ERROR ActionDriver - Element to scroll is not visible: no such element: Unable to locate element: {"method":"xpath","selector":"//div[@class='oxd-table-card']/div/div[3]"}
  (Session info: chrome=152.0.7977.84)
For documentation on this error, please visit: https://www.selenium.dev/documentation/webdriver/troubleshooting/errors#nosuchelementexception
Build info: version: '4.49.0', revision: 'bedb24f bedb24f6f703876e7e4c5d506f0d697eb358c720'
System info: os.name: 'Windows 10', os.arch: 'amd64', os.version: '10.0', java.version: '17'
Driver info: org.openqa.selenium.chrome.ChromeDriver
Command: [f97f9f8ba44c9521c0b6dd7407c1a5fa, findElement {using=xpath, value=//div[@class='oxd-table-card']/div/div[3]}]
Capabilities {acceptInsecureCerts: false, browserName: chrome, browserVersion: 152.0.7977.84, chrome: {chromedriverVersion: 152.0.7977.82 (d04cdb24d67b..., userDataDir: C:\Users\chaker\AppData\Loc...}, fedcm:accounts: true, goog:chromeOptions: {debuggerAddress: localhost:51798}, goog:processID: 22156, networkConnectionEnabled: false, pageLoadStrategy: normal, platformName: windows, proxy: Proxy(), se:cdp: ws://localhost:51798/devtoo..., se:cdpVersion: 152.0.7977.84, setWindowRect: true, strictFileInteractability: false, timeouts: {implicit: 0, pageLoad: 300000, script: 30000}, unhandledPromptBehavior: dismiss and notify, webauthn:extension:credBlob: true, webauthn:extension:largeBlob: true, webauthn:extension:minPinLength: true, webauthn:extension:prf: true, webauthn:virtualAuthenticators: true}
Session ID: f97f9f8ba44c9521c0b6dd7407c1a5fa
2026-09-14 10:26:05 [TestNG-test-OrangeHRM Test 1-1] ERROR ActionDriver - This Element is not visible: Expected condition failed: waiting for visibility of element found by By.xpath: //div[@class='oxd-table-card']/div/div[3], but... org.openqa.selenium.NoSuchElementException: no such element: Unable to locate element: {"method":"xpath","selector":"//div[@class='oxd-table-card']/div/div[3]"}.
(tried for 25 seconds with 500 milliseconds interval)
Build info: version: '4.49.0', revision: 'bedb24f bedb24f6f703876e7e4c5d506f0d697eb358c720'
System info: os.name: 'Windows 10', os.arch: 'amd64', os.version: '10.0', java.version: '17'
Driver info: org.openqa.selenium.chrome.ChromeDriver
Capabilities {acceptInsecureCerts: false, browserName: chrome, browserVersion: 152.0.7977.84, chrome: {chromedriverVersion: 152.0.7977.82 (d04cdb24d67b..., userDataDir: C:\Users\chaker\AppData\Loc...}, fedcm:accounts: true, goog:chromeOptions: {debuggerAddress: localhost:51798}, goog:processID: 22156, networkConnectionEnabled: false, pageLoadStrategy: normal, platformName: windows, proxy: Proxy(), se:cdp: ws://localhost:51798/devtoo..., se:cdpVersion: 152.0.7977.84, setWindowRect: true, strictFileInteractability: false, timeouts: {implicit: 0, pageLoad: 300000, script: 30000}, unhandledPromptBehavior: dismiss and notify, webauthn:extension:credBlob: true, webauthn:extension:largeBlob: true, webauthn:extension:minPinLength: true, webauthn:extension:prf: true, webauthn:virtualAuthenticators: true}
Session ID: f97f9f8ba44c9521c0b6dd7407c1a5fa
2026-09-14 10:26:35 [TestNG-test-OrangeHRM Test 1-1] ERROR ActionDriver - Error when try to apply color in a border: no such element: Unable to locate element: {"method":"xpath","selector":"//div[@class='oxd-table-card']/div/div[3]"}
  (Session info: chrome=152.0.7977.84)
For documentation on this error, please visit: https://www.selenium.dev/documentation/webdriver/troubleshooting/errors#nosuchelementexception
Build info: version: '4.49.0', revision: 'bedb24f bedb24f6f703876e7e4c5d506f0d697eb358c720'
System info: os.name: 'Windows 10', os.arch: 'amd64', os.version: '10.0', java.version: '17'
Driver info: org.openqa.selenium.chrome.ChromeDriver
Command: [f97f9f8ba44c9521c0b6dd7407c1a5fa, findElement {using=xpath, value=//div[@class='oxd-table-card']/div/div[3]}]
Capabilities {acceptInsecureCerts: false, browserName: chrome, browserVersion: 152.0.7977.84, chrome: {chromedriverVersion: 152.0.7977.82 (d04cdb24d67b..., userDataDir: C:\Users\chaker\AppData\Loc...}, fedcm:accounts: true, goog:chromeOptions: {debuggerAddress: localhost:51798}, goog:processID: 22156, networkConnectionEnabled: false, pageLoadStrategy: normal, platformName: windows, proxy: Proxy(), se:cdp: ws://localhost:51798/devtoo..., se:cdpVersion: 152.0.7977.84, setWindowRect: true, strictFileInteractability: false, timeouts: {implicit: 0, pageLoad: 300000, script: 30000}, unhandledPromptBehavior: dismiss and notify, webauthn:extension:credBlob: true, webauthn:extension:largeBlob: true, webauthn:extension:minPinLength: true, webauthn:extension:prf: true, webauthn:virtualAuthenticators: true}
Session ID: f97f9f8ba44c9521c0b6dd7407c1a5fa
2026-09-14 10:26:36 [TestNG-test-OrangeHRM Test 1-1] ERROR ActionDriver - Element compared is not visible: no such element: Unable to locate element: {"method":"xpath","selector":"//div[@class='oxd-table-card']/div/div[3]"}
  (Session info: chrome=152.0.7977.84)
For documentation on this error, please visit: https://www.selenium.dev/documentation/webdriver/troubleshooting/errors#nosuchelementexception
Build info: version: '4.49.0', revision: 'bedb24f bedb24f6f703876e7e4c5d506f0d697eb358c720'
System info: os.name: 'Windows 10', os.arch: 'amd64', os.version: '10.0', java.version: '17'
Driver info: org.openqa.selenium.chrome.ChromeDriver
Command: [f97f9f8ba44c9521c0b6dd7407c1a5fa, findElement {using=xpath, value=//div[@class='oxd-table-card']/div/div[3]}]
Capabilities {acceptInsecureCerts: false, browserName: chrome, browserVersion: 152.0.7977.84, chrome: {chromedriverVersion: 152.0.7977.82 (d04cdb24d67b..., userDataDir: C:\Users\chaker\AppData\Loc...}, fedcm:accounts: true, goog:chromeOptions: {debuggerAddress: localhost:51798}, goog:processID: 22156, networkConnectionEnabled: false, pageLoadStrategy: normal, platformName: windows, proxy: Proxy(), se:cdp: ws://localhost:51798/devtoo..., se:cdpVersion: 152.0.7977.84, setWindowRect: true, strictFileInteractability: false, timeouts: {implicit: 0, pageLoad: 300000, script: 30000}, unhandledPromptBehavior: dismiss and notify, webauthn:extension:credBlob: true, webauthn:extension:largeBlob: true, webauthn:extension:minPinLength: true, webauthn:extension:prf: true, webauthn:virtualAuthenticators: true}
Session ID: f97f9f8ba44c9521c0b6dd7407c1a5fa
2026-09-14 10:27:09 [TestNG-test-OrangeHRM Test 1-1] ERROR ActionDriver - This Element is not visible: Expected condition failed: waiting for visibility of element found by By.xpath: //div[@class='oxd-table-card']/div/div[4], but... org.openqa.selenium.NoSuchElementException: no such element: Unable to locate element: {"method":"xpath","selector":"//div[@class='oxd-table-card']/div/div[4]"}.
(tried for 25 seconds with 500 milliseconds interval)
Build info: version: '4.49.0', revision: 'bedb24f bedb24f6f703876e7e4c5d506f0d697eb358c720'
System info: os.name: 'Windows 10', os.arch: 'amd64', os.version: '10.0', java.version: '17'
Driver info: org.openqa.selenium.chrome.ChromeDriver
Capabilities {acceptInsecureCerts: false, browserName: chrome, browserVersion: 152.0.7977.84, chrome: {chromedriverVersion: 152.0.7977.82 (d04cdb24d67b..., userDataDir: C:\Users\chaker\AppData\Loc...}, fedcm:accounts: true, goog:chromeOptions: {debuggerAddress: localhost:51798}, goog:processID: 22156, networkConnectionEnabled: false, pageLoadStrategy: normal, platformName: windows, proxy: Proxy(), se:cdp: ws://localhost:51798/devtoo..., se:cdpVersion: 152.0.7977.84, setWindowRect: true, strictFileInteractability: false, timeouts: {implicit: 0, pageLoad: 300000, script: 30000}, unhandledPromptBehavior: dismiss and notify, webauthn:extension:credBlob: true, webauthn:extension:largeBlob: true, webauthn:extension:minPinLength: true, webauthn:extension:prf: true, webauthn:virtualAuthenticators: true}
Session ID: f97f9f8ba44c9521c0b6dd7407c1a5fa
2026-09-14 10:27:39 [TestNG-test-OrangeHRM Test 1-1] ERROR ActionDriver - Error when try to apply color in a border: no such element: Unable to locate element: {"method":"xpath","selector":"//div[@class='oxd-table-card']/div/div[4]"}
  (Session info: chrome=152.0.7977.84)
For documentation on this error, please visit: https://www.selenium.dev/documentation/webdriver/troubleshooting/errors#nosuchelementexception
Build info: version: '4.49.0', revision: 'bedb24f bedb24f6f703876e7e4c5d506f0d697eb358c720'
System info: os.name: 'Windows 10', os.arch: 'amd64', os.version: '10.0', java.version: '17'
Driver info: org.openqa.selenium.chrome.ChromeDriver
Command: [f97f9f8ba44c9521c0b6dd7407c1a5fa, findElement {using=xpath, value=//div[@class='oxd-table-card']/div/div[4]}]
Capabilities {acceptInsecureCerts: false, browserName: chrome, browserVersion: 152.0.7977.84, chrome: {chromedriverVersion: 152.0.7977.82 (d04cdb24d67b..., userDataDir: C:\Users\chaker\AppData\Loc...}, fedcm:accounts: true, goog:chromeOptions: {debuggerAddress: localhost:51798}, goog:processID: 22156, networkConnectionEnabled: false, pageLoadStrategy: normal, platformName: windows, proxy: Proxy(), se:cdp: ws://localhost:51798/devtoo..., se:cdpVersion: 152.0.7977.84, setWindowRect: true, strictFileInteractability: false, timeouts: {implicit: 0, pageLoad: 300000, script: 30000}, unhandledPromptBehavior: dismiss and notify, webauthn:extension:credBlob: true, webauthn:extension:largeBlob: true, webauthn:extension:minPinLength: true, webauthn:extension:prf: true, webauthn:virtualAuthenticators: true}
Session ID: f97f9f8ba44c9521c0b6dd7407c1a5fa
2026-09-14 10:27:39 [TestNG-test-OrangeHRM Test 1-1] ERROR ActionDriver - Element compared is not visible: no such element: Unable to locate element: {"method":"xpath","selector":"//div[@class='oxd-table-card']/div/div[4]"}
  (Session info: chrome=152.0.7977.84)
For documentation on this error, please visit: https://www.selenium.dev/documentation/webdriver/troubleshooting/errors#nosuchelementexception
Build info: version: '4.49.0', revision: 'bedb24f bedb24f6f703876e7e4c5d506f0d697eb358c720'
System info: os.name: 'Windows 10', os.arch: 'amd64', os.version: '10.0', java.version: '17'
Driver info: org.openqa.selenium.chrome.ChromeDriver
Command: [f97f9f8ba44c9521c0b6dd7407c1a5fa, findElement {using=xpath, value=//div[@class='oxd-table-card']/div/div[4]}]
Capabilities {acceptInsecureCerts: false, browserName: chrome, browserVersion: 152.0.7977.84, chrome: {chromedriverVersion: 152.0.7977.82 (d04cdb24d67b..., userDataDir: C:\Users\chaker\AppData\Loc...}, fedcm:accounts: true, goog:chromeOptions: {debuggerAddress: localhost:51798}, goog:processID: 22156, networkConnectionEnabled: false, pageLoadStrategy: normal, platformName: windows, proxy: Proxy(), se:cdp: ws://localhost:51798/devtoo..., se:cdpVersion: 152.0.7977.84, setWindowRect: true, strictFileInteractability: false, timeouts: {implicit: 0, pageLoad: 300000, script: 30000}, unhandledPromptBehavior: dismiss and notify, webauthn:extension:credBlob: true, webauthn:extension:largeBlob: true, webauthn:extension:minPinLength: true, webauthn:extension:prf: true, webauthn:virtualAuthenticators: true}
Session ID: f97f9f8ba44c9521c0b6dd7407c1a5fa
2026-09-14 10:28:01 [TestNG-test-OrangeHRM Test 1-1] ERROR BaseClass - This is an error message
2026-09-14 10:28:01 [TestNG-test-OrangeHRM Test 1-1] FATAL BaseClass - This is a fatal message
2026-09-14 10:28:32 [TestNG-test-OrangeHRM Test 1-1] ERROR ActionDriver - This Element is not clickable: Expected condition failed: waiting for element found by By.xpath: //span[text()='PIM'] to be clickable, but the element was not visible.
(tried for 25 seconds with 500 milliseconds interval)
Build info: version: '4.49.0', revision: 'bedb24f bedb24f6f703876e7e4c5d506f0d697eb358c720'
System info: os.name: 'Windows 10', os.arch: 'amd64', os.version: '10.0', java.version: '17'
Driver info: org.openqa.selenium.chrome.ChromeDriver
Capabilities {acceptInsecureCerts: false, browserName: chrome, browserVersion: 152.0.7977.84, chrome: {chromedriverVersion: 152.0.7977.82 (d04cdb24d67b..., userDataDir: C:\Users\chaker\AppData\Loc...}, fedcm:accounts: true, goog:chromeOptions: {debuggerAddress: localhost:59045}, goog:processID: 20152, networkConnectionEnabled: false, pageLoadStrategy: normal, platformName: windows, proxy: Proxy(), se:cdp: ws://localhost:59045/devtoo..., se:cdpVersion: 152.0.7977.84, setWindowRect: true, strictFileInteractability: false, timeouts: {implicit: 0, pageLoad: 300000, script: 30000}, unhandledPromptBehavior: dismiss and notify, webauthn:extension:credBlob: true, webauthn:extension:largeBlob: true, webauthn:extension:minPinLength: true, webauthn:extension:prf: true, webauthn:virtualAuthenticators: true}
Session ID: bb697ccf807dcd2314285a1c39de1cbd
2026-09-14 10:28:48 [TestNG-test-OrangeHRM Test 1-1] ERROR ActionDriver - Element is not clickable: element not interactable
  (Session info: chrome=152.0.7977.84)
Build info: version: '4.49.0', revision: 'bedb24f bedb24f6f703876e7e4c5d506f0d697eb358c720'
System info: os.name: 'Windows 10', os.arch: 'amd64', os.version: '10.0', java.version: '17'
Driver info: org.openqa.selenium.chrome.ChromeDriver
Command: [bb697ccf807dcd2314285a1c39de1cbd, clickElement {id=f.89A7EDE90CAE02187EC0F8746E144AC5.d.A9EF13CED0380477F13E30B2745B66D6.e.59}]
Capabilities {acceptInsecureCerts: false, browserName: chrome, browserVersion: 152.0.7977.84, chrome: {chromedriverVersion: 152.0.7977.82 (d04cdb24d67b..., userDataDir: C:\Users\chaker\AppData\Loc...}, fedcm:accounts: true, goog:chromeOptions: {debuggerAddress: localhost:59045}, goog:processID: 20152, networkConnectionEnabled: false, pageLoadStrategy: normal, platformName: windows, proxy: Proxy(), se:cdp: ws://localhost:59045/devtoo..., se:cdpVersion: 152.0.7977.84, setWindowRect: true, strictFileInteractability: false, timeouts: {implicit: 0, pageLoad: 300000, script: 30000}, unhandledPromptBehavior: dismiss and notify, webauthn:extension:credBlob: true, webauthn:extension:largeBlob: true, webauthn:extension:minPinLength: true, webauthn:extension:prf: true, webauthn:virtualAuthenticators: true}
Element: [[ChromeDriver: chrome on windows (bb697ccf807dcd2314285a1c39de1cbd)] -> xpath: //span[text()='PIM']]
Session ID: bb697ccf807dcd2314285a1c39de1cbd
2026-09-14 10:29:03 [TestNG-test-OrangeHRM Test 1-1] ERROR ActionDriver - Unable to describe the element: no such element: Unable to locate element: {"method":"xpath","selector":"//input[@placeholder='Type for hints...']"}
  (Session info: chrome=152.0.7977.84)
For documentation on this error, please visit: https://www.selenium.dev/documentation/webdriver/troubleshooting/errors#nosuchelementexception
Build info: version: '4.49.0', revision: 'bedb24f bedb24f6f703876e7e4c5d506f0d697eb358c720'
System info: os.name: 'Windows 10', os.arch: 'amd64', os.version: '10.0', java.version: '17'
Driver info: org.openqa.selenium.chrome.ChromeDriver
Command: [bb697ccf807dcd2314285a1c39de1cbd, findElement {using=xpath, value=//input[@placeholder='Type for hints...']}]
Capabilities {acceptInsecureCerts: false, browserName: chrome, browserVersion: 152.0.7977.84, chrome: {chromedriverVersion: 152.0.7977.82 (d04cdb24d67b..., userDataDir: C:\Users\chaker\AppData\Loc...}, fedcm:accounts: true, goog:chromeOptions: {debuggerAddress: localhost:59045}, goog:processID: 20152, networkConnectionEnabled: false, pageLoadStrategy: normal, platformName: windows, proxy: Proxy(), se:cdp: ws://localhost:59045/devtoo..., se:cdpVersion: 152.0.7977.84, setWindowRect: true, strictFileInteractability: false, timeouts: {implicit: 0, pageLoad: 300000, script: 30000}, unhandledPromptBehavior: dismiss and notify, webauthn:extension:credBlob: true, webauthn:extension:largeBlob: true, webauthn:extension:minPinLength: true, webauthn:extension:prf: true, webauthn:virtualAuthenticators: true}
Session ID: bb697ccf807dcd2314285a1c39de1cbd
2026-09-14 10:29:18 [TestNG-test-OrangeHRM Test 1-1] ERROR ActionDriver - Error when try to apply color in a border: no such element: Unable to locate element: {"method":"xpath","selector":"//input[@placeholder='Type for hints...']"}
  (Session info: chrome=152.0.7977.84)
For documentation on this error, please visit: https://www.selenium.dev/documentation/webdriver/troubleshooting/errors#nosuchelementexception
Build info: version: '4.49.0', revision: 'bedb24f bedb24f6f703876e7e4c5d506f0d697eb358c720'
System info: os.name: 'Windows 10', os.arch: 'amd64', os.version: '10.0', java.version: '17'
Driver info: org.openqa.selenium.chrome.ChromeDriver
Command: [bb697ccf807dcd2314285a1c39de1cbd, findElement {using=xpath, value=//input[@placeholder='Type for hints...']}]
Capabilities {acceptInsecureCerts: false, browserName: chrome, browserVersion: 152.0.7977.84, chrome: {chromedriverVersion: 152.0.7977.82 (d04cdb24d67b..., userDataDir: C:\Users\chaker\AppData\Loc...}, fedcm:accounts: true, goog:chromeOptions: {debuggerAddress: localhost:59045}, goog:processID: 20152, networkConnectionEnabled: false, pageLoadStrategy: normal, platformName: windows, proxy: Proxy(), se:cdp: ws://localhost:59045/devtoo..., se:cdpVersion: 152.0.7977.84, setWindowRect: true, strictFileInteractability: false, timeouts: {implicit: 0, pageLoad: 300000, script: 30000}, unhandledPromptBehavior: dismiss and notify, webauthn:extension:credBlob: true, webauthn:extension:largeBlob: true, webauthn:extension:minPinLength: true, webauthn:extension:prf: true, webauthn:virtualAuthenticators: true}
Session ID: bb697ccf807dcd2314285a1c39de1cbd
2026-09-14 10:29:49 [TestNG-test-OrangeHRM Test 1-1] ERROR ActionDriver - This Element is not visible: Expected condition failed: waiting for visibility of element found by By.xpath: //input[@placeholder='Type for hints...'], but... org.openqa.selenium.NoSuchElementException: no such element: Unable to locate element: {"method":"xpath","selector":"//input[@placeholder='Type for hints...']"}.
(tried for 25 seconds with 500 milliseconds interval)
Build info: version: '4.49.0', revision: 'bedb24f bedb24f6f703876e7e4c5d506f0d697eb358c720'
System info: os.name: 'Windows 10', os.arch: 'amd64', os.version: '10.0', java.version: '17'
Driver info: org.openqa.selenium.chrome.ChromeDriver
Capabilities {acceptInsecureCerts: false, browserName: chrome, browserVersion: 152.0.7977.84, chrome: {chromedriverVersion: 152.0.7977.82 (d04cdb24d67b..., userDataDir: C:\Users\chaker\AppData\Loc...}, fedcm:accounts: true, goog:chromeOptions: {debuggerAddress: localhost:59045}, goog:processID: 20152, networkConnectionEnabled: false, pageLoadStrategy: normal, platformName: windows, proxy: Proxy(), se:cdp: ws://localhost:59045/devtoo..., se:cdpVersion: 152.0.7977.84, setWindowRect: true, strictFileInteractability: false, timeouts: {implicit: 0, pageLoad: 300000, script: 30000}, unhandledPromptBehavior: dismiss and notify, webauthn:extension:credBlob: true, webauthn:extension:largeBlob: true, webauthn:extension:minPinLength: true, webauthn:extension:prf: true, webauthn:virtualAuthenticators: true}
Session ID: bb697ccf807dcd2314285a1c39de1cbd
2026-09-14 10:30:19 [TestNG-test-OrangeHRM Test 1-1] ERROR ActionDriver - Error when try to apply color in a border: no such element: Unable to locate element: {"method":"xpath","selector":"//input[@placeholder='Type for hints...']"}
  (Session info: chrome=152.0.7977.84)
For documentation on this error, please visit: https://www.selenium.dev/documentation/webdriver/troubleshooting/errors#nosuchelementexception
Build info: version: '4.49.0', revision: 'bedb24f bedb24f6f703876e7e4c5d506f0d697eb358c720'
System info: os.name: 'Windows 10', os.arch: 'amd64', os.version: '10.0', java.version: '17'
Driver info: org.openqa.selenium.chrome.ChromeDriver
Command: [bb697ccf807dcd2314285a1c39de1cbd, findElement {using=xpath, value=//input[@placeholder='Type for hints...']}]
Capabilities {acceptInsecureCerts: false, browserName: chrome, browserVersion: 152.0.7977.84, chrome: {chromedriverVersion: 152.0.7977.82 (d04cdb24d67b..., userDataDir: C:\Users\chaker\AppData\Loc...}, fedcm:accounts: true, goog:chromeOptions: {debuggerAddress: localhost:59045}, goog:processID: 20152, networkConnectionEnabled: false, pageLoadStrategy: normal, platformName: windows, proxy: Proxy(), se:cdp: ws://localhost:59045/devtoo..., se:cdpVersion: 152.0.7977.84, setWindowRect: true, strictFileInteractability: false, timeouts: {implicit: 0, pageLoad: 300000, script: 30000}, unhandledPromptBehavior: dismiss and notify, webauthn:extension:credBlob: true, webauthn:extension:largeBlob: true, webauthn:extension:minPinLength: true, webauthn:extension:prf: true, webauthn:virtualAuthenticators: true}
Session ID: bb697ccf807dcd2314285a1c39de1cbd
2026-09-14 10:30:19 [TestNG-test-OrangeHRM Test 1-1] ERROR ActionDriver - Element is not entered: no such element: Unable to locate element: {"method":"xpath","selector":"//input[@placeholder='Type for hints...']"}
  (Session info: chrome=152.0.7977.84)
For documentation on this error, please visit: https://www.selenium.dev/documentation/webdriver/troubleshooting/errors#nosuchelementexception
Build info: version: '4.49.0', revision: 'bedb24f bedb24f6f703876e7e4c5d506f0d697eb358c720'
System info: os.name: 'Windows 10', os.arch: 'amd64', os.version: '10.0', java.version: '17'
Driver info: org.openqa.selenium.chrome.ChromeDriver
Command: [bb697ccf807dcd2314285a1c39de1cbd, findElement {using=xpath, value=//input[@placeholder='Type for hints...']}]
Capabilities {acceptInsecureCerts: false, browserName: chrome, browserVersion: 152.0.7977.84, chrome: {chromedriverVersion: 152.0.7977.82 (d04cdb24d67b..., userDataDir: C:\Users\chaker\AppData\Loc...}, fedcm:accounts: true, goog:chromeOptions: {debuggerAddress: localhost:59045}, goog:processID: 20152, networkConnectionEnabled: false, pageLoadStrategy: normal, platformName: windows, proxy: Proxy(), se:cdp: ws://localhost:59045/devtoo..., se:cdpVersion: 152.0.7977.84, setWindowRect: true, strictFileInteractability: false, timeouts: {implicit: 0, pageLoad: 300000, script: 30000}, unhandledPromptBehavior: dismiss and notify, webauthn:extension:credBlob: true, webauthn:extension:largeBlob: true, webauthn:extension:minPinLength: true, webauthn:extension:prf: true, webauthn:virtualAuthenticators: true}
Session ID: bb697ccf807dcd2314285a1c39de1cbd
2026-09-14 10:30:34 [TestNG-test-OrangeHRM Test 1-1] ERROR ActionDriver - Unable to describe the element: no such element: Unable to locate element: {"method":"xpath","selector":"//button[normalize-space()='Search']"}
  (Session info: chrome=152.0.7977.84)
For documentation on this error, please visit: https://www.selenium.dev/documentation/webdriver/troubleshooting/errors#nosuchelementexception
Build info: version: '4.49.0', revision: 'bedb24f bedb24f6f703876e7e4c5d506f0d697eb358c720'
System info: os.name: 'Windows 10', os.arch: 'amd64', os.version: '10.0', java.version: '17'
Driver info: org.openqa.selenium.chrome.ChromeDriver
Command: [bb697ccf807dcd2314285a1c39de1cbd, findElement {using=xpath, value=//button[normalize-space()='Search']}]
Capabilities {acceptInsecureCerts: false, browserName: chrome, browserVersion: 152.0.7977.84, chrome: {chromedriverVersion: 152.0.7977.82 (d04cdb24d67b..., userDataDir: C:\Users\chaker\AppData\Loc...}, fedcm:accounts: true, goog:chromeOptions: {debuggerAddress: localhost:59045}, goog:processID: 20152, networkConnectionEnabled: false, pageLoadStrategy: normal, platformName: windows, proxy: Proxy(), se:cdp: ws://localhost:59045/devtoo..., se:cdpVersion: 152.0.7977.84, setWindowRect: true, strictFileInteractability: false, timeouts: {implicit: 0, pageLoad: 300000, script: 30000}, unhandledPromptBehavior: dismiss and notify, webauthn:extension:credBlob: true, webauthn:extension:largeBlob: true, webauthn:extension:minPinLength: true, webauthn:extension:prf: true, webauthn:virtualAuthenticators: true}
Session ID: bb697ccf807dcd2314285a1c39de1cbd
2026-09-14 10:30:49 [TestNG-test-OrangeHRM Test 1-1] ERROR ActionDriver - Error when try to apply color in a border: no such element: Unable to locate element: {"method":"xpath","selector":"//button[normalize-space()='Search']"}
  (Session info: chrome=152.0.7977.84)
For documentation on this error, please visit: https://www.selenium.dev/documentation/webdriver/troubleshooting/errors#nosuchelementexception
Build info: version: '4.49.0', revision: 'bedb24f bedb24f6f703876e7e4c5d506f0d697eb358c720'
System info: os.name: 'Windows 10', os.arch: 'amd64', os.version: '10.0', java.version: '17'
Driver info: org.openqa.selenium.chrome.ChromeDriver
Command: [bb697ccf807dcd2314285a1c39de1cbd, findElement {using=xpath, value=//button[normalize-space()='Search']}]
Capabilities {acceptInsecureCerts: false, browserName: chrome, browserVersion: 152.0.7977.84, chrome: {chromedriverVersion: 152.0.7977.82 (d04cdb24d67b..., userDataDir: C:\Users\chaker\AppData\Loc...}, fedcm:accounts: true, goog:chromeOptions: {debuggerAddress: localhost:59045}, goog:processID: 20152, networkConnectionEnabled: false, pageLoadStrategy: normal, platformName: windows, proxy: Proxy(), se:cdp: ws://localhost:59045/devtoo..., se:cdpVersion: 152.0.7977.84, setWindowRect: true, strictFileInteractability: false, timeouts: {implicit: 0, pageLoad: 300000, script: 30000}, unhandledPromptBehavior: dismiss and notify, webauthn:extension:credBlob: true, webauthn:extension:largeBlob: true, webauthn:extension:minPinLength: true, webauthn:extension:prf: true, webauthn:virtualAuthenticators: true}
Session ID: bb697ccf807dcd2314285a1c39de1cbd
2026-09-14 10:31:20 [TestNG-test-OrangeHRM Test 1-1] ERROR ActionDriver - This Element is not clickable: Expected condition failed: waiting for element found by By.xpath: //button[normalize-space()='Search'] to be clickable, but the element was not found: org.openqa.selenium.NoSuchElementException: no such element: Unable to locate element: {"method":"xpath","selector":"//button[normalize-space()='Search']"}.
(tried for 25 seconds with 500 milliseconds interval)
Build info: version: '4.49.0', revision: 'bedb24f bedb24f6f703876e7e4c5d506f0d697eb358c720'
System info: os.name: 'Windows 10', os.arch: 'amd64', os.version: '10.0', java.version: '17'
Driver info: org.openqa.selenium.chrome.ChromeDriver
Capabilities {acceptInsecureCerts: false, browserName: chrome, browserVersion: 152.0.7977.84, chrome: {chromedriverVersion: 152.0.7977.82 (d04cdb24d67b..., userDataDir: C:\Users\chaker\AppData\Loc...}, fedcm:accounts: true, goog:chromeOptions: {debuggerAddress: localhost:59045}, goog:processID: 20152, networkConnectionEnabled: false, pageLoadStrategy: normal, platformName: windows, proxy: Proxy(), se:cdp: ws://localhost:59045/devtoo..., se:cdpVersion: 152.0.7977.84, setWindowRect: true, strictFileInteractability: false, timeouts: {implicit: 0, pageLoad: 300000, script: 30000}, unhandledPromptBehavior: dismiss and notify, webauthn:extension:credBlob: true, webauthn:extension:largeBlob: true, webauthn:extension:minPinLength: true, webauthn:extension:prf: true, webauthn:virtualAuthenticators: true}
Session ID: bb697ccf807dcd2314285a1c39de1cbd
2026-09-14 10:31:50 [TestNG-test-OrangeHRM Test 1-1] ERROR ActionDriver - Error when try to apply color in a border: no such element: Unable to locate element: {"method":"xpath","selector":"//button[normalize-space()='Search']"}
  (Session info: chrome=152.0.7977.84)
For documentation on this error, please visit: https://www.selenium.dev/documentation/webdriver/troubleshooting/errors#nosuchelementexception
Build info: version: '4.49.0', revision: 'bedb24f bedb24f6f703876e7e4c5d506f0d697eb358c720'
System info: os.name: 'Windows 10', os.arch: 'amd64', os.version: '10.0', java.version: '17'
Driver info: org.openqa.selenium.chrome.ChromeDriver
Command: [bb697ccf807dcd2314285a1c39de1cbd, findElement {using=xpath, value=//button[normalize-space()='Search']}]
Capabilities {acceptInsecureCerts: false, browserName: chrome, browserVersion: 152.0.7977.84, chrome: {chromedriverVersion: 152.0.7977.82 (d04cdb24d67b..., userDataDir: C:\Users\chaker\AppData\Loc...}, fedcm:accounts: true, goog:chromeOptions: {debuggerAddress: localhost:59045}, goog:processID: 20152, networkConnectionEnabled: false, pageLoadStrategy: normal, platformName: windows, proxy: Proxy(), se:cdp: ws://localhost:59045/devtoo..., se:cdpVersion: 152.0.7977.84, setWindowRect: true, strictFileInteractability: false, timeouts: {implicit: 0, pageLoad: 300000, script: 30000}, unhandledPromptBehavior: dismiss and notify, webauthn:extension:credBlob: true, webauthn:extension:largeBlob: true, webauthn:extension:minPinLength: true, webauthn:extension:prf: true, webauthn:virtualAuthenticators: true}
Session ID: bb697ccf807dcd2314285a1c39de1cbd
2026-09-14 10:31:50 [TestNG-test-OrangeHRM Test 1-1] ERROR ActionDriver - Element is not clickable: no such element: Unable to locate element: {"method":"xpath","selector":"//button[normalize-space()='Search']"}
  (Session info: chrome=152.0.7977.84)
For documentation on this error, please visit: https://www.selenium.dev/documentation/webdriver/troubleshooting/errors#nosuchelementexception
Build info: version: '4.49.0', revision: 'bedb24f bedb24f6f703876e7e4c5d506f0d697eb358c720'
System info: os.name: 'Windows 10', os.arch: 'amd64', os.version: '10.0', java.version: '17'
Driver info: org.openqa.selenium.chrome.ChromeDriver
Command: [bb697ccf807dcd2314285a1c39de1cbd, findElement {using=xpath, value=//button[normalize-space()='Search']}]
Capabilities {acceptInsecureCerts: false, browserName: chrome, browserVersion: 152.0.7977.84, chrome: {chromedriverVersion: 152.0.7977.82 (d04cdb24d67b..., userDataDir: C:\Users\chaker\AppData\Loc...}, fedcm:accounts: true, goog:chromeOptions: {debuggerAddress: localhost:59045}, goog:processID: 20152, networkConnectionEnabled: false, pageLoadStrategy: normal, platformName: windows, proxy: Proxy(), se:cdp: ws://localhost:59045/devtoo..., se:cdpVersion: 152.0.7977.84, setWindowRect: true, strictFileInteractability: false, timeouts: {implicit: 0, pageLoad: 300000, script: 30000}, unhandledPromptBehavior: dismiss and notify, webauthn:extension:credBlob: true, webauthn:extension:largeBlob: true, webauthn:extension:minPinLength: true, webauthn:extension:prf: true, webauthn:virtualAuthenticators: true}
Session ID: bb697ccf807dcd2314285a1c39de1cbd
2026-09-14 10:32:21 [TestNG-test-OrangeHRM Test 1-1] ERROR ActionDriver - This Element is not visible: Expected condition failed: waiting for visibility of element found by By.xpath: //div[@class='oxd-table-card']/div/div[3], but... org.openqa.selenium.NoSuchElementException: no such element: Unable to locate element: {"method":"xpath","selector":"//div[@class='oxd-table-card']/div/div[3]"}.
(tried for 25 seconds with 500 milliseconds interval)
Build info: version: '4.49.0', revision: 'bedb24f bedb24f6f703876e7e4c5d506f0d697eb358c720'
System info: os.name: 'Windows 10', os.arch: 'amd64', os.version: '10.0', java.version: '17'
Driver info: org.openqa.selenium.chrome.ChromeDriver
Capabilities {acceptInsecureCerts: false, browserName: chrome, browserVersion: 152.0.7977.84, chrome: {chromedriverVersion: 152.0.7977.82 (d04cdb24d67b..., userDataDir: C:\Users\chaker\AppData\Loc...}, fedcm:accounts: true, goog:chromeOptions: {debuggerAddress: localhost:59045}, goog:processID: 20152, networkConnectionEnabled: false, pageLoadStrategy: normal, platformName: windows, proxy: Proxy(), se:cdp: ws://localhost:59045/devtoo..., se:cdpVersion: 152.0.7977.84, setWindowRect: true, strictFileInteractability: false, timeouts: {implicit: 0, pageLoad: 300000, script: 30000}, unhandledPromptBehavior: dismiss and notify, webauthn:extension:credBlob: true, webauthn:extension:largeBlob: true, webauthn:extension:minPinLength: true, webauthn:extension:prf: true, webauthn:virtualAuthenticators: true}
Session ID: bb697ccf807dcd2314285a1c39de1cbd
2026-09-14 10:32:51 [TestNG-test-OrangeHRM Test 1-1] ERROR ActionDriver - Error when try to apply color in a border: no such element: Unable to locate element: {"method":"xpath","selector":"//div[@class='oxd-table-card']/div/div[3]"}
  (Session info: chrome=152.0.7977.84)
For documentation on this error, please visit: https://www.selenium.dev/documentation/webdriver/troubleshooting/errors#nosuchelementexception
Build info: version: '4.49.0', revision: 'bedb24f bedb24f6f703876e7e4c5d506f0d697eb358c720'
System info: os.name: 'Windows 10', os.arch: 'amd64', os.version: '10.0', java.version: '17'
Driver info: org.openqa.selenium.chrome.ChromeDriver
Command: [bb697ccf807dcd2314285a1c39de1cbd, findElement {using=xpath, value=//div[@class='oxd-table-card']/div/div[3]}]
Capabilities {acceptInsecureCerts: false, browserName: chrome, browserVersion: 152.0.7977.84, chrome: {chromedriverVersion: 152.0.7977.82 (d04cdb24d67b..., userDataDir: C:\Users\chaker\AppData\Loc...}, fedcm:accounts: true, goog:chromeOptions: {debuggerAddress: localhost:59045}, goog:processID: 20152, networkConnectionEnabled: false, pageLoadStrategy: normal, platformName: windows, proxy: Proxy(), se:cdp: ws://localhost:59045/devtoo..., se:cdpVersion: 152.0.7977.84, setWindowRect: true, strictFileInteractability: false, timeouts: {implicit: 0, pageLoad: 300000, script: 30000}, unhandledPromptBehavior: dismiss and notify, webauthn:extension:credBlob: true, webauthn:extension:largeBlob: true, webauthn:extension:minPinLength: true, webauthn:extension:prf: true, webauthn:virtualAuthenticators: true}
Session ID: bb697ccf807dcd2314285a1c39de1cbd
2026-09-14 10:32:51 [TestNG-test-OrangeHRM Test 1-1] ERROR ActionDriver - Element to scroll is not visible: no such element: Unable to locate element: {"method":"xpath","selector":"//div[@class='oxd-table-card']/div/div[3]"}
  (Session info: chrome=152.0.7977.84)
For documentation on this error, please visit: https://www.selenium.dev/documentation/webdriver/troubleshooting/errors#nosuchelementexception
Build info: version: '4.49.0', revision: 'bedb24f bedb24f6f703876e7e4c5d506f0d697eb358c720'
System info: os.name: 'Windows 10', os.arch: 'amd64', os.version: '10.0', java.version: '17'
Driver info: org.openqa.selenium.chrome.ChromeDriver
Command: [bb697ccf807dcd2314285a1c39de1cbd, findElement {using=xpath, value=//div[@class='oxd-table-card']/div/div[3]}]
Capabilities {acceptInsecureCerts: false, browserName: chrome, browserVersion: 152.0.7977.84, chrome: {chromedriverVersion: 152.0.7977.82 (d04cdb24d67b..., userDataDir: C:\Users\chaker\AppData\Loc...}, fedcm:accounts: true, goog:chromeOptions: {debuggerAddress: localhost:59045}, goog:processID: 20152, networkConnectionEnabled: false, pageLoadStrategy: normal, platformName: windows, proxy: Proxy(), se:cdp: ws://localhost:59045/devtoo..., se:cdpVersion: 152.0.7977.84, setWindowRect: true, strictFileInteractability: false, timeouts: {implicit: 0, pageLoad: 300000, script: 30000}, unhandledPromptBehavior: dismiss and notify, webauthn:extension:credBlob: true, webauthn:extension:largeBlob: true, webauthn:extension:minPinLength: true, webauthn:extension:prf: true, webauthn:virtualAuthenticators: true}
Session ID: bb697ccf807dcd2314285a1c39de1cbd
2026-09-14 10:36:03 [TestNG-test-OrangeHRM Test 1-2] ERROR BaseClass - This is an error message
2026-09-14 10:36:03 [TestNG-test-OrangeHRM Test 1-4] ERROR BaseClass - This is an error message
2026-09-14 10:36:03 [TestNG-test-OrangeHRM Test 1-2] FATAL BaseClass - This is a fatal message
2026-09-14 10:36:03 [TestNG-test-OrangeHRM Test 1-4] FATAL BaseClass - This is a fatal message
2026-09-14 10:36:03 [TestNG-test-OrangeHRM Test 1-1] ERROR BaseClass - This is an error message
2026-09-14 10:36:03 [TestNG-test-OrangeHRM Test 1-3] ERROR BaseClass - This is an error message
2026-09-14 10:36:03 [TestNG-test-OrangeHRM Test 1-5] ERROR BaseClass - This is an error message
2026-09-14 10:36:03 [TestNG-test-OrangeHRM Test 1-1] FATAL BaseClass - This is a fatal message
2026-09-14 10:36:03 [TestNG-test-OrangeHRM Test 1-3] FATAL BaseClass - This is a fatal message
2026-09-14 10:36:03 [TestNG-test-OrangeHRM Test 1-5] FATAL BaseClass - This is a fatal message
2026-09-14 10:36:14 [TestNG-test-OrangeHRM Test 1-4] ERROR BaseClass - This is an error message
2026-09-14 10:36:14 [TestNG-test-OrangeHRM Test 1-4] FATAL BaseClass - This is a fatal message
2026-09-14 10:36:23 [TestNG-test-OrangeHRM Test 1-3] ERROR BaseClass - This is an error message
2026-09-14 10:36:23 [TestNG-test-OrangeHRM Test 1-3] FATAL BaseClass - This is a fatal message
2026-09-14 10:36:39 [TestNG-test-OrangeHRM Test 1-4] ERROR BaseClass - This is an error message
2026-09-14 10:36:39 [TestNG-test-OrangeHRM Test 1-4] FATAL BaseClass - This is a fatal message
2026-09-14 10:36:45 [TestNG-test-OrangeHRM Test 1-2] ERROR ActionDriver - This Element is not visible: Expected condition failed: waiting for visibility of element found by By.xpath: //div[@class='oxd-brand-banner']//img
(tried for 25 seconds with 500 milliseconds interval)
Build info: version: '4.49.0', revision: 'bedb24f bedb24f6f703876e7e4c5d506f0d697eb358c720'
System info: os.name: 'Windows 10', os.arch: 'amd64', os.version: '10.0', java.version: '17'
Driver info: org.openqa.selenium.chrome.ChromeDriver
Capabilities {acceptInsecureCerts: false, browserName: chrome, browserVersion: 152.0.7977.84, chrome: {chromedriverVersion: 152.0.7977.82 (d04cdb24d67b..., userDataDir: C:\Users\chaker\AppData\Loc...}, fedcm:accounts: true, goog:chromeOptions: {debuggerAddress: localhost:58865}, goog:processID: 16516, networkConnectionEnabled: false, pageLoadStrategy: normal, platformName: windows, proxy: Proxy(), se:cdp: ws://localhost:58865/devtoo..., se:cdpVersion: 152.0.7977.84, setWindowRect: true, strictFileInteractability: false, timeouts: {implicit: 0, pageLoad: 300000, script: 30000}, unhandledPromptBehavior: dismiss and notify, webauthn:extension:credBlob: true, webauthn:extension:largeBlob: true, webauthn:extension:minPinLength: true, webauthn:extension:prf: true, webauthn:virtualAuthenticators: true}
Session ID: 8e2a33726d7e59e54a68d5e1a4ada562
2026-09-14 10:36:46 [TestNG-test-OrangeHRM Test 1-1] ERROR ActionDriver - This Element is not clickable: Expected condition failed: waiting for element found by By.xpath: //span[text()='PIM'] to be clickable, but the element was not visible.
(tried for 25 seconds with 500 milliseconds interval)
Build info: version: '4.49.0', revision: 'bedb24f bedb24f6f703876e7e4c5d506f0d697eb358c720'
System info: os.name: 'Windows 10', os.arch: 'amd64', os.version: '10.0', java.version: '17'
Driver info: org.openqa.selenium.chrome.ChromeDriver
Capabilities {acceptInsecureCerts: false, browserName: chrome, browserVersion: 152.0.7977.84, chrome: {chromedriverVersion: 152.0.7977.82 (d04cdb24d67b..., userDataDir: C:\Users\chaker\AppData\Loc...}, fedcm:accounts: true, goog:chromeOptions: {debuggerAddress: localhost:55119}, goog:processID: 28520, networkConnectionEnabled: false, pageLoadStrategy: normal, platformName: windows, proxy: Proxy(), se:cdp: ws://localhost:55119/devtoo..., se:cdpVersion: 152.0.7977.84, setWindowRect: true, strictFileInteractability: false, timeouts: {implicit: 0, pageLoad: 300000, script: 30000}, unhandledPromptBehavior: dismiss and notify, webauthn:extension:credBlob: true, webauthn:extension:largeBlob: true, webauthn:extension:minPinLength: true, webauthn:extension:prf: true, webauthn:virtualAuthenticators: true}
Session ID: 196db32c877497b3ce4c0f430f26ae65
2026-09-14 10:36:55 [TestNG-test-OrangeHRM Test 1-2] ERROR BaseClass - This is an error message
2026-09-14 10:36:55 [TestNG-test-OrangeHRM Test 1-2] FATAL BaseClass - This is a fatal message
2026-09-14 10:37:02 [TestNG-test-OrangeHRM Test 1-3] ERROR ActionDriver - This Element is not visible: Expected condition failed: waiting for visibility of element found by By.cssSelector: body > div:nth-child(3) > div:nth-child(1) > div:nth-child(1) > aside:nth-child(1) > nav:nth-child(1) > div:nth-child(2) > ul:nth-child(2) > li:nth-child(1) > a:nth-child(1) > span:nth-child(2)
(tried for 25 seconds with 500 milliseconds interval)
Build info: version: '4.49.0', revision: 'bedb24f bedb24f6f703876e7e4c5d506f0d697eb358c720'
System info: os.name: 'Windows 10', os.arch: 'amd64', os.version: '10.0', java.version: '17'
Driver info: org.openqa.selenium.chrome.ChromeDriver
Capabilities {acceptInsecureCerts: false, browserName: chrome, browserVersion: 152.0.7977.84, chrome: {chromedriverVersion: 152.0.7977.82 (d04cdb24d67b..., userDataDir: C:\Users\chaker\AppData\Loc...}, fedcm:accounts: true, goog:chromeOptions: {debuggerAddress: localhost:53465}, goog:processID: 28408, networkConnectionEnabled: false, pageLoadStrategy: normal, platformName: windows, proxy: Proxy(), se:cdp: ws://localhost:53465/devtoo..., se:cdpVersion: 152.0.7977.84, setWindowRect: true, strictFileInteractability: false, timeouts: {implicit: 0, pageLoad: 300000, script: 30000}, unhandledPromptBehavior: dismiss and notify, webauthn:extension:credBlob: true, webauthn:extension:largeBlob: true, webauthn:extension:minPinLength: true, webauthn:extension:prf: true, webauthn:virtualAuthenticators: true}
Session ID: df36f8a693e4d2e67a2d1a64117e0cf1
2026-09-14 10:37:02 [TestNG-test-OrangeHRM Test 1-1] ERROR ActionDriver - Element is not clickable: element not interactable
  (Session info: chrome=152.0.7977.84)
Build info: version: '4.49.0', revision: 'bedb24f bedb24f6f703876e7e4c5d506f0d697eb358c720'
System info: os.name: 'Windows 10', os.arch: 'amd64', os.version: '10.0', java.version: '17'
Driver info: org.openqa.selenium.chrome.ChromeDriver
Command: [196db32c877497b3ce4c0f430f26ae65, clickElement {id=f.C9FD3DB3C7AC5E8305378FD1D88BB350.d.31FCD38AC889845A649F702CF8BCFFC6.e.54}]
Capabilities {acceptInsecureCerts: false, browserName: chrome, browserVersion: 152.0.7977.84, chrome: {chromedriverVersion: 152.0.7977.82 (d04cdb24d67b..., userDataDir: C:\Users\chaker\AppData\Loc...}, fedcm:accounts: true, goog:chromeOptions: {debuggerAddress: localhost:55119}, goog:processID: 28520, networkConnectionEnabled: false, pageLoadStrategy: normal, platformName: windows, proxy: Proxy(), se:cdp: ws://localhost:55119/devtoo..., se:cdpVersion: 152.0.7977.84, setWindowRect: true, strictFileInteractability: false, timeouts: {implicit: 0, pageLoad: 300000, script: 30000}, unhandledPromptBehavior: dismiss and notify, webauthn:extension:credBlob: true, webauthn:extension:largeBlob: true, webauthn:extension:minPinLength: true, webauthn:extension:prf: true, webauthn:virtualAuthenticators: true}
Element: [[ChromeDriver: chrome on windows (196db32c877497b3ce4c0f430f26ae65)] -> xpath: //span[text()='PIM']]
Session ID: 196db32c877497b3ce4c0f430f26ae65
2026-09-14 10:37:08 [TestNG-test-OrangeHRM Test 1-3] ERROR BaseClass - This is an error message
2026-09-14 10:37:08 [TestNG-test-OrangeHRM Test 1-3] FATAL BaseClass - This is a fatal message
2026-09-14 10:37:12 [TestNG-test-OrangeHRM Test 1-4] ERROR ActionDriver - This Element is not visible: Expected condition failed: waiting for visibility of element found by By.cssSelector: body > div:nth-child(3) > div:nth-child(1) > div:nth-child(1) > aside:nth-child(1) > nav:nth-child(1) > div:nth-child(2) > ul:nth-child(2) > li:nth-child(1) > a:nth-child(1) > span:nth-child(2)
(tried for 25 seconds with 500 milliseconds interval)
Build info: version: '4.49.0', revision: 'bedb24f bedb24f6f703876e7e4c5d506f0d697eb358c720'
System info: os.name: 'Windows 10', os.arch: 'amd64', os.version: '10.0', java.version: '17'
Driver info: org.openqa.selenium.chrome.ChromeDriver
Capabilities {acceptInsecureCerts: false, browserName: chrome, browserVersion: 152.0.7977.84, chrome: {chromedriverVersion: 152.0.7977.82 (d04cdb24d67b..., userDataDir: C:\Users\chaker\AppData\Loc...}, fedcm:accounts: true, goog:chromeOptions: {debuggerAddress: localhost:57307}, goog:processID: 15120, networkConnectionEnabled: false, pageLoadStrategy: normal, platformName: windows, proxy: Proxy(), se:cdp: ws://localhost:57307/devtoo..., se:cdpVersion: 152.0.7977.84, setWindowRect: true, strictFileInteractability: false, timeouts: {implicit: 0, pageLoad: 300000, script: 30000}, unhandledPromptBehavior: dismiss and notify, webauthn:extension:credBlob: true, webauthn:extension:largeBlob: true, webauthn:extension:minPinLength: true, webauthn:extension:prf: true, webauthn:virtualAuthenticators: true}
Session ID: da3083734737833c2797813319f6ec40
2026-09-14 10:37:17 [TestNG-test-OrangeHRM Test 1-1] ERROR ActionDriver - Unable to describe the element: no such element: Unable to locate element: {"method":"xpath","selector":"//input[@placeholder='Type for hints...']"}
  (Session info: chrome=152.0.7977.84)
For documentation on this error, please visit: https://www.selenium.dev/documentation/webdriver/troubleshooting/errors#nosuchelementexception
Build info: version: '4.49.0', revision: 'bedb24f bedb24f6f703876e7e4c5d506f0d697eb358c720'
System info: os.name: 'Windows 10', os.arch: 'amd64', os.version: '10.0', java.version: '17'
Driver info: org.openqa.selenium.chrome.ChromeDriver
Command: [196db32c877497b3ce4c0f430f26ae65, findElement {using=xpath, value=//input[@placeholder='Type for hints...']}]
Capabilities {acceptInsecureCerts: false, browserName: chrome, browserVersion: 152.0.7977.84, chrome: {chromedriverVersion: 152.0.7977.82 (d04cdb24d67b..., userDataDir: C:\Users\chaker\AppData\Loc...}, fedcm:accounts: true, goog:chromeOptions: {debuggerAddress: localhost:55119}, goog:processID: 28520, networkConnectionEnabled: false, pageLoadStrategy: normal, platformName: windows, proxy: Proxy(), se:cdp: ws://localhost:55119/devtoo..., se:cdpVersion: 152.0.7977.84, setWindowRect: true, strictFileInteractability: false, timeouts: {implicit: 0, pageLoad: 300000, script: 30000}, unhandledPromptBehavior: dismiss and notify, webauthn:extension:credBlob: true, webauthn:extension:largeBlob: true, webauthn:extension:minPinLength: true, webauthn:extension:prf: true, webauthn:virtualAuthenticators: true}
Session ID: 196db32c877497b3ce4c0f430f26ae65
2026-09-14 10:37:23 [TestNG-test-OrangeHRM Test 1-4] ERROR BaseClass - This is an error message
2026-09-14 10:37:23 [TestNG-test-OrangeHRM Test 1-4] FATAL BaseClass - This is a fatal message
2026-09-14 10:37:28 [TestNG-test-OrangeHRM Test 1-2] ERROR ActionDriver - This Element is not visible: Expected condition failed: waiting for visibility of element found by By.xpath: //div[@class='oxd-brand-banner']//img
(tried for 25 seconds with 500 milliseconds interval)
Build info: version: '4.49.0', revision: 'bedb24f bedb24f6f703876e7e4c5d506f0d697eb358c720'
System info: os.name: 'Windows 10', os.arch: 'amd64', os.version: '10.0', java.version: '17'
Driver info: org.openqa.selenium.chrome.ChromeDriver
Capabilities {acceptInsecureCerts: false, browserName: chrome, browserVersion: 152.0.7977.84, chrome: {chromedriverVersion: 152.0.7977.82 (d04cdb24d67b..., userDataDir: C:\Users\chaker\AppData\Loc...}, fedcm:accounts: true, goog:chromeOptions: {debuggerAddress: localhost:50972}, goog:processID: 24844, networkConnectionEnabled: false, pageLoadStrategy: normal, platformName: windows, proxy: Proxy(), se:cdp: ws://localhost:50972/devtoo..., se:cdpVersion: 152.0.7977.84, setWindowRect: true, strictFileInteractability: false, timeouts: {implicit: 0, pageLoad: 300000, script: 30000}, unhandledPromptBehavior: dismiss and notify, webauthn:extension:credBlob: true, webauthn:extension:largeBlob: true, webauthn:extension:minPinLength: true, webauthn:extension:prf: true, webauthn:virtualAuthenticators: true}
Session ID: 1d7ff4938581db1667585ba4e3c65363
2026-09-14 10:37:32 [TestNG-test-OrangeHRM Test 1-1] ERROR ActionDriver - Error when try to apply color in a border: no such element: Unable to locate element: {"method":"xpath","selector":"//input[@placeholder='Type for hints...']"}
  (Session info: chrome=152.0.7977.84)
For documentation on this error, please visit: https://www.selenium.dev/documentation/webdriver/troubleshooting/errors#nosuchelementexception
Build info: version: '4.49.0', revision: 'bedb24f bedb24f6f703876e7e4c5d506f0d697eb358c720'
System info: os.name: 'Windows 10', os.arch: 'amd64', os.version: '10.0', java.version: '17'
Driver info: org.openqa.selenium.chrome.ChromeDriver
Command: [196db32c877497b3ce4c0f430f26ae65, findElement {using=xpath, value=//input[@placeholder='Type for hints...']}]
Capabilities {acceptInsecureCerts: false, browserName: chrome, browserVersion: 152.0.7977.84, chrome: {chromedriverVersion: 152.0.7977.82 (d04cdb24d67b..., userDataDir: C:\Users\chaker\AppData\Loc...}, fedcm:accounts: true, goog:chromeOptions: {debuggerAddress: localhost:55119}, goog:processID: 28520, networkConnectionEnabled: false, pageLoadStrategy: normal, platformName: windows, proxy: Proxy(), se:cdp: ws://localhost:55119/devtoo..., se:cdpVersion: 152.0.7977.84, setWindowRect: true, strictFileInteractability: false, timeouts: {implicit: 0, pageLoad: 300000, script: 30000}, unhandledPromptBehavior: dismiss and notify, webauthn:extension:credBlob: true, webauthn:extension:largeBlob: true, webauthn:extension:minPinLength: true, webauthn:extension:prf: true, webauthn:virtualAuthenticators: true}
Session ID: 196db32c877497b3ce4c0f430f26ae65
2026-09-14 10:37:36 [TestNG-test-OrangeHRM Test 1-3] ERROR ActionDriver - This Element is not visible: Expected condition failed: waiting for visibility of element found by By.cssSelector: body > div:nth-child(3) > div:nth-child(1) > div:nth-child(1) > aside:nth-child(1) > nav:nth-child(1) > div:nth-child(2) > ul:nth-child(2) > li:nth-child(1) > a:nth-child(1) > span:nth-child(2)
(tried for 25 seconds with 500 milliseconds interval)
Build info: version: '4.49.0', revision: 'bedb24f bedb24f6f703876e7e4c5d506f0d697eb358c720'
System info: os.name: 'Windows 10', os.arch: 'amd64', os.version: '10.0', java.version: '17'
Driver info: org.openqa.selenium.chrome.ChromeDriver
Capabilities {acceptInsecureCerts: false, browserName: chrome, browserVersion: 152.0.7977.84, chrome: {chromedriverVersion: 152.0.7977.82 (d04cdb24d67b..., userDataDir: C:\Users\chaker\AppData\Loc...}, fedcm:accounts: true, goog:chromeOptions: {debuggerAddress: localhost:53576}, goog:processID: 17296, networkConnectionEnabled: false, pageLoadStrategy: normal, platformName: windows, proxy: Proxy(), se:cdp: ws://localhost:53576/devtoo..., se:cdpVersion: 152.0.7977.84, setWindowRect: true, strictFileInteractability: false, timeouts: {implicit: 0, pageLoad: 300000, script: 30000}, unhandledPromptBehavior: dismiss and notify, webauthn:extension:credBlob: true, webauthn:extension:largeBlob: true, webauthn:extension:minPinLength: true, webauthn:extension:prf: true, webauthn:virtualAuthenticators: true}
Session ID: 0a180e53991c63b848eaa4179193ba08
2026-09-14 10:37:38 [TestNG-test-OrangeHRM Test 1-2] ERROR BaseClass - This is an error message
2026-09-14 10:37:38 [TestNG-test-OrangeHRM Test 1-2] FATAL BaseClass - This is a fatal message
2026-09-14 10:37:42 [TestNG-test-OrangeHRM Test 1-3] ERROR BaseClass - This is an error message
2026-09-14 10:37:42 [TestNG-test-OrangeHRM Test 1-3] FATAL BaseClass - This is a fatal message
2026-09-14 10:37:58 [TestNG-test-OrangeHRM Test 1-4] ERROR ActionDriver - This Element is not visible: Expected condition failed: waiting for visibility of element found by By.cssSelector: body > div:nth-child(3) > div:nth-child(1) > div:nth-child(1) > aside:nth-child(1) > nav:nth-child(1) > div:nth-child(2) > ul:nth-child(2) > li:nth-child(1) > a:nth-child(1) > span:nth-child(2)
(tried for 25 seconds with 500 milliseconds interval)
Build info: version: '4.49.0', revision: 'bedb24f bedb24f6f703876e7e4c5d506f0d697eb358c720'
System info: os.name: 'Windows 10', os.arch: 'amd64', os.version: '10.0', java.version: '17'
Driver info: org.openqa.selenium.chrome.ChromeDriver
Capabilities {acceptInsecureCerts: false, browserName: chrome, browserVersion: 152.0.7977.84, chrome: {chromedriverVersion: 152.0.7977.82 (d04cdb24d67b..., userDataDir: C:\Users\chaker\AppData\Loc...}, fedcm:accounts: true, goog:chromeOptions: {debuggerAddress: localhost:53760}, goog:processID: 4064, networkConnectionEnabled: false, pageLoadStrategy: normal, platformName: windows, proxy: Proxy(), se:cdp: ws://localhost:53760/devtoo..., se:cdpVersion: 152.0.7977.84, setWindowRect: true, strictFileInteractability: false, timeouts: {implicit: 0, pageLoad: 300000, script: 30000}, unhandledPromptBehavior: dismiss and notify, webauthn:extension:credBlob: true, webauthn:extension:largeBlob: true, webauthn:extension:minPinLength: true, webauthn:extension:prf: true, webauthn:virtualAuthenticators: true}
Session ID: 09d59df6ed51e19244f33bc29cea1939
2026-09-14 10:38:03 [TestNG-test-OrangeHRM Test 1-1] ERROR ActionDriver - This Element is not visible: Expected condition failed: waiting for visibility of element found by By.xpath: //input[@placeholder='Type for hints...'], but... org.openqa.selenium.NoSuchElementException: no such element: Unable to locate element: {"method":"xpath","selector":"//input[@placeholder='Type for hints...']"}.
(tried for 25 seconds with 500 milliseconds interval)
Build info: version: '4.49.0', revision: 'bedb24f bedb24f6f703876e7e4c5d506f0d697eb358c720'
System info: os.name: 'Windows 10', os.arch: 'amd64', os.version: '10.0', java.version: '17'
Driver info: org.openqa.selenium.chrome.ChromeDriver
Capabilities {acceptInsecureCerts: false, browserName: chrome, browserVersion: 152.0.7977.84, chrome: {chromedriverVersion: 152.0.7977.82 (d04cdb24d67b..., userDataDir: C:\Users\chaker\AppData\Loc...}, fedcm:accounts: true, goog:chromeOptions: {debuggerAddress: localhost:55119}, goog:processID: 28520, networkConnectionEnabled: false, pageLoadStrategy: normal, platformName: windows, proxy: Proxy(), se:cdp: ws://localhost:55119/devtoo..., se:cdpVersion: 152.0.7977.84, setWindowRect: true, strictFileInteractability: false, timeouts: {implicit: 0, pageLoad: 300000, script: 30000}, unhandledPromptBehavior: dismiss and notify, webauthn:extension:credBlob: true, webauthn:extension:largeBlob: true, webauthn:extension:minPinLength: true, webauthn:extension:prf: true, webauthn:virtualAuthenticators: true}
Session ID: 196db32c877497b3ce4c0f430f26ae65
2026-09-14 10:38:03 [TestNG-test-OrangeHRM Test 1-4] ERROR BaseClass - This is an error message
2026-09-14 10:38:03 [TestNG-test-OrangeHRM Test 1-4] FATAL BaseClass - This is a fatal message
2026-09-14 10:38:07 [TestNG-test-OrangeHRM Test 1-2] ERROR ActionDriver - This Element is not visible: Expected condition failed: waiting for visibility of element found by By.xpath: //div[@class='oxd-brand-banner']//img
(tried for 25 seconds with 500 milliseconds interval)
Build info: version: '4.49.0', revision: 'bedb24f bedb24f6f703876e7e4c5d506f0d697eb358c720'
System info: os.name: 'Windows 10', os.arch: 'amd64', os.version: '10.0', java.version: '17'
Driver info: org.openqa.selenium.chrome.ChromeDriver
Capabilities {acceptInsecureCerts: false, browserName: chrome, browserVersion: 152.0.7977.84, chrome: {chromedriverVersion: 152.0.7977.82 (d04cdb24d67b..., userDataDir: C:\Users\chaker\AppData\Loc...}, fedcm:accounts: true, goog:chromeOptions: {debuggerAddress: localhost:55862}, goog:processID: 3136, networkConnectionEnabled: false, pageLoadStrategy: normal, platformName: windows, proxy: Proxy(), se:cdp: ws://localhost:55862/devtoo..., se:cdpVersion: 152.0.7977.84, setWindowRect: true, strictFileInteractability: false, timeouts: {implicit: 0, pageLoad: 300000, script: 30000}, unhandledPromptBehavior: dismiss and notify, webauthn:extension:credBlob: true, webauthn:extension:largeBlob: true, webauthn:extension:minPinLength: true, webauthn:extension:prf: true, webauthn:virtualAuthenticators: true}
Session ID: 0e2a6d80b337d625119e8bd356632ff3
2026-09-14 10:38:10 [TestNG-test-OrangeHRM Test 1-3] ERROR ActionDriver - This Element is not visible: Expected condition failed: waiting for visibility of element found by By.cssSelector: body > div:nth-child(3) > div:nth-child(1) > div:nth-child(1) > aside:nth-child(1) > nav:nth-child(1) > div:nth-child(2) > ul:nth-child(2) > li:nth-child(1) > a:nth-child(1) > span:nth-child(2)
(tried for 25 seconds with 500 milliseconds interval)
Build info: version: '4.49.0', revision: 'bedb24f bedb24f6f703876e7e4c5d506f0d697eb358c720'
System info: os.name: 'Windows 10', os.arch: 'amd64', os.version: '10.0', java.version: '17'
Driver info: org.openqa.selenium.chrome.ChromeDriver
Capabilities {acceptInsecureCerts: false, browserName: chrome, browserVersion: 152.0.7977.84, chrome: {chromedriverVersion: 152.0.7977.82 (d04cdb24d67b..., userDataDir: C:\Users\chaker\AppData\Loc...}, fedcm:accounts: true, goog:chromeOptions: {debuggerAddress: localhost:64137}, goog:processID: 648, networkConnectionEnabled: false, pageLoadStrategy: normal, platformName: windows, proxy: Proxy(), se:cdp: ws://localhost:64137/devtoo..., se:cdpVersion: 152.0.7977.84, setWindowRect: true, strictFileInteractability: false, timeouts: {implicit: 0, pageLoad: 300000, script: 30000}, unhandledPromptBehavior: dismiss and notify, webauthn:extension:credBlob: true, webauthn:extension:largeBlob: true, webauthn:extension:minPinLength: true, webauthn:extension:prf: true, webauthn:virtualAuthenticators: true}
Session ID: c4a1dcf6919d9aaa9cf06cc4e234d2c1
2026-09-14 10:38:33 [TestNG-test-OrangeHRM Test 1-1] ERROR ActionDriver - Error when try to apply color in a border: no such element: Unable to locate element: {"method":"xpath","selector":"//input[@placeholder='Type for hints...']"}
  (Session info: chrome=152.0.7977.84)
For documentation on this error, please visit: https://www.selenium.dev/documentation/webdriver/troubleshooting/errors#nosuchelementexception
Build info: version: '4.49.0', revision: 'bedb24f bedb24f6f703876e7e4c5d506f0d697eb358c720'
System info: os.name: 'Windows 10', os.arch: 'amd64', os.version: '10.0', java.version: '17'
Driver info: org.openqa.selenium.chrome.ChromeDriver
Command: [196db32c877497b3ce4c0f430f26ae65, findElement {using=xpath, value=//input[@placeholder='Type for hints...']}]
Capabilities {acceptInsecureCerts: false, browserName: chrome, browserVersion: 152.0.7977.84, chrome: {chromedriverVersion: 152.0.7977.82 (d04cdb24d67b..., userDataDir: C:\Users\chaker\AppData\Loc...}, fedcm:accounts: true, goog:chromeOptions: {debuggerAddress: localhost:55119}, goog:processID: 28520, networkConnectionEnabled: false, pageLoadStrategy: normal, platformName: windows, proxy: Proxy(), se:cdp: ws://localhost:55119/devtoo..., se:cdpVersion: 152.0.7977.84, setWindowRect: true, strictFileInteractability: false, timeouts: {implicit: 0, pageLoad: 300000, script: 30000}, unhandledPromptBehavior: dismiss and notify, webauthn:extension:credBlob: true, webauthn:extension:largeBlob: true, webauthn:extension:minPinLength: true, webauthn:extension:prf: true, webauthn:virtualAuthenticators: true}
Session ID: 196db32c877497b3ce4c0f430f26ae65
2026-09-14 10:38:34 [TestNG-test-OrangeHRM Test 1-4] ERROR ActionDriver - This Element is not visible: Expected condition failed: waiting for visibility of element found by By.cssSelector: body > div:nth-child(3) > div:nth-child(1) > div:nth-child(1) > aside:nth-child(1) > nav:nth-child(1) > div:nth-child(2) > ul:nth-child(2) > li:nth-child(1) > a:nth-child(1) > span:nth-child(2)
(tried for 25 seconds with 500 milliseconds interval)
Build info: version: '4.49.0', revision: 'bedb24f bedb24f6f703876e7e4c5d506f0d697eb358c720'
System info: os.name: 'Windows 10', os.arch: 'amd64', os.version: '10.0', java.version: '17'
Driver info: org.openqa.selenium.chrome.ChromeDriver
Capabilities {acceptInsecureCerts: false, browserName: chrome, browserVersion: 152.0.7977.84, chrome: {chromedriverVersion: 152.0.7977.82 (d04cdb24d67b..., userDataDir: C:\Users\chaker\AppData\Loc...}, fedcm:accounts: true, goog:chromeOptions: {debuggerAddress: localhost:61919}, goog:processID: 28068, networkConnectionEnabled: false, pageLoadStrategy: normal, platformName: windows, proxy: Proxy(), se:cdp: ws://localhost:61919/devtoo..., se:cdpVersion: 152.0.7977.84, setWindowRect: true, strictFileInteractability: false, timeouts: {implicit: 0, pageLoad: 300000, script: 30000}, unhandledPromptBehavior: dismiss and notify, webauthn:extension:credBlob: true, webauthn:extension:largeBlob: true, webauthn:extension:minPinLength: true, webauthn:extension:prf: true, webauthn:virtualAuthenticators: true}
Session ID: c763e802370cc50397bd8b6dbef616da
2026-09-14 10:38:34 [TestNG-test-OrangeHRM Test 1-1] ERROR ActionDriver - Element is not entered: no such element: Unable to locate element: {"method":"xpath","selector":"//input[@placeholder='Type for hints...']"}
  (Session info: chrome=152.0.7977.84)
For documentation on this error, please visit: https://www.selenium.dev/documentation/webdriver/troubleshooting/errors#nosuchelementexception
Build info: version: '4.49.0', revision: 'bedb24f bedb24f6f703876e7e4c5d506f0d697eb358c720'
System info: os.name: 'Windows 10', os.arch: 'amd64', os.version: '10.0', java.version: '17'
Driver info: org.openqa.selenium.chrome.ChromeDriver
Command: [196db32c877497b3ce4c0f430f26ae65, findElement {using=xpath, value=//input[@placeholder='Type for hints...']}]
Capabilities {acceptInsecureCerts: false, browserName: chrome, browserVersion: 152.0.7977.84, chrome: {chromedriverVersion: 152.0.7977.82 (d04cdb24d67b..., userDataDir: C:\Users\chaker\AppData\Loc...}, fedcm:accounts: true, goog:chromeOptions: {debuggerAddress: localhost:55119}, goog:processID: 28520, networkConnectionEnabled: false, pageLoadStrategy: normal, platformName: windows, proxy: Proxy(), se:cdp: ws://localhost:55119/devtoo..., se:cdpVersion: 152.0.7977.84, setWindowRect: true, strictFileInteractability: false, timeouts: {implicit: 0, pageLoad: 300000, script: 30000}, unhandledPromptBehavior: dismiss and notify, webauthn:extension:credBlob: true, webauthn:extension:largeBlob: true, webauthn:extension:minPinLength: true, webauthn:extension:prf: true, webauthn:virtualAuthenticators: true}
Session ID: 196db32c877497b3ce4c0f430f26ae65
2026-09-14 10:38:49 [TestNG-test-OrangeHRM Test 1-1] ERROR ActionDriver - Unable to describe the element: no such element: Unable to locate element: {"method":"xpath","selector":"//button[normalize-space()='Search']"}
  (Session info: chrome=152.0.7977.84)
For documentation on this error, please visit: https://www.selenium.dev/documentation/webdriver/troubleshooting/errors#nosuchelementexception
Build info: version: '4.49.0', revision: 'bedb24f bedb24f6f703876e7e4c5d506f0d697eb358c720'
System info: os.name: 'Windows 10', os.arch: 'amd64', os.version: '10.0', java.version: '17'
Driver info: org.openqa.selenium.chrome.ChromeDriver
Command: [196db32c877497b3ce4c0f430f26ae65, findElement {using=xpath, value=//button[normalize-space()='Search']}]
Capabilities {acceptInsecureCerts: false, browserName: chrome, browserVersion: 152.0.7977.84, chrome: {chromedriverVersion: 152.0.7977.82 (d04cdb24d67b..., userDataDir: C:\Users\chaker\AppData\Loc...}, fedcm:accounts: true, goog:chromeOptions: {debuggerAddress: localhost:55119}, goog:processID: 28520, networkConnectionEnabled: false, pageLoadStrategy: normal, platformName: windows, proxy: Proxy(), se:cdp: ws://localhost:55119/devtoo..., se:cdpVersion: 152.0.7977.84, setWindowRect: true, strictFileInteractability: false, timeouts: {implicit: 0, pageLoad: 300000, script: 30000}, unhandledPromptBehavior: dismiss and notify, webauthn:extension:credBlob: true, webauthn:extension:largeBlob: true, webauthn:extension:minPinLength: true, webauthn:extension:prf: true, webauthn:virtualAuthenticators: true}
Session ID: 196db32c877497b3ce4c0f430f26ae65
2026-09-14 10:39:04 [TestNG-test-OrangeHRM Test 1-1] ERROR ActionDriver - Error when try to apply color in a border: no such element: Unable to locate element: {"method":"xpath","selector":"//button[normalize-space()='Search']"}
  (Session info: chrome=152.0.7977.84)
For documentation on this error, please visit: https://www.selenium.dev/documentation/webdriver/troubleshooting/errors#nosuchelementexception
Build info: version: '4.49.0', revision: 'bedb24f bedb24f6f703876e7e4c5d506f0d697eb358c720'
System info: os.name: 'Windows 10', os.arch: 'amd64', os.version: '10.0', java.version: '17'
Driver info: org.openqa.selenium.chrome.ChromeDriver
Command: [196db32c877497b3ce4c0f430f26ae65, findElement {using=xpath, value=//button[normalize-space()='Search']}]
Capabilities {acceptInsecureCerts: false, browserName: chrome, browserVersion: 152.0.7977.84, chrome: {chromedriverVersion: 152.0.7977.82 (d04cdb24d67b..., userDataDir: C:\Users\chaker\AppData\Loc...}, fedcm:accounts: true, goog:chromeOptions: {debuggerAddress: localhost:55119}, goog:processID: 28520, networkConnectionEnabled: false, pageLoadStrategy: normal, platformName: windows, proxy: Proxy(), se:cdp: ws://localhost:55119/devtoo..., se:cdpVersion: 152.0.7977.84, setWindowRect: true, strictFileInteractability: false, timeouts: {implicit: 0, pageLoad: 300000, script: 30000}, unhandledPromptBehavior: dismiss and notify, webauthn:extension:credBlob: true, webauthn:extension:largeBlob: true, webauthn:extension:minPinLength: true, webauthn:extension:prf: true, webauthn:virtualAuthenticators: true}
Session ID: 196db32c877497b3ce4c0f430f26ae65
2026-09-14 10:39:35 [TestNG-test-OrangeHRM Test 1-1] ERROR ActionDriver - This Element is not clickable: Expected condition failed: waiting for element found by By.xpath: //button[normalize-space()='Search'] to be clickable, but the element was not found: org.openqa.selenium.NoSuchElementException: no such element: Unable to locate element: {"method":"xpath","selector":"//button[normalize-space()='Search']"}.
(tried for 25 seconds with 500 milliseconds interval)
Build info: version: '4.49.0', revision: 'bedb24f bedb24f6f703876e7e4c5d506f0d697eb358c720'
System info: os.name: 'Windows 10', os.arch: 'amd64', os.version: '10.0', java.version: '17'
Driver info: org.openqa.selenium.chrome.ChromeDriver
Capabilities {acceptInsecureCerts: false, browserName: chrome, browserVersion: 152.0.7977.84, chrome: {chromedriverVersion: 152.0.7977.82 (d04cdb24d67b..., userDataDir: C:\Users\chaker\AppData\Loc...}, fedcm:accounts: true, goog:chromeOptions: {debuggerAddress: localhost:55119}, goog:processID: 28520, networkConnectionEnabled: false, pageLoadStrategy: normal, platformName: windows, proxy: Proxy(), se:cdp: ws://localhost:55119/devtoo..., se:cdpVersion: 152.0.7977.84, setWindowRect: true, strictFileInteractability: false, timeouts: {implicit: 0, pageLoad: 300000, script: 30000}, unhandledPromptBehavior: dismiss and notify, webauthn:extension:credBlob: true, webauthn:extension:largeBlob: true, webauthn:extension:minPinLength: true, webauthn:extension:prf: true, webauthn:virtualAuthenticators: true}
Session ID: 196db32c877497b3ce4c0f430f26ae65
2026-09-14 10:40:05 [TestNG-test-OrangeHRM Test 1-1] ERROR ActionDriver - Error when try to apply color in a border: no such element: Unable to locate element: {"method":"xpath","selector":"//button[normalize-space()='Search']"}
  (Session info: chrome=152.0.7977.84)
For documentation on this error, please visit: https://www.selenium.dev/documentation/webdriver/troubleshooting/errors#nosuchelementexception
Build info: version: '4.49.0', revision: 'bedb24f bedb24f6f703876e7e4c5d506f0d697eb358c720'
System info: os.name: 'Windows 10', os.arch: 'amd64', os.version: '10.0', java.version: '17'
Driver info: org.openqa.selenium.chrome.ChromeDriver
Command: [196db32c877497b3ce4c0f430f26ae65, findElement {using=xpath, value=//button[normalize-space()='Search']}]
Capabilities {acceptInsecureCerts: false, browserName: chrome, browserVersion: 152.0.7977.84, chrome: {chromedriverVersion: 152.0.7977.82 (d04cdb24d67b..., userDataDir: C:\Users\chaker\AppData\Loc...}, fedcm:accounts: true, goog:chromeOptions: {debuggerAddress: localhost:55119}, goog:processID: 28520, networkConnectionEnabled: false, pageLoadStrategy: normal, platformName: windows, proxy: Proxy(), se:cdp: ws://localhost:55119/devtoo..., se:cdpVersion: 152.0.7977.84, setWindowRect: true, strictFileInteractability: false, timeouts: {implicit: 0, pageLoad: 300000, script: 30000}, unhandledPromptBehavior: dismiss and notify, webauthn:extension:credBlob: true, webauthn:extension:largeBlob: true, webauthn:extension:minPinLength: true, webauthn:extension:prf: true, webauthn:virtualAuthenticators: true}
Session ID: 196db32c877497b3ce4c0f430f26ae65
2026-09-14 10:40:06 [TestNG-test-OrangeHRM Test 1-1] ERROR ActionDriver - Element is not clickable: no such element: Unable to locate element: {"method":"xpath","selector":"//button[normalize-space()='Search']"}
  (Session info: chrome=152.0.7977.84)
For documentation on this error, please visit: https://www.selenium.dev/documentation/webdriver/troubleshooting/errors#nosuchelementexception
Build info: version: '4.49.0', revision: 'bedb24f bedb24f6f703876e7e4c5d506f0d697eb358c720'
System info: os.name: 'Windows 10', os.arch: 'amd64', os.version: '10.0', java.version: '17'
Driver info: org.openqa.selenium.chrome.ChromeDriver
Command: [196db32c877497b3ce4c0f430f26ae65, findElement {using=xpath, value=//button[normalize-space()='Search']}]
Capabilities {acceptInsecureCerts: false, browserName: chrome, browserVersion: 152.0.7977.84, chrome: {chromedriverVersion: 152.0.7977.82 (d04cdb24d67b..., userDataDir: C:\Users\chaker\AppData\Loc...}, fedcm:accounts: true, goog:chromeOptions: {debuggerAddress: localhost:55119}, goog:processID: 28520, networkConnectionEnabled: false, pageLoadStrategy: normal, platformName: windows, proxy: Proxy(), se:cdp: ws://localhost:55119/devtoo..., se:cdpVersion: 152.0.7977.84, setWindowRect: true, strictFileInteractability: false, timeouts: {implicit: 0, pageLoad: 300000, script: 30000}, unhandledPromptBehavior: dismiss and notify, webauthn:extension:credBlob: true, webauthn:extension:largeBlob: true, webauthn:extension:minPinLength: true, webauthn:extension:prf: true, webauthn:virtualAuthenticators: true}
Session ID: 196db32c877497b3ce4c0f430f26ae65
2026-09-14 10:40:36 [TestNG-test-OrangeHRM Test 1-1] ERROR ActionDriver - This Element is not visible: Expected condition failed: waiting for visibility of element found by By.xpath: //div[@class='oxd-table-card']/div/div[3], but... org.openqa.selenium.NoSuchElementException: no such element: Unable to locate element: {"method":"xpath","selector":"//div[@class='oxd-table-card']/div/div[3]"}.
(tried for 25 seconds with 500 milliseconds interval)
Build info: version: '4.49.0', revision: 'bedb24f bedb24f6f703876e7e4c5d506f0d697eb358c720'
System info: os.name: 'Windows 10', os.arch: 'amd64', os.version: '10.0', java.version: '17'
Driver info: org.openqa.selenium.chrome.ChromeDriver
Capabilities {acceptInsecureCerts: false, browserName: chrome, browserVersion: 152.0.7977.84, chrome: {chromedriverVersion: 152.0.7977.82 (d04cdb24d67b..., userDataDir: C:\Users\chaker\AppData\Loc...}, fedcm:accounts: true, goog:chromeOptions: {debuggerAddress: localhost:55119}, goog:processID: 28520, networkConnectionEnabled: false, pageLoadStrategy: normal, platformName: windows, proxy: Proxy(), se:cdp: ws://localhost:55119/devtoo..., se:cdpVersion: 152.0.7977.84, setWindowRect: true, strictFileInteractability: false, timeouts: {implicit: 0, pageLoad: 300000, script: 30000}, unhandledPromptBehavior: dismiss and notify, webauthn:extension:credBlob: true, webauthn:extension:largeBlob: true, webauthn:extension:minPinLength: true, webauthn:extension:prf: true, webauthn:virtualAuthenticators: true}
Session ID: 196db32c877497b3ce4c0f430f26ae65
2026-09-14 10:41:07 [TestNG-test-OrangeHRM Test 1-1] ERROR ActionDriver - Error when try to apply color in a border: no such element: Unable to locate element: {"method":"xpath","selector":"//div[@class='oxd-table-card']/div/div[3]"}
  (Session info: chrome=152.0.7977.84)
For documentation on this error, please visit: https://www.selenium.dev/documentation/webdriver/troubleshooting/errors#nosuchelementexception
Build info: version: '4.49.0', revision: 'bedb24f bedb24f6f703876e7e4c5d506f0d697eb358c720'
System info: os.name: 'Windows 10', os.arch: 'amd64', os.version: '10.0', java.version: '17'
Driver info: org.openqa.selenium.chrome.ChromeDriver
Command: [196db32c877497b3ce4c0f430f26ae65, findElement {using=xpath, value=//div[@class='oxd-table-card']/div/div[3]}]
Capabilities {acceptInsecureCerts: false, browserName: chrome, browserVersion: 152.0.7977.84, chrome: {chromedriverVersion: 152.0.7977.82 (d04cdb24d67b..., userDataDir: C:\Users\chaker\AppData\Loc...}, fedcm:accounts: true, goog:chromeOptions: {debuggerAddress: localhost:55119}, goog:processID: 28520, networkConnectionEnabled: false, pageLoadStrategy: normal, platformName: windows, proxy: Proxy(), se:cdp: ws://localhost:55119/devtoo..., se:cdpVersion: 152.0.7977.84, setWindowRect: true, strictFileInteractability: false, timeouts: {implicit: 0, pageLoad: 300000, script: 30000}, unhandledPromptBehavior: dismiss and notify, webauthn:extension:credBlob: true, webauthn:extension:largeBlob: true, webauthn:extension:minPinLength: true, webauthn:extension:prf: true, webauthn:virtualAuthenticators: true}
Session ID: 196db32c877497b3ce4c0f430f26ae65
2026-09-14 10:41:07 [TestNG-test-OrangeHRM Test 1-1] ERROR ActionDriver - Element to scroll is not visible: no such element: Unable to locate element: {"method":"xpath","selector":"//div[@class='oxd-table-card']/div/div[3]"}
  (Session info: chrome=152.0.7977.84)
For documentation on this error, please visit: https://www.selenium.dev/documentation/webdriver/troubleshooting/errors#nosuchelementexception
Build info: version: '4.49.0', revision: 'bedb24f bedb24f6f703876e7e4c5d506f0d697eb358c720'
System info: os.name: 'Windows 10', os.arch: 'amd64', os.version: '10.0', java.version: '17'
Driver info: org.openqa.selenium.chrome.ChromeDriver
Command: [196db32c877497b3ce4c0f430f26ae65, findElement {using=xpath, value=//div[@class='oxd-table-card']/div/div[3]}]
Capabilities {acceptInsecureCerts: false, browserName: chrome, browserVersion: 152.0.7977.84, chrome: {chromedriverVersion: 152.0.7977.82 (d04cdb24d67b..., userDataDir: C:\Users\chaker\AppData\Loc...}, fedcm:accounts: true, goog:chromeOptions: {debuggerAddress: localhost:55119}, goog:processID: 28520, networkConnectionEnabled: false, pageLoadStrategy: normal, platformName: windows, proxy: Proxy(), se:cdp: ws://localhost:55119/devtoo..., se:cdpVersion: 152.0.7977.84, setWindowRect: true, strictFileInteractability: false, timeouts: {implicit: 0, pageLoad: 300000, script: 30000}, unhandledPromptBehavior: dismiss and notify, webauthn:extension:credBlob: true, webauthn:extension:largeBlob: true, webauthn:extension:minPinLength: true, webauthn:extension:prf: true, webauthn:virtualAuthenticators: true}
Session ID: 196db32c877497b3ce4c0f430f26ae65
2026-09-14 10:41:38 [TestNG-test-OrangeHRM Test 1-1] ERROR ActionDriver - This Element is not visible: Expected condition failed: waiting for visibility of element found by By.xpath: //div[@class='oxd-table-card']/div/div[3], but... org.openqa.selenium.NoSuchElementException: no such element: Unable to locate element: {"method":"xpath","selector":"//div[@class='oxd-table-card']/div/div[3]"}.
(tried for 25 seconds with 500 milliseconds interval)
Build info: version: '4.49.0', revision: 'bedb24f bedb24f6f703876e7e4c5d506f0d697eb358c720'
System info: os.name: 'Windows 10', os.arch: 'amd64', os.version: '10.0', java.version: '17'
Driver info: org.openqa.selenium.chrome.ChromeDriver
Capabilities {acceptInsecureCerts: false, browserName: chrome, browserVersion: 152.0.7977.84, chrome: {chromedriverVersion: 152.0.7977.82 (d04cdb24d67b..., userDataDir: C:\Users\chaker\AppData\Loc...}, fedcm:accounts: true, goog:chromeOptions: {debuggerAddress: localhost:55119}, goog:processID: 28520, networkConnectionEnabled: false, pageLoadStrategy: normal, platformName: windows, proxy: Proxy(), se:cdp: ws://localhost:55119/devtoo..., se:cdpVersion: 152.0.7977.84, setWindowRect: true, strictFileInteractability: false, timeouts: {implicit: 0, pageLoad: 300000, script: 30000}, unhandledPromptBehavior: dismiss and notify, webauthn:extension:credBlob: true, webauthn:extension:largeBlob: true, webauthn:extension:minPinLength: true, webauthn:extension:prf: true, webauthn:virtualAuthenticators: true}
Session ID: 196db32c877497b3ce4c0f430f26ae65
2026-09-14 10:42:09 [TestNG-test-OrangeHRM Test 1-1] ERROR ActionDriver - Error when try to apply color in a border: no such element: Unable to locate element: {"method":"xpath","selector":"//div[@class='oxd-table-card']/div/div[3]"}
  (Session info: chrome=152.0.7977.84)
For documentation on this error, please visit: https://www.selenium.dev/documentation/webdriver/troubleshooting/errors#nosuchelementexception
Build info: version: '4.49.0', revision: 'bedb24f bedb24f6f703876e7e4c5d506f0d697eb358c720'
System info: os.name: 'Windows 10', os.arch: 'amd64', os.version: '10.0', java.version: '17'
Driver info: org.openqa.selenium.chrome.ChromeDriver
Command: [196db32c877497b3ce4c0f430f26ae65, findElement {using=xpath, value=//div[@class='oxd-table-card']/div/div[3]}]
Capabilities {acceptInsecureCerts: false, browserName: chrome, browserVersion: 152.0.7977.84, chrome: {chromedriverVersion: 152.0.7977.82 (d04cdb24d67b..., userDataDir: C:\Users\chaker\AppData\Loc...}, fedcm:accounts: true, goog:chromeOptions: {debuggerAddress: localhost:55119}, goog:processID: 28520, networkConnectionEnabled: false, pageLoadStrategy: normal, platformName: windows, proxy: Proxy(), se:cdp: ws://localhost:55119/devtoo..., se:cdpVersion: 152.0.7977.84, setWindowRect: true, strictFileInteractability: false, timeouts: {implicit: 0, pageLoad: 300000, script: 30000}, unhandledPromptBehavior: dismiss and notify, webauthn:extension:credBlob: true, webauthn:extension:largeBlob: true, webauthn:extension:minPinLength: true, webauthn:extension:prf: true, webauthn:virtualAuthenticators: true}
Session ID: 196db32c877497b3ce4c0f430f26ae65
2026-09-14 10:42:09 [TestNG-test-OrangeHRM Test 1-1] ERROR ActionDriver - Element compared is not visible: no such element: Unable to locate element: {"method":"xpath","selector":"//div[@class='oxd-table-card']/div/div[3]"}
  (Session info: chrome=152.0.7977.84)
For documentation on this error, please visit: https://www.selenium.dev/documentation/webdriver/troubleshooting/errors#nosuchelementexception
Build info: version: '4.49.0', revision: 'bedb24f bedb24f6f703876e7e4c5d506f0d697eb358c720'
System info: os.name: 'Windows 10', os.arch: 'amd64', os.version: '10.0', java.version: '17'
Driver info: org.openqa.selenium.chrome.ChromeDriver
Command: [196db32c877497b3ce4c0f430f26ae65, findElement {using=xpath, value=//div[@class='oxd-table-card']/div/div[3]}]
Capabilities {acceptInsecureCerts: false, browserName: chrome, browserVersion: 152.0.7977.84, chrome: {chromedriverVersion: 152.0.7977.82 (d04cdb24d67b..., userDataDir: C:\Users\chaker\AppData\Loc...}, fedcm:accounts: true, goog:chromeOptions: {debuggerAddress: localhost:55119}, goog:processID: 28520, networkConnectionEnabled: false, pageLoadStrategy: normal, platformName: windows, proxy: Proxy(), se:cdp: ws://localhost:55119/devtoo..., se:cdpVersion: 152.0.7977.84, setWindowRect: true, strictFileInteractability: false, timeouts: {implicit: 0, pageLoad: 300000, script: 30000}, unhandledPromptBehavior: dismiss and notify, webauthn:extension:credBlob: true, webauthn:extension:largeBlob: true, webauthn:extension:minPinLength: true, webauthn:extension:prf: true, webauthn:virtualAuthenticators: true}
Session ID: 196db32c877497b3ce4c0f430f26ae65
2026-09-14 10:42:39 [TestNG-test-OrangeHRM Test 1-1] ERROR ActionDriver - This Element is not visible: Expected condition failed: waiting for visibility of element found by By.xpath: //div[@class='oxd-table-card']/div/div[4], but... org.openqa.selenium.NoSuchElementException: no such element: Unable to locate element: {"method":"xpath","selector":"//div[@class='oxd-table-card']/div/div[4]"}.
(tried for 25 seconds with 500 milliseconds interval)
Build info: version: '4.49.0', revision: 'bedb24f bedb24f6f703876e7e4c5d506f0d697eb358c720'
System info: os.name: 'Windows 10', os.arch: 'amd64', os.version: '10.0', java.version: '17'
Driver info: org.openqa.selenium.chrome.ChromeDriver
Capabilities {acceptInsecureCerts: false, browserName: chrome, browserVersion: 152.0.7977.84, chrome: {chromedriverVersion: 152.0.7977.82 (d04cdb24d67b..., userDataDir: C:\Users\chaker\AppData\Loc...}, fedcm:accounts: true, goog:chromeOptions: {debuggerAddress: localhost:55119}, goog:processID: 28520, networkConnectionEnabled: false, pageLoadStrategy: normal, platformName: windows, proxy: Proxy(), se:cdp: ws://localhost:55119/devtoo..., se:cdpVersion: 152.0.7977.84, setWindowRect: true, strictFileInteractability: false, timeouts: {implicit: 0, pageLoad: 300000, script: 30000}, unhandledPromptBehavior: dismiss and notify, webauthn:extension:credBlob: true, webauthn:extension:largeBlob: true, webauthn:extension:minPinLength: true, webauthn:extension:prf: true, webauthn:virtualAuthenticators: true}
Session ID: 196db32c877497b3ce4c0f430f26ae65
2026-09-14 10:43:09 [TestNG-test-OrangeHRM Test 1-1] ERROR ActionDriver - Error when try to apply color in a border: no such element: Unable to locate element: {"method":"xpath","selector":"//div[@class='oxd-table-card']/div/div[4]"}
  (Session info: chrome=152.0.7977.84)
For documentation on this error, please visit: https://www.selenium.dev/documentation/webdriver/troubleshooting/errors#nosuchelementexception
Build info: version: '4.49.0', revision: 'bedb24f bedb24f6f703876e7e4c5d506f0d697eb358c720'
System info: os.name: 'Windows 10', os.arch: 'amd64', os.version: '10.0', java.version: '17'
Driver info: org.openqa.selenium.chrome.ChromeDriver
Command: [196db32c877497b3ce4c0f430f26ae65, findElement {using=xpath, value=//div[@class='oxd-table-card']/div/div[4]}]
Capabilities {acceptInsecureCerts: false, browserName: chrome, browserVersion: 152.0.7977.84, chrome: {chromedriverVersion: 152.0.7977.82 (d04cdb24d67b..., userDataDir: C:\Users\chaker\AppData\Loc...}, fedcm:accounts: true, goog:chromeOptions: {debuggerAddress: localhost:55119}, goog:processID: 28520, networkConnectionEnabled: false, pageLoadStrategy: normal, platformName: windows, proxy: Proxy(), se:cdp: ws://localhost:55119/devtoo..., se:cdpVersion: 152.0.7977.84, setWindowRect: true, strictFileInteractability: false, timeouts: {implicit: 0, pageLoad: 300000, script: 30000}, unhandledPromptBehavior: dismiss and notify, webauthn:extension:credBlob: true, webauthn:extension:largeBlob: true, webauthn:extension:minPinLength: true, webauthn:extension:prf: true, webauthn:virtualAuthenticators: true}
Session ID: 196db32c877497b3ce4c0f430f26ae65
2026-09-14 10:43:09 [TestNG-test-OrangeHRM Test 1-1] ERROR ActionDriver - Element compared is not visible: no such element: Unable to locate element: {"method":"xpath","selector":"//div[@class='oxd-table-card']/div/div[4]"}
  (Session info: chrome=152.0.7977.84)
For documentation on this error, please visit: https://www.selenium.dev/documentation/webdriver/troubleshooting/errors#nosuchelementexception
Build info: version: '4.49.0', revision: 'bedb24f bedb24f6f703876e7e4c5d506f0d697eb358c720'
System info: os.name: 'Windows 10', os.arch: 'amd64', os.version: '10.0', java.version: '17'
Driver info: org.openqa.selenium.chrome.ChromeDriver
Command: [196db32c877497b3ce4c0f430f26ae65, findElement {using=xpath, value=//div[@class='oxd-table-card']/div/div[4]}]
Capabilities {acceptInsecureCerts: false, browserName: chrome, browserVersion: 152.0.7977.84, chrome: {chromedriverVersion: 152.0.7977.82 (d04cdb24d67b..., userDataDir: C:\Users\chaker\AppData\Loc...}, fedcm:accounts: true, goog:chromeOptions: {debuggerAddress: localhost:55119}, goog:processID: 28520, networkConnectionEnabled: false, pageLoadStrategy: normal, platformName: windows, proxy: Proxy(), se:cdp: ws://localhost:55119/devtoo..., se:cdpVersion: 152.0.7977.84, setWindowRect: true, strictFileInteractability: false, timeouts: {implicit: 0, pageLoad: 300000, script: 30000}, unhandledPromptBehavior: dismiss and notify, webauthn:extension:credBlob: true, webauthn:extension:largeBlob: true, webauthn:extension:minPinLength: true, webauthn:extension:prf: true, webauthn:virtualAuthenticators: true}
Session ID: 196db32c877497b3ce4c0f430f26ae65
2026-09-14 10:43:20 [TestNG-test-OrangeHRM Test 1-1] ERROR BaseClass - This is an error message
2026-09-14 10:43:20 [TestNG-test-OrangeHRM Test 1-1] FATAL BaseClass - This is a fatal message
2026-09-14 10:43:49 [TestNG-test-OrangeHRM Test 1-1] ERROR ActionDriver - This Element is not clickable: Expected condition failed: waiting for element found by By.xpath: //span[text()='PIM'] to be clickable, but the element was not visible.
(tried for 25 seconds with 500 milliseconds interval)
Build info: version: '4.49.0', revision: 'bedb24f bedb24f6f703876e7e4c5d506f0d697eb358c720'
System info: os.name: 'Windows 10', os.arch: 'amd64', os.version: '10.0', java.version: '17'
Driver info: org.openqa.selenium.chrome.ChromeDriver
Capabilities {acceptInsecureCerts: false, browserName: chrome, browserVersion: 152.0.7977.84, chrome: {chromedriverVersion: 152.0.7977.82 (d04cdb24d67b..., userDataDir: C:\Users\chaker\AppData\Loc...}, fedcm:accounts: true, goog:chromeOptions: {debuggerAddress: localhost:52489}, goog:processID: 30664, networkConnectionEnabled: false, pageLoadStrategy: normal, platformName: windows, proxy: Proxy(), se:cdp: ws://localhost:52489/devtoo..., se:cdpVersion: 152.0.7977.84, setWindowRect: true, strictFileInteractability: false, timeouts: {implicit: 0, pageLoad: 300000, script: 30000}, unhandledPromptBehavior: dismiss and notify, webauthn:extension:credBlob: true, webauthn:extension:largeBlob: true, webauthn:extension:minPinLength: true, webauthn:extension:prf: true, webauthn:virtualAuthenticators: true}
Session ID: d06e42871fb996d82bdcebd832c8d322
2026-09-14 10:44:04 [TestNG-test-OrangeHRM Test 1-1] ERROR ActionDriver - Element is not clickable: element not interactable
  (Session info: chrome=152.0.7977.84)
Build info: version: '4.49.0', revision: 'bedb24f bedb24f6f703876e7e4c5d506f0d697eb358c720'
System info: os.name: 'Windows 10', os.arch: 'amd64', os.version: '10.0', java.version: '17'
Driver info: org.openqa.selenium.chrome.ChromeDriver
Command: [d06e42871fb996d82bdcebd832c8d322, clickElement {id=f.BC6A67470FCC1777E536A015BD5977B0.d.0B5F7D90562F603803427FF86FF188FF.e.48}]
Capabilities {acceptInsecureCerts: false, browserName: chrome, browserVersion: 152.0.7977.84, chrome: {chromedriverVersion: 152.0.7977.82 (d04cdb24d67b..., userDataDir: C:\Users\chaker\AppData\Loc...}, fedcm:accounts: true, goog:chromeOptions: {debuggerAddress: localhost:52489}, goog:processID: 30664, networkConnectionEnabled: false, pageLoadStrategy: normal, platformName: windows, proxy: Proxy(), se:cdp: ws://localhost:52489/devtoo..., se:cdpVersion: 152.0.7977.84, setWindowRect: true, strictFileInteractability: false, timeouts: {implicit: 0, pageLoad: 300000, script: 30000}, unhandledPromptBehavior: dismiss and notify, webauthn:extension:credBlob: true, webauthn:extension:largeBlob: true, webauthn:extension:minPinLength: true, webauthn:extension:prf: true, webauthn:virtualAuthenticators: true}
Element: [[ChromeDriver: chrome on windows (d06e42871fb996d82bdcebd832c8d322)] -> xpath: //span[text()='PIM']]
Session ID: d06e42871fb996d82bdcebd832c8d322
2026-09-14 10:44:19 [TestNG-test-OrangeHRM Test 1-1] ERROR ActionDriver - Unable to describe the element: no such element: Unable to locate element: {"method":"xpath","selector":"//input[@placeholder='Type for hints...']"}
  (Session info: chrome=152.0.7977.84)
For documentation on this error, please visit: https://www.selenium.dev/documentation/webdriver/troubleshooting/errors#nosuchelementexception
Build info: version: '4.49.0', revision: 'bedb24f bedb24f6f703876e7e4c5d506f0d697eb358c720'
System info: os.name: 'Windows 10', os.arch: 'amd64', os.version: '10.0', java.version: '17'
Driver info: org.openqa.selenium.chrome.ChromeDriver
Command: [d06e42871fb996d82bdcebd832c8d322, findElement {using=xpath, value=//input[@placeholder='Type for hints...']}]
Capabilities {acceptInsecureCerts: false, browserName: chrome, browserVersion: 152.0.7977.84, chrome: {chromedriverVersion: 152.0.7977.82 (d04cdb24d67b..., userDataDir: C:\Users\chaker\AppData\Loc...}, fedcm:accounts: true, goog:chromeOptions: {debuggerAddress: localhost:52489}, goog:processID: 30664, networkConnectionEnabled: false, pageLoadStrategy: normal, platformName: windows, proxy: Proxy(), se:cdp: ws://localhost:52489/devtoo..., se:cdpVersion: 152.0.7977.84, setWindowRect: true, strictFileInteractability: false, timeouts: {implicit: 0, pageLoad: 300000, script: 30000}, unhandledPromptBehavior: dismiss and notify, webauthn:extension:credBlob: true, webauthn:extension:largeBlob: true, webauthn:extension:minPinLength: true, webauthn:extension:prf: true, webauthn:virtualAuthenticators: true}
Session ID: d06e42871fb996d82bdcebd832c8d322
2026-09-14 10:44:34 [TestNG-test-OrangeHRM Test 1-1] ERROR ActionDriver - Error when try to apply color in a border: no such element: Unable to locate element: {"method":"xpath","selector":"//input[@placeholder='Type for hints...']"}
  (Session info: chrome=152.0.7977.84)
For documentation on this error, please visit: https://www.selenium.dev/documentation/webdriver/troubleshooting/errors#nosuchelementexception
Build info: version: '4.49.0', revision: 'bedb24f bedb24f6f703876e7e4c5d506f0d697eb358c720'
System info: os.name: 'Windows 10', os.arch: 'amd64', os.version: '10.0', java.version: '17'
Driver info: org.openqa.selenium.chrome.ChromeDriver
Command: [d06e42871fb996d82bdcebd832c8d322, findElement {using=xpath, value=//input[@placeholder='Type for hints...']}]
Capabilities {acceptInsecureCerts: false, browserName: chrome, browserVersion: 152.0.7977.84, chrome: {chromedriverVersion: 152.0.7977.82 (d04cdb24d67b..., userDataDir: C:\Users\chaker\AppData\Loc...}, fedcm:accounts: true, goog:chromeOptions: {debuggerAddress: localhost:52489}, goog:processID: 30664, networkConnectionEnabled: false, pageLoadStrategy: normal, platformName: windows, proxy: Proxy(), se:cdp: ws://localhost:52489/devtoo..., se:cdpVersion: 152.0.7977.84, setWindowRect: true, strictFileInteractability: false, timeouts: {implicit: 0, pageLoad: 300000, script: 30000}, unhandledPromptBehavior: dismiss and notify, webauthn:extension:credBlob: true, webauthn:extension:largeBlob: true, webauthn:extension:minPinLength: true, webauthn:extension:prf: true, webauthn:virtualAuthenticators: true}
Session ID: d06e42871fb996d82bdcebd832c8d322
2026-09-14 10:45:05 [TestNG-test-OrangeHRM Test 1-1] ERROR ActionDriver - This Element is not visible: Expected condition failed: waiting for visibility of element found by By.xpath: //input[@placeholder='Type for hints...'], but... org.openqa.selenium.NoSuchElementException: no such element: Unable to locate element: {"method":"xpath","selector":"//input[@placeholder='Type for hints...']"}.
(tried for 25 seconds with 500 milliseconds interval)
Build info: version: '4.49.0', revision: 'bedb24f bedb24f6f703876e7e4c5d506f0d697eb358c720'
System info: os.name: 'Windows 10', os.arch: 'amd64', os.version: '10.0', java.version: '17'
Driver info: org.openqa.selenium.chrome.ChromeDriver
Capabilities {acceptInsecureCerts: false, browserName: chrome, browserVersion: 152.0.7977.84, chrome: {chromedriverVersion: 152.0.7977.82 (d04cdb24d67b..., userDataDir: C:\Users\chaker\AppData\Loc...}, fedcm:accounts: true, goog:chromeOptions: {debuggerAddress: localhost:52489}, goog:processID: 30664, networkConnectionEnabled: false, pageLoadStrategy: normal, platformName: windows, proxy: Proxy(), se:cdp: ws://localhost:52489/devtoo..., se:cdpVersion: 152.0.7977.84, setWindowRect: true, strictFileInteractability: false, timeouts: {implicit: 0, pageLoad: 300000, script: 30000}, unhandledPromptBehavior: dismiss and notify, webauthn:extension:credBlob: true, webauthn:extension:largeBlob: true, webauthn:extension:minPinLength: true, webauthn:extension:prf: true, webauthn:virtualAuthenticators: true}
Session ID: d06e42871fb996d82bdcebd832c8d322
2026-09-14 10:45:35 [TestNG-test-OrangeHRM Test 1-1] ERROR ActionDriver - Error when try to apply color in a border: no such element: Unable to locate element: {"method":"xpath","selector":"//input[@placeholder='Type for hints...']"}
  (Session info: chrome=152.0.7977.84)
For documentation on this error, please visit: https://www.selenium.dev/documentation/webdriver/troubleshooting/errors#nosuchelementexception
Build info: version: '4.49.0', revision: 'bedb24f bedb24f6f703876e7e4c5d506f0d697eb358c720'
System info: os.name: 'Windows 10', os.arch: 'amd64', os.version: '10.0', java.version: '17'
Driver info: org.openqa.selenium.chrome.ChromeDriver
Command: [d06e42871fb996d82bdcebd832c8d322, findElement {using=xpath, value=//input[@placeholder='Type for hints...']}]
Capabilities {acceptInsecureCerts: false, browserName: chrome, browserVersion: 152.0.7977.84, chrome: {chromedriverVersion: 152.0.7977.82 (d04cdb24d67b..., userDataDir: C:\Users\chaker\AppData\Loc...}, fedcm:accounts: true, goog:chromeOptions: {debuggerAddress: localhost:52489}, goog:processID: 30664, networkConnectionEnabled: false, pageLoadStrategy: normal, platformName: windows, proxy: Proxy(), se:cdp: ws://localhost:52489/devtoo..., se:cdpVersion: 152.0.7977.84, setWindowRect: true, strictFileInteractability: false, timeouts: {implicit: 0, pageLoad: 300000, script: 30000}, unhandledPromptBehavior: dismiss and notify, webauthn:extension:credBlob: true, webauthn:extension:largeBlob: true, webauthn:extension:minPinLength: true, webauthn:extension:prf: true, webauthn:virtualAuthenticators: true}
Session ID: d06e42871fb996d82bdcebd832c8d322
2026-09-14 10:45:35 [TestNG-test-OrangeHRM Test 1-1] ERROR ActionDriver - Element is not entered: no such element: Unable to locate element: {"method":"xpath","selector":"//input[@placeholder='Type for hints...']"}
  (Session info: chrome=152.0.7977.84)
For documentation on this error, please visit: https://www.selenium.dev/documentation/webdriver/troubleshooting/errors#nosuchelementexception
Build info: version: '4.49.0', revision: 'bedb24f bedb24f6f703876e7e4c5d506f0d697eb358c720'
System info: os.name: 'Windows 10', os.arch: 'amd64', os.version: '10.0', java.version: '17'
Driver info: org.openqa.selenium.chrome.ChromeDriver
Command: [d06e42871fb996d82bdcebd832c8d322, findElement {using=xpath, value=//input[@placeholder='Type for hints...']}]
Capabilities {acceptInsecureCerts: false, browserName: chrome, browserVersion: 152.0.7977.84, chrome: {chromedriverVersion: 152.0.7977.82 (d04cdb24d67b..., userDataDir: C:\Users\chaker\AppData\Loc...}, fedcm:accounts: true, goog:chromeOptions: {debuggerAddress: localhost:52489}, goog:processID: 30664, networkConnectionEnabled: false, pageLoadStrategy: normal, platformName: windows, proxy: Proxy(), se:cdp: ws://localhost:52489/devtoo..., se:cdpVersion: 152.0.7977.84, setWindowRect: true, strictFileInteractability: false, timeouts: {implicit: 0, pageLoad: 300000, script: 30000}, unhandledPromptBehavior: dismiss and notify, webauthn:extension:credBlob: true, webauthn:extension:largeBlob: true, webauthn:extension:minPinLength: true, webauthn:extension:prf: true, webauthn:virtualAuthenticators: true}
Session ID: d06e42871fb996d82bdcebd832c8d322
2026-09-14 10:45:50 [TestNG-test-OrangeHRM Test 1-1] ERROR ActionDriver - Unable to describe the element: no such element: Unable to locate element: {"method":"xpath","selector":"//button[normalize-space()='Search']"}
  (Session info: chrome=152.0.7977.84)
For documentation on this error, please visit: https://www.selenium.dev/documentation/webdriver/troubleshooting/errors#nosuchelementexception
Build info: version: '4.49.0', revision: 'bedb24f bedb24f6f703876e7e4c5d506f0d697eb358c720'
System info: os.name: 'Windows 10', os.arch: 'amd64', os.version: '10.0', java.version: '17'
Driver info: org.openqa.selenium.chrome.ChromeDriver
Command: [d06e42871fb996d82bdcebd832c8d322, findElement {using=xpath, value=//button[normalize-space()='Search']}]
Capabilities {acceptInsecureCerts: false, browserName: chrome, browserVersion: 152.0.7977.84, chrome: {chromedriverVersion: 152.0.7977.82 (d04cdb24d67b..., userDataDir: C:\Users\chaker\AppData\Loc...}, fedcm:accounts: true, goog:chromeOptions: {debuggerAddress: localhost:52489}, goog:processID: 30664, networkConnectionEnabled: false, pageLoadStrategy: normal, platformName: windows, proxy: Proxy(), se:cdp: ws://localhost:52489/devtoo..., se:cdpVersion: 152.0.7977.84, setWindowRect: true, strictFileInteractability: false, timeouts: {implicit: 0, pageLoad: 300000, script: 30000}, unhandledPromptBehavior: dismiss and notify, webauthn:extension:credBlob: true, webauthn:extension:largeBlob: true, webauthn:extension:minPinLength: true, webauthn:extension:prf: true, webauthn:virtualAuthenticators: true}
Session ID: d06e42871fb996d82bdcebd832c8d322
2026-09-14 10:46:05 [TestNG-test-OrangeHRM Test 1-1] ERROR ActionDriver - Error when try to apply color in a border: no such element: Unable to locate element: {"method":"xpath","selector":"//button[normalize-space()='Search']"}
  (Session info: chrome=152.0.7977.84)
For documentation on this error, please visit: https://www.selenium.dev/documentation/webdriver/troubleshooting/errors#nosuchelementexception
Build info: version: '4.49.0', revision: 'bedb24f bedb24f6f703876e7e4c5d506f0d697eb358c720'
System info: os.name: 'Windows 10', os.arch: 'amd64', os.version: '10.0', java.version: '17'
Driver info: org.openqa.selenium.chrome.ChromeDriver
Command: [d06e42871fb996d82bdcebd832c8d322, findElement {using=xpath, value=//button[normalize-space()='Search']}]
Capabilities {acceptInsecureCerts: false, browserName: chrome, browserVersion: 152.0.7977.84, chrome: {chromedriverVersion: 152.0.7977.82 (d04cdb24d67b..., userDataDir: C:\Users\chaker\AppData\Loc...}, fedcm:accounts: true, goog:chromeOptions: {debuggerAddress: localhost:52489}, goog:processID: 30664, networkConnectionEnabled: false, pageLoadStrategy: normal, platformName: windows, proxy: Proxy(), se:cdp: ws://localhost:52489/devtoo..., se:cdpVersion: 152.0.7977.84, setWindowRect: true, strictFileInteractability: false, timeouts: {implicit: 0, pageLoad: 300000, script: 30000}, unhandledPromptBehavior: dismiss and notify, webauthn:extension:credBlob: true, webauthn:extension:largeBlob: true, webauthn:extension:minPinLength: true, webauthn:extension:prf: true, webauthn:virtualAuthenticators: true}
Session ID: d06e42871fb996d82bdcebd832c8d322
2026-09-14 10:46:36 [TestNG-test-OrangeHRM Test 1-1] ERROR ActionDriver - This Element is not clickable: Expected condition failed: waiting for element found by By.xpath: //button[normalize-space()='Search'] to be clickable, but the element was not found: org.openqa.selenium.NoSuchElementException: no such element: Unable to locate element: {"method":"xpath","selector":"//button[normalize-space()='Search']"}.
(tried for 25 seconds with 500 milliseconds interval)
Build info: version: '4.49.0', revision: 'bedb24f bedb24f6f703876e7e4c5d506f0d697eb358c720'
System info: os.name: 'Windows 10', os.arch: 'amd64', os.version: '10.0', java.version: '17'
Driver info: org.openqa.selenium.chrome.ChromeDriver
Capabilities {acceptInsecureCerts: false, browserName: chrome, browserVersion: 152.0.7977.84, chrome: {chromedriverVersion: 152.0.7977.82 (d04cdb24d67b..., userDataDir: C:\Users\chaker\AppData\Loc...}, fedcm:accounts: true, goog:chromeOptions: {debuggerAddress: localhost:52489}, goog:processID: 30664, networkConnectionEnabled: false, pageLoadStrategy: normal, platformName: windows, proxy: Proxy(), se:cdp: ws://localhost:52489/devtoo..., se:cdpVersion: 152.0.7977.84, setWindowRect: true, strictFileInteractability: false, timeouts: {implicit: 0, pageLoad: 300000, script: 30000}, unhandledPromptBehavior: dismiss and notify, webauthn:extension:credBlob: true, webauthn:extension:largeBlob: true, webauthn:extension:minPinLength: true, webauthn:extension:prf: true, webauthn:virtualAuthenticators: true}
Session ID: d06e42871fb996d82bdcebd832c8d322
2026-09-14 10:47:06 [TestNG-test-OrangeHRM Test 1-1] ERROR ActionDriver - Error when try to apply color in a border: no such element: Unable to locate element: {"method":"xpath","selector":"//button[normalize-space()='Search']"}
  (Session info: chrome=152.0.7977.84)
For documentation on this error, please visit: https://www.selenium.dev/documentation/webdriver/troubleshooting/errors#nosuchelementexception
Build info: version: '4.49.0', revision: 'bedb24f bedb24f6f703876e7e4c5d506f0d697eb358c720'
System info: os.name: 'Windows 10', os.arch: 'amd64', os.version: '10.0', java.version: '17'
Driver info: org.openqa.selenium.chrome.ChromeDriver
Command: [d06e42871fb996d82bdcebd832c8d322, findElement {using=xpath, value=//button[normalize-space()='Search']}]
Capabilities {acceptInsecureCerts: false, browserName: chrome, browserVersion: 152.0.7977.84, chrome: {chromedriverVersion: 152.0.7977.82 (d04cdb24d67b..., userDataDir: C:\Users\chaker\AppData\Loc...}, fedcm:accounts: true, goog:chromeOptions: {debuggerAddress: localhost:52489}, goog:processID: 30664, networkConnectionEnabled: false, pageLoadStrategy: normal, platformName: windows, proxy: Proxy(), se:cdp: ws://localhost:52489/devtoo..., se:cdpVersion: 152.0.7977.84, setWindowRect: true, strictFileInteractability: false, timeouts: {implicit: 0, pageLoad: 300000, script: 30000}, unhandledPromptBehavior: dismiss and notify, webauthn:extension:credBlob: true, webauthn:extension:largeBlob: true, webauthn:extension:minPinLength: true, webauthn:extension:prf: true, webauthn:virtualAuthenticators: true}
Session ID: d06e42871fb996d82bdcebd832c8d322
2026-09-14 10:47:06 [TestNG-test-OrangeHRM Test 1-1] ERROR ActionDriver - Element is not clickable: no such element: Unable to locate element: {"method":"xpath","selector":"//button[normalize-space()='Search']"}
  (Session info: chrome=152.0.7977.84)
For documentation on this error, please visit: https://www.selenium.dev/documentation/webdriver/troubleshooting/errors#nosuchelementexception
Build info: version: '4.49.0', revision: 'bedb24f bedb24f6f703876e7e4c5d506f0d697eb358c720'
System info: os.name: 'Windows 10', os.arch: 'amd64', os.version: '10.0', java.version: '17'
Driver info: org.openqa.selenium.chrome.ChromeDriver
Command: [d06e42871fb996d82bdcebd832c8d322, findElement {using=xpath, value=//button[normalize-space()='Search']}]
Capabilities {acceptInsecureCerts: false, browserName: chrome, browserVersion: 152.0.7977.84, chrome: {chromedriverVersion: 152.0.7977.82 (d04cdb24d67b..., userDataDir: C:\Users\chaker\AppData\Loc...}, fedcm:accounts: true, goog:chromeOptions: {debuggerAddress: localhost:52489}, goog:processID: 30664, networkConnectionEnabled: false, pageLoadStrategy: normal, platformName: windows, proxy: Proxy(), se:cdp: ws://localhost:52489/devtoo..., se:cdpVersion: 152.0.7977.84, setWindowRect: true, strictFileInteractability: false, timeouts: {implicit: 0, pageLoad: 300000, script: 30000}, unhandledPromptBehavior: dismiss and notify, webauthn:extension:credBlob: true, webauthn:extension:largeBlob: true, webauthn:extension:minPinLength: true, webauthn:extension:prf: true, webauthn:virtualAuthenticators: true}
Session ID: d06e42871fb996d82bdcebd832c8d322
2026-09-14 10:47:37 [TestNG-test-OrangeHRM Test 1-1] ERROR ActionDriver - This Element is not visible: Expected condition failed: waiting for visibility of element found by By.xpath: //div[@class='oxd-table-card']/div/div[3], but... org.openqa.selenium.NoSuchElementException: no such element: Unable to locate element: {"method":"xpath","selector":"//div[@class='oxd-table-card']/div/div[3]"}.
(tried for 25 seconds with 500 milliseconds interval)
Build info: version: '4.49.0', revision: 'bedb24f bedb24f6f703876e7e4c5d506f0d697eb358c720'
System info: os.name: 'Windows 10', os.arch: 'amd64', os.version: '10.0', java.version: '17'
Driver info: org.openqa.selenium.chrome.ChromeDriver
Capabilities {acceptInsecureCerts: false, browserName: chrome, browserVersion: 152.0.7977.84, chrome: {chromedriverVersion: 152.0.7977.82 (d04cdb24d67b..., userDataDir: C:\Users\chaker\AppData\Loc...}, fedcm:accounts: true, goog:chromeOptions: {debuggerAddress: localhost:52489}, goog:processID: 30664, networkConnectionEnabled: false, pageLoadStrategy: normal, platformName: windows, proxy: Proxy(), se:cdp: ws://localhost:52489/devtoo..., se:cdpVersion: 152.0.7977.84, setWindowRect: true, strictFileInteractability: false, timeouts: {implicit: 0, pageLoad: 300000, script: 30000}, unhandledPromptBehavior: dismiss and notify, webauthn:extension:credBlob: true, webauthn:extension:largeBlob: true, webauthn:extension:minPinLength: true, webauthn:extension:prf: true, webauthn:virtualAuthenticators: true}
Session ID: d06e42871fb996d82bdcebd832c8d322
2026-09-14 10:48:07 [TestNG-test-OrangeHRM Test 1-1] ERROR ActionDriver - Error when try to apply color in a border: no such element: Unable to locate element: {"method":"xpath","selector":"//div[@class='oxd-table-card']/div/div[3]"}
  (Session info: chrome=152.0.7977.84)
For documentation on this error, please visit: https://www.selenium.dev/documentation/webdriver/troubleshooting/errors#nosuchelementexception
Build info: version: '4.49.0', revision: 'bedb24f bedb24f6f703876e7e4c5d506f0d697eb358c720'
System info: os.name: 'Windows 10', os.arch: 'amd64', os.version: '10.0', java.version: '17'
Driver info: org.openqa.selenium.chrome.ChromeDriver
Command: [d06e42871fb996d82bdcebd832c8d322, findElement {using=xpath, value=//div[@class='oxd-table-card']/div/div[3]}]
Capabilities {acceptInsecureCerts: false, browserName: chrome, browserVersion: 152.0.7977.84, chrome: {chromedriverVersion: 152.0.7977.82 (d04cdb24d67b..., userDataDir: C:\Users\chaker\AppData\Loc...}, fedcm:accounts: true, goog:chromeOptions: {debuggerAddress: localhost:52489}, goog:processID: 30664, networkConnectionEnabled: false, pageLoadStrategy: normal, platformName: windows, proxy: Proxy(), se:cdp: ws://localhost:52489/devtoo..., se:cdpVersion: 152.0.7977.84, setWindowRect: true, strictFileInteractability: false, timeouts: {implicit: 0, pageLoad: 300000, script: 30000}, unhandledPromptBehavior: dismiss and notify, webauthn:extension:credBlob: true, webauthn:extension:largeBlob: true, webauthn:extension:minPinLength: true, webauthn:extension:prf: true, webauthn:virtualAuthenticators: true}
Session ID: d06e42871fb996d82bdcebd832c8d322
2026-09-14 10:48:07 [TestNG-test-OrangeHRM Test 1-1] ERROR ActionDriver - Element to scroll is not visible: no such element: Unable to locate element: {"method":"xpath","selector":"//div[@class='oxd-table-card']/div/div[3]"}
  (Session info: chrome=152.0.7977.84)
For documentation on this error, please visit: https://www.selenium.dev/documentation/webdriver/troubleshooting/errors#nosuchelementexception
Build info: version: '4.49.0', revision: 'bedb24f bedb24f6f703876e7e4c5d506f0d697eb358c720'
System info: os.name: 'Windows 10', os.arch: 'amd64', os.version: '10.0', java.version: '17'
Driver info: org.openqa.selenium.chrome.ChromeDriver
Command: [d06e42871fb996d82bdcebd832c8d322, findElement {using=xpath, value=//div[@class='oxd-table-card']/div/div[3]}]
Capabilities {acceptInsecureCerts: false, browserName: chrome, browserVersion: 152.0.7977.84, chrome: {chromedriverVersion: 152.0.7977.82 (d04cdb24d67b..., userDataDir: C:\Users\chaker\AppData\Loc...}, fedcm:accounts: true, goog:chromeOptions: {debuggerAddress: localhost:52489}, goog:processID: 30664, networkConnectionEnabled: false, pageLoadStrategy: normal, platformName: windows, proxy: Proxy(), se:cdp: ws://localhost:52489/devtoo..., se:cdpVersion: 152.0.7977.84, setWindowRect: true, strictFileInteractability: false, timeouts: {implicit: 0, pageLoad: 300000, script: 30000}, unhandledPromptBehavior: dismiss and notify, webauthn:extension:credBlob: true, webauthn:extension:largeBlob: true, webauthn:extension:minPinLength: true, webauthn:extension:prf: true, webauthn:virtualAuthenticators: true}
Session ID: d06e42871fb996d82bdcebd832c8d322
2026-09-14 10:48:37 [TestNG-test-OrangeHRM Test 1-1] ERROR ActionDriver - This Element is not visible: Expected condition failed: waiting for visibility of element found by By.xpath: //div[@class='oxd-table-card']/div/div[3], but... org.openqa.selenium.NoSuchElementException: no such element: Unable to locate element: {"method":"xpath","selector":"//div[@class='oxd-table-card']/div/div[3]"}.
(tried for 25 seconds with 500 milliseconds interval)
Build info: version: '4.49.0', revision: 'bedb24f bedb24f6f703876e7e4c5d506f0d697eb358c720'
System info: os.name: 'Windows 10', os.arch: 'amd64', os.version: '10.0', java.version: '17'
Driver info: org.openqa.selenium.chrome.ChromeDriver
Capabilities {acceptInsecureCerts: false, browserName: chrome, browserVersion: 152.0.7977.84, chrome: {chromedriverVersion: 152.0.7977.82 (d04cdb24d67b..., userDataDir: C:\Users\chaker\AppData\Loc...}, fedcm:accounts: true, goog:chromeOptions: {debuggerAddress: localhost:52489}, goog:processID: 30664, networkConnectionEnabled: false, pageLoadStrategy: normal, platformName: windows, proxy: Proxy(), se:cdp: ws://localhost:52489/devtoo..., se:cdpVersion: 152.0.7977.84, setWindowRect: true, strictFileInteractability: false, timeouts: {implicit: 0, pageLoad: 300000, script: 30000}, unhandledPromptBehavior: dismiss and notify, webauthn:extension:credBlob: true, webauthn:extension:largeBlob: true, webauthn:extension:minPinLength: true, webauthn:extension:prf: true, webauthn:virtualAuthenticators: true}
Session ID: d06e42871fb996d82bdcebd832c8d322
2026-09-14 10:49:07 [TestNG-test-OrangeHRM Test 1-1] ERROR ActionDriver - Error when try to apply color in a border: no such element: Unable to locate element: {"method":"xpath","selector":"//div[@class='oxd-table-card']/div/div[3]"}
  (Session info: chrome=152.0.7977.84)
For documentation on this error, please visit: https://www.selenium.dev/documentation/webdriver/troubleshooting/errors#nosuchelementexception
Build info: version: '4.49.0', revision: 'bedb24f bedb24f6f703876e7e4c5d506f0d697eb358c720'
System info: os.name: 'Windows 10', os.arch: 'amd64', os.version: '10.0', java.version: '17'
Driver info: org.openqa.selenium.chrome.ChromeDriver
Command: [d06e42871fb996d82bdcebd832c8d322, findElement {using=xpath, value=//div[@class='oxd-table-card']/div/div[3]}]
Capabilities {acceptInsecureCerts: false, browserName: chrome, browserVersion: 152.0.7977.84, chrome: {chromedriverVersion: 152.0.7977.82 (d04cdb24d67b..., userDataDir: C:\Users\chaker\AppData\Loc...}, fedcm:accounts: true, goog:chromeOptions: {debuggerAddress: localhost:52489}, goog:processID: 30664, networkConnectionEnabled: false, pageLoadStrategy: normal, platformName: windows, proxy: Proxy(), se:cdp: ws://localhost:52489/devtoo..., se:cdpVersion: 152.0.7977.84, setWindowRect: true, strictFileInteractability: false, timeouts: {implicit: 0, pageLoad: 300000, script: 30000}, unhandledPromptBehavior: dismiss and notify, webauthn:extension:credBlob: true, webauthn:extension:largeBlob: true, webauthn:extension:minPinLength: true, webauthn:extension:prf: true, webauthn:virtualAuthenticators: true}
Session ID: d06e42871fb996d82bdcebd832c8d322
2026-09-14 10:49:07 [TestNG-test-OrangeHRM Test 1-1] ERROR ActionDriver - Element compared is not visible: no such element: Unable to locate element: {"method":"xpath","selector":"//div[@class='oxd-table-card']/div/div[3]"}
  (Session info: chrome=152.0.7977.84)
For documentation on this error, please visit: https://www.selenium.dev/documentation/webdriver/troubleshooting/errors#nosuchelementexception
Build info: version: '4.49.0', revision: 'bedb24f bedb24f6f703876e7e4c5d506f0d697eb358c720'
System info: os.name: 'Windows 10', os.arch: 'amd64', os.version: '10.0', java.version: '17'
Driver info: org.openqa.selenium.chrome.ChromeDriver
Command: [d06e42871fb996d82bdcebd832c8d322, findElement {using=xpath, value=//div[@class='oxd-table-card']/div/div[3]}]
Capabilities {acceptInsecureCerts: false, browserName: chrome, browserVersion: 152.0.7977.84, chrome: {chromedriverVersion: 152.0.7977.82 (d04cdb24d67b..., userDataDir: C:\Users\chaker\AppData\Loc...}, fedcm:accounts: true, goog:chromeOptions: {debuggerAddress: localhost:52489}, goog:processID: 30664, networkConnectionEnabled: false, pageLoadStrategy: normal, platformName: windows, proxy: Proxy(), se:cdp: ws://localhost:52489/devtoo..., se:cdpVersion: 152.0.7977.84, setWindowRect: true, strictFileInteractability: false, timeouts: {implicit: 0, pageLoad: 300000, script: 30000}, unhandledPromptBehavior: dismiss and notify, webauthn:extension:credBlob: true, webauthn:extension:largeBlob: true, webauthn:extension:minPinLength: true, webauthn:extension:prf: true, webauthn:virtualAuthenticators: true}
Session ID: d06e42871fb996d82bdcebd832c8d322
2026-09-14 10:49:38 [TestNG-test-OrangeHRM Test 1-1] ERROR ActionDriver - This Element is not visible: Expected condition failed: waiting for visibility of element found by By.xpath: //div[@class='oxd-table-card']/div/div[4], but... org.openqa.selenium.NoSuchElementException: no such element: Unable to locate element: {"method":"xpath","selector":"//div[@class='oxd-table-card']/div/div[4]"}.
(tried for 25 seconds with 500 milliseconds interval)
Build info: version: '4.49.0', revision: 'bedb24f bedb24f6f703876e7e4c5d506f0d697eb358c720'
System info: os.name: 'Windows 10', os.arch: 'amd64', os.version: '10.0', java.version: '17'
Driver info: org.openqa.selenium.chrome.ChromeDriver
Capabilities {acceptInsecureCerts: false, browserName: chrome, browserVersion: 152.0.7977.84, chrome: {chromedriverVersion: 152.0.7977.82 (d04cdb24d67b..., userDataDir: C:\Users\chaker\AppData\Loc...}, fedcm:accounts: true, goog:chromeOptions: {debuggerAddress: localhost:52489}, goog:processID: 30664, networkConnectionEnabled: false, pageLoadStrategy: normal, platformName: windows, proxy: Proxy(), se:cdp: ws://localhost:52489/devtoo..., se:cdpVersion: 152.0.7977.84, setWindowRect: true, strictFileInteractability: false, timeouts: {implicit: 0, pageLoad: 300000, script: 30000}, unhandledPromptBehavior: dismiss and notify, webauthn:extension:credBlob: true, webauthn:extension:largeBlob: true, webauthn:extension:minPinLength: true, webauthn:extension:prf: true, webauthn:virtualAuthenticators: true}
Session ID: d06e42871fb996d82bdcebd832c8d322
2026-09-14 10:50:08 [TestNG-test-OrangeHRM Test 1-1] ERROR ActionDriver - Error when try to apply color in a border: no such element: Unable to locate element: {"method":"xpath","selector":"//div[@class='oxd-table-card']/div/div[4]"}
  (Session info: chrome=152.0.7977.84)
For documentation on this error, please visit: https://www.selenium.dev/documentation/webdriver/troubleshooting/errors#nosuchelementexception
Build info: version: '4.49.0', revision: 'bedb24f bedb24f6f703876e7e4c5d506f0d697eb358c720'
System info: os.name: 'Windows 10', os.arch: 'amd64', os.version: '10.0', java.version: '17'
Driver info: org.openqa.selenium.chrome.ChromeDriver
Command: [d06e42871fb996d82bdcebd832c8d322, findElement {using=xpath, value=//div[@class='oxd-table-card']/div/div[4]}]
Capabilities {acceptInsecureCerts: false, browserName: chrome, browserVersion: 152.0.7977.84, chrome: {chromedriverVersion: 152.0.7977.82 (d04cdb24d67b..., userDataDir: C:\Users\chaker\AppData\Loc...}, fedcm:accounts: true, goog:chromeOptions: {debuggerAddress: localhost:52489}, goog:processID: 30664, networkConnectionEnabled: false, pageLoadStrategy: normal, platformName: windows, proxy: Proxy(), se:cdp: ws://localhost:52489/devtoo..., se:cdpVersion: 152.0.7977.84, setWindowRect: true, strictFileInteractability: false, timeouts: {implicit: 0, pageLoad: 300000, script: 30000}, unhandledPromptBehavior: dismiss and notify, webauthn:extension:credBlob: true, webauthn:extension:largeBlob: true, webauthn:extension:minPinLength: true, webauthn:extension:prf: true, webauthn:virtualAuthenticators: true}
Session ID: d06e42871fb996d82bdcebd832c8d322
2026-09-14 10:50:08 [TestNG-test-OrangeHRM Test 1-1] ERROR ActionDriver - Element compared is not visible: no such element: Unable to locate element: {"method":"xpath","selector":"//div[@class='oxd-table-card']/div/div[4]"}
  (Session info: chrome=152.0.7977.84)
For documentation on this error, please visit: https://www.selenium.dev/documentation/webdriver/troubleshooting/errors#nosuchelementexception
Build info: version: '4.49.0', revision: 'bedb24f bedb24f6f703876e7e4c5d506f0d697eb358c720'
System info: os.name: 'Windows 10', os.arch: 'amd64', os.version: '10.0', java.version: '17'
Driver info: org.openqa.selenium.chrome.ChromeDriver
Command: [d06e42871fb996d82bdcebd832c8d322, findElement {using=xpath, value=//div[@class='oxd-table-card']/div/div[4]}]
Capabilities {acceptInsecureCerts: false, browserName: chrome, browserVersion: 152.0.7977.84, chrome: {chromedriverVersion: 152.0.7977.82 (d04cdb24d67b..., userDataDir: C:\Users\chaker\AppData\Loc...}, fedcm:accounts: true, goog:chromeOptions: {debuggerAddress: localhost:52489}, goog:processID: 30664, networkConnectionEnabled: false, pageLoadStrategy: normal, platformName: windows, proxy: Proxy(), se:cdp: ws://localhost:52489/devtoo..., se:cdpVersion: 152.0.7977.84, setWindowRect: true, strictFileInteractability: false, timeouts: {implicit: 0, pageLoad: 300000, script: 30000}, unhandledPromptBehavior: dismiss and notify, webauthn:extension:credBlob: true, webauthn:extension:largeBlob: true, webauthn:extension:minPinLength: true, webauthn:extension:prf: true, webauthn:virtualAuthenticators: true}
Session ID: d06e42871fb996d82bdcebd832c8d322
2026-09-14 10:50:17 [TestNG-test-OrangeHRM Test 1-1] ERROR BaseClass - This is an error message
2026-09-14 10:50:17 [TestNG-test-OrangeHRM Test 1-1] FATAL BaseClass - This is a fatal message
2026-09-14 10:50:46 [TestNG-test-OrangeHRM Test 1-1] ERROR ActionDriver - This Element is not clickable: Expected condition failed: waiting for element found by By.xpath: //span[text()='PIM'] to be clickable, but the element was not visible.
(tried for 25 seconds with 500 milliseconds interval)
Build info: version: '4.49.0', revision: 'bedb24f bedb24f6f703876e7e4c5d506f0d697eb358c720'
System info: os.name: 'Windows 10', os.arch: 'amd64', os.version: '10.0', java.version: '17'
Driver info: org.openqa.selenium.chrome.ChromeDriver
Capabilities {acceptInsecureCerts: false, browserName: chrome, browserVersion: 152.0.7977.84, chrome: {chromedriverVersion: 152.0.7977.82 (d04cdb24d67b..., userDataDir: C:\Users\chaker\AppData\Loc...}, fedcm:accounts: true, goog:chromeOptions: {debuggerAddress: localhost:53252}, goog:processID: 27480, networkConnectionEnabled: false, pageLoadStrategy: normal, platformName: windows, proxy: Proxy(), se:cdp: ws://localhost:53252/devtoo..., se:cdpVersion: 152.0.7977.84, setWindowRect: true, strictFileInteractability: false, timeouts: {implicit: 0, pageLoad: 300000, script: 30000}, unhandledPromptBehavior: dismiss and notify, webauthn:extension:credBlob: true, webauthn:extension:largeBlob: true, webauthn:extension:minPinLength: true, webauthn:extension:prf: true, webauthn:virtualAuthenticators: true}
Session ID: b41bcde1f6e3710b28acff6a9e4b00aa
2026-09-14 10:51:02 [TestNG-test-OrangeHRM Test 1-1] ERROR ActionDriver - Element is not clickable: element not interactable
  (Session info: chrome=152.0.7977.84)
Build info: version: '4.49.0', revision: 'bedb24f bedb24f6f703876e7e4c5d506f0d697eb358c720'
System info: os.name: 'Windows 10', os.arch: 'amd64', os.version: '10.0', java.version: '17'
Driver info: org.openqa.selenium.chrome.ChromeDriver
Command: [b41bcde1f6e3710b28acff6a9e4b00aa, clickElement {id=f.EE803447574CA24903FA7290D4A3338A.d.5D34896FA06F90A68210FF6B37748402.e.52}]
Capabilities {acceptInsecureCerts: false, browserName: chrome, browserVersion: 152.0.7977.84, chrome: {chromedriverVersion: 152.0.7977.82 (d04cdb24d67b..., userDataDir: C:\Users\chaker\AppData\Loc...}, fedcm:accounts: true, goog:chromeOptions: {debuggerAddress: localhost:53252}, goog:processID: 27480, networkConnectionEnabled: false, pageLoadStrategy: normal, platformName: windows, proxy: Proxy(), se:cdp: ws://localhost:53252/devtoo..., se:cdpVersion: 152.0.7977.84, setWindowRect: true, strictFileInteractability: false, timeouts: {implicit: 0, pageLoad: 300000, script: 30000}, unhandledPromptBehavior: dismiss and notify, webauthn:extension:credBlob: true, webauthn:extension:largeBlob: true, webauthn:extension:minPinLength: true, webauthn:extension:prf: true, webauthn:virtualAuthenticators: true}
Element: [[ChromeDriver: chrome on windows (b41bcde1f6e3710b28acff6a9e4b00aa)] -> xpath: //span[text()='PIM']]
Session ID: b41bcde1f6e3710b28acff6a9e4b00aa
2026-09-14 10:51:17 [TestNG-test-OrangeHRM Test 1-1] ERROR ActionDriver - Unable to describe the element: no such element: Unable to locate element: {"method":"xpath","selector":"//input[@placeholder='Type for hints...']"}
  (Session info: chrome=152.0.7977.84)
For documentation on this error, please visit: https://www.selenium.dev/documentation/webdriver/troubleshooting/errors#nosuchelementexception
Build info: version: '4.49.0', revision: 'bedb24f bedb24f6f703876e7e4c5d506f0d697eb358c720'
System info: os.name: 'Windows 10', os.arch: 'amd64', os.version: '10.0', java.version: '17'
Driver info: org.openqa.selenium.chrome.ChromeDriver
Command: [b41bcde1f6e3710b28acff6a9e4b00aa, findElement {using=xpath, value=//input[@placeholder='Type for hints...']}]
Capabilities {acceptInsecureCerts: false, browserName: chrome, browserVersion: 152.0.7977.84, chrome: {chromedriverVersion: 152.0.7977.82 (d04cdb24d67b..., userDataDir: C:\Users\chaker\AppData\Loc...}, fedcm:accounts: true, goog:chromeOptions: {debuggerAddress: localhost:53252}, goog:processID: 27480, networkConnectionEnabled: false, pageLoadStrategy: normal, platformName: windows, proxy: Proxy(), se:cdp: ws://localhost:53252/devtoo..., se:cdpVersion: 152.0.7977.84, setWindowRect: true, strictFileInteractability: false, timeouts: {implicit: 0, pageLoad: 300000, script: 30000}, unhandledPromptBehavior: dismiss and notify, webauthn:extension:credBlob: true, webauthn:extension:largeBlob: true, webauthn:extension:minPinLength: true, webauthn:extension:prf: true, webauthn:virtualAuthenticators: true}
Session ID: b41bcde1f6e3710b28acff6a9e4b00aa
2026-09-14 10:51:32 [TestNG-test-OrangeHRM Test 1-1] ERROR ActionDriver - Error when try to apply color in a border: no such element: Unable to locate element: {"method":"xpath","selector":"//input[@placeholder='Type for hints...']"}
  (Session info: chrome=152.0.7977.84)
For documentation on this error, please visit: https://www.selenium.dev/documentation/webdriver/troubleshooting/errors#nosuchelementexception
Build info: version: '4.49.0', revision: 'bedb24f bedb24f6f703876e7e4c5d506f0d697eb358c720'
System info: os.name: 'Windows 10', os.arch: 'amd64', os.version: '10.0', java.version: '17'
Driver info: org.openqa.selenium.chrome.ChromeDriver
Command: [b41bcde1f6e3710b28acff6a9e4b00aa, findElement {using=xpath, value=//input[@placeholder='Type for hints...']}]
Capabilities {acceptInsecureCerts: false, browserName: chrome, browserVersion: 152.0.7977.84, chrome: {chromedriverVersion: 152.0.7977.82 (d04cdb24d67b..., userDataDir: C:\Users\chaker\AppData\Loc...}, fedcm:accounts: true, goog:chromeOptions: {debuggerAddress: localhost:53252}, goog:processID: 27480, networkConnectionEnabled: false, pageLoadStrategy: normal, platformName: windows, proxy: Proxy(), se:cdp: ws://localhost:53252/devtoo..., se:cdpVersion: 152.0.7977.84, setWindowRect: true, strictFileInteractability: false, timeouts: {implicit: 0, pageLoad: 300000, script: 30000}, unhandledPromptBehavior: dismiss and notify, webauthn:extension:credBlob: true, webauthn:extension:largeBlob: true, webauthn:extension:minPinLength: true, webauthn:extension:prf: true, webauthn:virtualAuthenticators: true}
Session ID: b41bcde1f6e3710b28acff6a9e4b00aa
2026-09-14 10:52:02 [TestNG-test-OrangeHRM Test 1-1] ERROR ActionDriver - This Element is not visible: Expected condition failed: waiting for visibility of element found by By.xpath: //input[@placeholder='Type for hints...'], but... org.openqa.selenium.NoSuchElementException: no such element: Unable to locate element: {"method":"xpath","selector":"//input[@placeholder='Type for hints...']"}.
(tried for 25 seconds with 500 milliseconds interval)
Build info: version: '4.49.0', revision: 'bedb24f bedb24f6f703876e7e4c5d506f0d697eb358c720'
System info: os.name: 'Windows 10', os.arch: 'amd64', os.version: '10.0', java.version: '17'
Driver info: org.openqa.selenium.chrome.ChromeDriver
Capabilities {acceptInsecureCerts: false, browserName: chrome, browserVersion: 152.0.7977.84, chrome: {chromedriverVersion: 152.0.7977.82 (d04cdb24d67b..., userDataDir: C:\Users\chaker\AppData\Loc...}, fedcm:accounts: true, goog:chromeOptions: {debuggerAddress: localhost:53252}, goog:processID: 27480, networkConnectionEnabled: false, pageLoadStrategy: normal, platformName: windows, proxy: Proxy(), se:cdp: ws://localhost:53252/devtoo..., se:cdpVersion: 152.0.7977.84, setWindowRect: true, strictFileInteractability: false, timeouts: {implicit: 0, pageLoad: 300000, script: 30000}, unhandledPromptBehavior: dismiss and notify, webauthn:extension:credBlob: true, webauthn:extension:largeBlob: true, webauthn:extension:minPinLength: true, webauthn:extension:prf: true, webauthn:virtualAuthenticators: true}
Session ID: b41bcde1f6e3710b28acff6a9e4b00aa
2026-09-14 10:52:32 [TestNG-test-OrangeHRM Test 1-1] ERROR ActionDriver - Error when try to apply color in a border: no such element: Unable to locate element: {"method":"xpath","selector":"//input[@placeholder='Type for hints...']"}
  (Session info: chrome=152.0.7977.84)
For documentation on this error, please visit: https://www.selenium.dev/documentation/webdriver/troubleshooting/errors#nosuchelementexception
Build info: version: '4.49.0', revision: 'bedb24f bedb24f6f703876e7e4c5d506f0d697eb358c720'
System info: os.name: 'Windows 10', os.arch: 'amd64', os.version: '10.0', java.version: '17'
Driver info: org.openqa.selenium.chrome.ChromeDriver
Command: [b41bcde1f6e3710b28acff6a9e4b00aa, findElement {using=xpath, value=//input[@placeholder='Type for hints...']}]
Capabilities {acceptInsecureCerts: false, browserName: chrome, browserVersion: 152.0.7977.84, chrome: {chromedriverVersion: 152.0.7977.82 (d04cdb24d67b..., userDataDir: C:\Users\chaker\AppData\Loc...}, fedcm:accounts: true, goog:chromeOptions: {debuggerAddress: localhost:53252}, goog:processID: 27480, networkConnectionEnabled: false, pageLoadStrategy: normal, platformName: windows, proxy: Proxy(), se:cdp: ws://localhost:53252/devtoo..., se:cdpVersion: 152.0.7977.84, setWindowRect: true, strictFileInteractability: false, timeouts: {implicit: 0, pageLoad: 300000, script: 30000}, unhandledPromptBehavior: dismiss and notify, webauthn:extension:credBlob: true, webauthn:extension:largeBlob: true, webauthn:extension:minPinLength: true, webauthn:extension:prf: true, webauthn:virtualAuthenticators: true}
Session ID: b41bcde1f6e3710b28acff6a9e4b00aa
2026-09-14 10:52:32 [TestNG-test-OrangeHRM Test 1-1] ERROR ActionDriver - Element is not entered: no such element: Unable to locate element: {"method":"xpath","selector":"//input[@placeholder='Type for hints...']"}
  (Session info: chrome=152.0.7977.84)
For documentation on this error, please visit: https://www.selenium.dev/documentation/webdriver/troubleshooting/errors#nosuchelementexception
Build info: version: '4.49.0', revision: 'bedb24f bedb24f6f703876e7e4c5d506f0d697eb358c720'
System info: os.name: 'Windows 10', os.arch: 'amd64', os.version: '10.0', java.version: '17'
Driver info: org.openqa.selenium.chrome.ChromeDriver
Command: [b41bcde1f6e3710b28acff6a9e4b00aa, findElement {using=xpath, value=//input[@placeholder='Type for hints...']}]
Capabilities {acceptInsecureCerts: false, browserName: chrome, browserVersion: 152.0.7977.84, chrome: {chromedriverVersion: 152.0.7977.82 (d04cdb24d67b..., userDataDir: C:\Users\chaker\AppData\Loc...}, fedcm:accounts: true, goog:chromeOptions: {debuggerAddress: localhost:53252}, goog:processID: 27480, networkConnectionEnabled: false, pageLoadStrategy: normal, platformName: windows, proxy: Proxy(), se:cdp: ws://localhost:53252/devtoo..., se:cdpVersion: 152.0.7977.84, setWindowRect: true, strictFileInteractability: false, timeouts: {implicit: 0, pageLoad: 300000, script: 30000}, unhandledPromptBehavior: dismiss and notify, webauthn:extension:credBlob: true, webauthn:extension:largeBlob: true, webauthn:extension:minPinLength: true, webauthn:extension:prf: true, webauthn:virtualAuthenticators: true}
Session ID: b41bcde1f6e3710b28acff6a9e4b00aa
2026-09-14 10:52:47 [TestNG-test-OrangeHRM Test 1-1] ERROR ActionDriver - Unable to describe the element: no such element: Unable to locate element: {"method":"xpath","selector":"//button[normalize-space()='Search']"}
  (Session info: chrome=152.0.7977.84)
For documentation on this error, please visit: https://www.selenium.dev/documentation/webdriver/troubleshooting/errors#nosuchelementexception
Build info: version: '4.49.0', revision: 'bedb24f bedb24f6f703876e7e4c5d506f0d697eb358c720'
System info: os.name: 'Windows 10', os.arch: 'amd64', os.version: '10.0', java.version: '17'
Driver info: org.openqa.selenium.chrome.ChromeDriver
Command: [b41bcde1f6e3710b28acff6a9e4b00aa, findElement {using=xpath, value=//button[normalize-space()='Search']}]
Capabilities {acceptInsecureCerts: false, browserName: chrome, browserVersion: 152.0.7977.84, chrome: {chromedriverVersion: 152.0.7977.82 (d04cdb24d67b..., userDataDir: C:\Users\chaker\AppData\Loc...}, fedcm:accounts: true, goog:chromeOptions: {debuggerAddress: localhost:53252}, goog:processID: 27480, networkConnectionEnabled: false, pageLoadStrategy: normal, platformName: windows, proxy: Proxy(), se:cdp: ws://localhost:53252/devtoo..., se:cdpVersion: 152.0.7977.84, setWindowRect: true, strictFileInteractability: false, timeouts: {implicit: 0, pageLoad: 300000, script: 30000}, unhandledPromptBehavior: dismiss and notify, webauthn:extension:credBlob: true, webauthn:extension:largeBlob: true, webauthn:extension:minPinLength: true, webauthn:extension:prf: true, webauthn:virtualAuthenticators: true}
Session ID: b41bcde1f6e3710b28acff6a9e4b00aa
2026-09-14 10:53:02 [TestNG-test-OrangeHRM Test 1-1] ERROR ActionDriver - Error when try to apply color in a border: no such element: Unable to locate element: {"method":"xpath","selector":"//button[normalize-space()='Search']"}
  (Session info: chrome=152.0.7977.84)
For documentation on this error, please visit: https://www.selenium.dev/documentation/webdriver/troubleshooting/errors#nosuchelementexception
Build info: version: '4.49.0', revision: 'bedb24f bedb24f6f703876e7e4c5d506f0d697eb358c720'
System info: os.name: 'Windows 10', os.arch: 'amd64', os.version: '10.0', java.version: '17'
Driver info: org.openqa.selenium.chrome.ChromeDriver
Command: [b41bcde1f6e3710b28acff6a9e4b00aa, findElement {using=xpath, value=//button[normalize-space()='Search']}]
Capabilities {acceptInsecureCerts: false, browserName: chrome, browserVersion: 152.0.7977.84, chrome: {chromedriverVersion: 152.0.7977.82 (d04cdb24d67b..., userDataDir: C:\Users\chaker\AppData\Loc...}, fedcm:accounts: true, goog:chromeOptions: {debuggerAddress: localhost:53252}, goog:processID: 27480, networkConnectionEnabled: false, pageLoadStrategy: normal, platformName: windows, proxy: Proxy(), se:cdp: ws://localhost:53252/devtoo..., se:cdpVersion: 152.0.7977.84, setWindowRect: true, strictFileInteractability: false, timeouts: {implicit: 0, pageLoad: 300000, script: 30000}, unhandledPromptBehavior: dismiss and notify, webauthn:extension:credBlob: true, webauthn:extension:largeBlob: true, webauthn:extension:minPinLength: true, webauthn:extension:prf: true, webauthn:virtualAuthenticators: true}
Session ID: b41bcde1f6e3710b28acff6a9e4b00aa
2026-09-14 10:53:33 [TestNG-test-OrangeHRM Test 1-1] ERROR ActionDriver - This Element is not clickable: Expected condition failed: waiting for element found by By.xpath: //button[normalize-space()='Search'] to be clickable, but the element was not found: org.openqa.selenium.NoSuchElementException: no such element: Unable to locate element: {"method":"xpath","selector":"//button[normalize-space()='Search']"}.
(tried for 25 seconds with 500 milliseconds interval)
Build info: version: '4.49.0', revision: 'bedb24f bedb24f6f703876e7e4c5d506f0d697eb358c720'
System info: os.name: 'Windows 10', os.arch: 'amd64', os.version: '10.0', java.version: '17'
Driver info: org.openqa.selenium.chrome.ChromeDriver
Capabilities {acceptInsecureCerts: false, browserName: chrome, browserVersion: 152.0.7977.84, chrome: {chromedriverVersion: 152.0.7977.82 (d04cdb24d67b..., userDataDir: C:\Users\chaker\AppData\Loc...}, fedcm:accounts: true, goog:chromeOptions: {debuggerAddress: localhost:53252}, goog:processID: 27480, networkConnectionEnabled: false, pageLoadStrategy: normal, platformName: windows, proxy: Proxy(), se:cdp: ws://localhost:53252/devtoo..., se:cdpVersion: 152.0.7977.84, setWindowRect: true, strictFileInteractability: false, timeouts: {implicit: 0, pageLoad: 300000, script: 30000}, unhandledPromptBehavior: dismiss and notify, webauthn:extension:credBlob: true, webauthn:extension:largeBlob: true, webauthn:extension:minPinLength: true, webauthn:extension:prf: true, webauthn:virtualAuthenticators: true}
Session ID: b41bcde1f6e3710b28acff6a9e4b00aa
2026-09-14 10:54:03 [TestNG-test-OrangeHRM Test 1-1] ERROR ActionDriver - Error when try to apply color in a border: no such element: Unable to locate element: {"method":"xpath","selector":"//button[normalize-space()='Search']"}
  (Session info: chrome=152.0.7977.84)
For documentation on this error, please visit: https://www.selenium.dev/documentation/webdriver/troubleshooting/errors#nosuchelementexception
Build info: version: '4.49.0', revision: 'bedb24f bedb24f6f703876e7e4c5d506f0d697eb358c720'
System info: os.name: 'Windows 10', os.arch: 'amd64', os.version: '10.0', java.version: '17'
Driver info: org.openqa.selenium.chrome.ChromeDriver
Command: [b41bcde1f6e3710b28acff6a9e4b00aa, findElement {using=xpath, value=//button[normalize-space()='Search']}]
Capabilities {acceptInsecureCerts: false, browserName: chrome, browserVersion: 152.0.7977.84, chrome: {chromedriverVersion: 152.0.7977.82 (d04cdb24d67b..., userDataDir: C:\Users\chaker\AppData\Loc...}, fedcm:accounts: true, goog:chromeOptions: {debuggerAddress: localhost:53252}, goog:processID: 27480, networkConnectionEnabled: false, pageLoadStrategy: normal, platformName: windows, proxy: Proxy(), se:cdp: ws://localhost:53252/devtoo..., se:cdpVersion: 152.0.7977.84, setWindowRect: true, strictFileInteractability: false, timeouts: {implicit: 0, pageLoad: 300000, script: 30000}, unhandledPromptBehavior: dismiss and notify, webauthn:extension:credBlob: true, webauthn:extension:largeBlob: true, webauthn:extension:minPinLength: true, webauthn:extension:prf: true, webauthn:virtualAuthenticators: true}
Session ID: b41bcde1f6e3710b28acff6a9e4b00aa
2026-09-14 10:54:03 [TestNG-test-OrangeHRM Test 1-1] ERROR ActionDriver - Element is not clickable: no such element: Unable to locate element: {"method":"xpath","selector":"//button[normalize-space()='Search']"}
  (Session info: chrome=152.0.7977.84)
For documentation on this error, please visit: https://www.selenium.dev/documentation/webdriver/troubleshooting/errors#nosuchelementexception
Build info: version: '4.49.0', revision: 'bedb24f bedb24f6f703876e7e4c5d506f0d697eb358c720'
System info: os.name: 'Windows 10', os.arch: 'amd64', os.version: '10.0', java.version: '17'
Driver info: org.openqa.selenium.chrome.ChromeDriver
Command: [b41bcde1f6e3710b28acff6a9e4b00aa, findElement {using=xpath, value=//button[normalize-space()='Search']}]
Capabilities {acceptInsecureCerts: false, browserName: chrome, browserVersion: 152.0.7977.84, chrome: {chromedriverVersion: 152.0.7977.82 (d04cdb24d67b..., userDataDir: C:\Users\chaker\AppData\Loc...}, fedcm:accounts: true, goog:chromeOptions: {debuggerAddress: localhost:53252}, goog:processID: 27480, networkConnectionEnabled: false, pageLoadStrategy: normal, platformName: windows, proxy: Proxy(), se:cdp: ws://localhost:53252/devtoo..., se:cdpVersion: 152.0.7977.84, setWindowRect: true, strictFileInteractability: false, timeouts: {implicit: 0, pageLoad: 300000, script: 30000}, unhandledPromptBehavior: dismiss and notify, webauthn:extension:credBlob: true, webauthn:extension:largeBlob: true, webauthn:extension:minPinLength: true, webauthn:extension:prf: true, webauthn:virtualAuthenticators: true}
Session ID: b41bcde1f6e3710b28acff6a9e4b00aa
2026-09-14 10:54:34 [TestNG-test-OrangeHRM Test 1-1] ERROR ActionDriver - This Element is not visible: Expected condition failed: waiting for visibility of element found by By.xpath: //div[@class='oxd-table-card']/div/div[3], but... org.openqa.selenium.NoSuchElementException: no such element: Unable to locate element: {"method":"xpath","selector":"//div[@class='oxd-table-card']/div/div[3]"}.
(tried for 25 seconds with 500 milliseconds interval)
Build info: version: '4.49.0', revision: 'bedb24f bedb24f6f703876e7e4c5d506f0d697eb358c720'
System info: os.name: 'Windows 10', os.arch: 'amd64', os.version: '10.0', java.version: '17'
Driver info: org.openqa.selenium.chrome.ChromeDriver
Capabilities {acceptInsecureCerts: false, browserName: chrome, browserVersion: 152.0.7977.84, chrome: {chromedriverVersion: 152.0.7977.82 (d04cdb24d67b..., userDataDir: C:\Users\chaker\AppData\Loc...}, fedcm:accounts: true, goog:chromeOptions: {debuggerAddress: localhost:53252}, goog:processID: 27480, networkConnectionEnabled: false, pageLoadStrategy: normal, platformName: windows, proxy: Proxy(), se:cdp: ws://localhost:53252/devtoo..., se:cdpVersion: 152.0.7977.84, setWindowRect: true, strictFileInteractability: false, timeouts: {implicit: 0, pageLoad: 300000, script: 30000}, unhandledPromptBehavior: dismiss and notify, webauthn:extension:credBlob: true, webauthn:extension:largeBlob: true, webauthn:extension:minPinLength: true, webauthn:extension:prf: true, webauthn:virtualAuthenticators: true}
Session ID: b41bcde1f6e3710b28acff6a9e4b00aa
2026-09-14 10:55:04 [TestNG-test-OrangeHRM Test 1-1] ERROR ActionDriver - Error when try to apply color in a border: no such element: Unable to locate element: {"method":"xpath","selector":"//div[@class='oxd-table-card']/div/div[3]"}
  (Session info: chrome=152.0.7977.84)
For documentation on this error, please visit: https://www.selenium.dev/documentation/webdriver/troubleshooting/errors#nosuchelementexception
Build info: version: '4.49.0', revision: 'bedb24f bedb24f6f703876e7e4c5d506f0d697eb358c720'
System info: os.name: 'Windows 10', os.arch: 'amd64', os.version: '10.0', java.version: '17'
Driver info: org.openqa.selenium.chrome.ChromeDriver
Command: [b41bcde1f6e3710b28acff6a9e4b00aa, findElement {using=xpath, value=//div[@class='oxd-table-card']/div/div[3]}]
Capabilities {acceptInsecureCerts: false, browserName: chrome, browserVersion: 152.0.7977.84, chrome: {chromedriverVersion: 152.0.7977.82 (d04cdb24d67b..., userDataDir: C:\Users\chaker\AppData\Loc...}, fedcm:accounts: true, goog:chromeOptions: {debuggerAddress: localhost:53252}, goog:processID: 27480, networkConnectionEnabled: false, pageLoadStrategy: normal, platformName: windows, proxy: Proxy(), se:cdp: ws://localhost:53252/devtoo..., se:cdpVersion: 152.0.7977.84, setWindowRect: true, strictFileInteractability: false, timeouts: {implicit: 0, pageLoad: 300000, script: 30000}, unhandledPromptBehavior: dismiss and notify, webauthn:extension:credBlob: true, webauthn:extension:largeBlob: true, webauthn:extension:minPinLength: true, webauthn:extension:prf: true, webauthn:virtualAuthenticators: true}
Session ID: b41bcde1f6e3710b28acff6a9e4b00aa
2026-09-14 10:55:04 [TestNG-test-OrangeHRM Test 1-1] ERROR ActionDriver - Element to scroll is not visible: no such element: Unable to locate element: {"method":"xpath","selector":"//div[@class='oxd-table-card']/div/div[3]"}
  (Session info: chrome=152.0.7977.84)
For documentation on this error, please visit: https://www.selenium.dev/documentation/webdriver/troubleshooting/errors#nosuchelementexception
Build info: version: '4.49.0', revision: 'bedb24f bedb24f6f703876e7e4c5d506f0d697eb358c720'
System info: os.name: 'Windows 10', os.arch: 'amd64', os.version: '10.0', java.version: '17'
Driver info: org.openqa.selenium.chrome.ChromeDriver
Command: [b41bcde1f6e3710b28acff6a9e4b00aa, findElement {using=xpath, value=//div[@class='oxd-table-card']/div/div[3]}]
Capabilities {acceptInsecureCerts: false, browserName: chrome, browserVersion: 152.0.7977.84, chrome: {chromedriverVersion: 152.0.7977.82 (d04cdb24d67b..., userDataDir: C:\Users\chaker\AppData\Loc...}, fedcm:accounts: true, goog:chromeOptions: {debuggerAddress: localhost:53252}, goog:processID: 27480, networkConnectionEnabled: false, pageLoadStrategy: normal, platformName: windows, proxy: Proxy(), se:cdp: ws://localhost:53252/devtoo..., se:cdpVersion: 152.0.7977.84, setWindowRect: true, strictFileInteractability: false, timeouts: {implicit: 0, pageLoad: 300000, script: 30000}, unhandledPromptBehavior: dismiss and notify, webauthn:extension:credBlob: true, webauthn:extension:largeBlob: true, webauthn:extension:minPinLength: true, webauthn:extension:prf: true, webauthn:virtualAuthenticators: true}
Session ID: b41bcde1f6e3710b28acff6a9e4b00aa
2026-09-14 10:55:35 [TestNG-test-OrangeHRM Test 1-1] ERROR ActionDriver - This Element is not visible: Expected condition failed: waiting for visibility of element found by By.xpath: //div[@class='oxd-table-card']/div/div[3], but... org.openqa.selenium.NoSuchElementException: no such element: Unable to locate element: {"method":"xpath","selector":"//div[@class='oxd-table-card']/div/div[3]"}.
(tried for 25 seconds with 500 milliseconds interval)
Build info: version: '4.49.0', revision: 'bedb24f bedb24f6f703876e7e4c5d506f0d697eb358c720'
System info: os.name: 'Windows 10', os.arch: 'amd64', os.version: '10.0', java.version: '17'
Driver info: org.openqa.selenium.chrome.ChromeDriver
Capabilities {acceptInsecureCerts: false, browserName: chrome, browserVersion: 152.0.7977.84, chrome: {chromedriverVersion: 152.0.7977.82 (d04cdb24d67b..., userDataDir: C:\Users\chaker\AppData\Loc...}, fedcm:accounts: true, goog:chromeOptions: {debuggerAddress: localhost:53252}, goog:processID: 27480, networkConnectionEnabled: false, pageLoadStrategy: normal, platformName: windows, proxy: Proxy(), se:cdp: ws://localhost:53252/devtoo..., se:cdpVersion: 152.0.7977.84, setWindowRect: true, strictFileInteractability: false, timeouts: {implicit: 0, pageLoad: 300000, script: 30000}, unhandledPromptBehavior: dismiss and notify, webauthn:extension:credBlob: true, webauthn:extension:largeBlob: true, webauthn:extension:minPinLength: true, webauthn:extension:prf: true, webauthn:virtualAuthenticators: true}
Session ID: b41bcde1f6e3710b28acff6a9e4b00aa
2026-09-14 10:56:05 [TestNG-test-OrangeHRM Test 1-1] ERROR ActionDriver - Error when try to apply color in a border: no such element: Unable to locate element: {"method":"xpath","selector":"//div[@class='oxd-table-card']/div/div[3]"}
  (Session info: chrome=152.0.7977.84)
For documentation on this error, please visit: https://www.selenium.dev/documentation/webdriver/troubleshooting/errors#nosuchelementexception
Build info: version: '4.49.0', revision: 'bedb24f bedb24f6f703876e7e4c5d506f0d697eb358c720'
System info: os.name: 'Windows 10', os.arch: 'amd64', os.version: '10.0', java.version: '17'
Driver info: org.openqa.selenium.chrome.ChromeDriver
Command: [b41bcde1f6e3710b28acff6a9e4b00aa, findElement {using=xpath, value=//div[@class='oxd-table-card']/div/div[3]}]
Capabilities {acceptInsecureCerts: false, browserName: chrome, browserVersion: 152.0.7977.84, chrome: {chromedriverVersion: 152.0.7977.82 (d04cdb24d67b..., userDataDir: C:\Users\chaker\AppData\Loc...}, fedcm:accounts: true, goog:chromeOptions: {debuggerAddress: localhost:53252}, goog:processID: 27480, networkConnectionEnabled: false, pageLoadStrategy: normal, platformName: windows, proxy: Proxy(), se:cdp: ws://localhost:53252/devtoo..., se:cdpVersion: 152.0.7977.84, setWindowRect: true, strictFileInteractability: false, timeouts: {implicit: 0, pageLoad: 300000, script: 30000}, unhandledPromptBehavior: dismiss and notify, webauthn:extension:credBlob: true, webauthn:extension:largeBlob: true, webauthn:extension:minPinLength: true, webauthn:extension:prf: true, webauthn:virtualAuthenticators: true}
Session ID: b41bcde1f6e3710b28acff6a9e4b00aa
2026-09-14 10:56:05 [TestNG-test-OrangeHRM Test 1-1] ERROR ActionDriver - Element compared is not visible: no such element: Unable to locate element: {"method":"xpath","selector":"//div[@class='oxd-table-card']/div/div[3]"}
  (Session info: chrome=152.0.7977.84)
For documentation on this error, please visit: https://www.selenium.dev/documentation/webdriver/troubleshooting/errors#nosuchelementexception
Build info: version: '4.49.0', revision: 'bedb24f bedb24f6f703876e7e4c5d506f0d697eb358c720'
System info: os.name: 'Windows 10', os.arch: 'amd64', os.version: '10.0', java.version: '17'
Driver info: org.openqa.selenium.chrome.ChromeDriver
Command: [b41bcde1f6e3710b28acff6a9e4b00aa, findElement {using=xpath, value=//div[@class='oxd-table-card']/div/div[3]}]
Capabilities {acceptInsecureCerts: false, browserName: chrome, browserVersion: 152.0.7977.84, chrome: {chromedriverVersion: 152.0.7977.82 (d04cdb24d67b..., userDataDir: C:\Users\chaker\AppData\Loc...}, fedcm:accounts: true, goog:chromeOptions: {debuggerAddress: localhost:53252}, goog:processID: 27480, networkConnectionEnabled: false, pageLoadStrategy: normal, platformName: windows, proxy: Proxy(), se:cdp: ws://localhost:53252/devtoo..., se:cdpVersion: 152.0.7977.84, setWindowRect: true, strictFileInteractability: false, timeouts: {implicit: 0, pageLoad: 300000, script: 30000}, unhandledPromptBehavior: dismiss and notify, webauthn:extension:credBlob: true, webauthn:extension:largeBlob: true, webauthn:extension:minPinLength: true, webauthn:extension:prf: true, webauthn:virtualAuthenticators: true}
Session ID: b41bcde1f6e3710b28acff6a9e4b00aa
2026-09-14 10:56:35 [TestNG-test-OrangeHRM Test 1-1] ERROR ActionDriver - This Element is not visible: Expected condition failed: waiting for visibility of element found by By.xpath: //div[@class='oxd-table-card']/div/div[4], but... org.openqa.selenium.NoSuchElementException: no such element: Unable to locate element: {"method":"xpath","selector":"//div[@class='oxd-table-card']/div/div[4]"}.
(tried for 25 seconds with 500 milliseconds interval)
Build info: version: '4.49.0', revision: 'bedb24f bedb24f6f703876e7e4c5d506f0d697eb358c720'
System info: os.name: 'Windows 10', os.arch: 'amd64', os.version: '10.0', java.version: '17'
Driver info: org.openqa.selenium.chrome.ChromeDriver
Capabilities {acceptInsecureCerts: false, browserName: chrome, browserVersion: 152.0.7977.84, chrome: {chromedriverVersion: 152.0.7977.82 (d04cdb24d67b..., userDataDir: C:\Users\chaker\AppData\Loc...}, fedcm:accounts: true, goog:chromeOptions: {debuggerAddress: localhost:53252}, goog:processID: 27480, networkConnectionEnabled: false, pageLoadStrategy: normal, platformName: windows, proxy: Proxy(), se:cdp: ws://localhost:53252/devtoo..., se:cdpVersion: 152.0.7977.84, setWindowRect: true, strictFileInteractability: false, timeouts: {implicit: 0, pageLoad: 300000, script: 30000}, unhandledPromptBehavior: dismiss and notify, webauthn:extension:credBlob: true, webauthn:extension:largeBlob: true, webauthn:extension:minPinLength: true, webauthn:extension:prf: true, webauthn:virtualAuthenticators: true}
Session ID: b41bcde1f6e3710b28acff6a9e4b00aa
2026-09-14 10:57:05 [TestNG-test-OrangeHRM Test 1-1] ERROR ActionDriver - Error when try to apply color in a border: no such element: Unable to locate element: {"method":"xpath","selector":"//div[@class='oxd-table-card']/div/div[4]"}
  (Session info: chrome=152.0.7977.84)
For documentation on this error, please visit: https://www.selenium.dev/documentation/webdriver/troubleshooting/errors#nosuchelementexception
Build info: version: '4.49.0', revision: 'bedb24f bedb24f6f703876e7e4c5d506f0d697eb358c720'
System info: os.name: 'Windows 10', os.arch: 'amd64', os.version: '10.0', java.version: '17'
Driver info: org.openqa.selenium.chrome.ChromeDriver
Command: [b41bcde1f6e3710b28acff6a9e4b00aa, findElement {using=xpath, value=//div[@class='oxd-table-card']/div/div[4]}]
Capabilities {acceptInsecureCerts: false, browserName: chrome, browserVersion: 152.0.7977.84, chrome: {chromedriverVersion: 152.0.7977.82 (d04cdb24d67b..., userDataDir: C:\Users\chaker\AppData\Loc...}, fedcm:accounts: true, goog:chromeOptions: {debuggerAddress: localhost:53252}, goog:processID: 27480, networkConnectionEnabled: false, pageLoadStrategy: normal, platformName: windows, proxy: Proxy(), se:cdp: ws://localhost:53252/devtoo..., se:cdpVersion: 152.0.7977.84, setWindowRect: true, strictFileInteractability: false, timeouts: {implicit: 0, pageLoad: 300000, script: 30000}, unhandledPromptBehavior: dismiss and notify, webauthn:extension:credBlob: true, webauthn:extension:largeBlob: true, webauthn:extension:minPinLength: true, webauthn:extension:prf: true, webauthn:virtualAuthenticators: true}
Session ID: b41bcde1f6e3710b28acff6a9e4b00aa
2026-09-14 10:57:05 [TestNG-test-OrangeHRM Test 1-1] ERROR ActionDriver - Element compared is not visible: no such element: Unable to locate element: {"method":"xpath","selector":"//div[@class='oxd-table-card']/div/div[4]"}
  (Session info: chrome=152.0.7977.84)
For documentation on this error, please visit: https://www.selenium.dev/documentation/webdriver/troubleshooting/errors#nosuchelementexception
Build info: version: '4.49.0', revision: 'bedb24f bedb24f6f703876e7e4c5d506f0d697eb358c720'
System info: os.name: 'Windows 10', os.arch: 'amd64', os.version: '10.0', java.version: '17'
Driver info: org.openqa.selenium.chrome.ChromeDriver
Command: [b41bcde1f6e3710b28acff6a9e4b00aa, findElement {using=xpath, value=//div[@class='oxd-table-card']/div/div[4]}]
Capabilities {acceptInsecureCerts: false, browserName: chrome, browserVersion: 152.0.7977.84, chrome: {chromedriverVersion: 152.0.7977.82 (d04cdb24d67b..., userDataDir: C:\Users\chaker\AppData\Loc...}, fedcm:accounts: true, goog:chromeOptions: {debuggerAddress: localhost:53252}, goog:processID: 27480, networkConnectionEnabled: false, pageLoadStrategy: normal, platformName: windows, proxy: Proxy(), se:cdp: ws://localhost:53252/devtoo..., se:cdpVersion: 152.0.7977.84, setWindowRect: true, strictFileInteractability: false, timeouts: {implicit: 0, pageLoad: 300000, script: 30000}, unhandledPromptBehavior: dismiss and notify, webauthn:extension:credBlob: true, webauthn:extension:largeBlob: true, webauthn:extension:minPinLength: true, webauthn:extension:prf: true, webauthn:virtualAuthenticators: true}
Session ID: b41bcde1f6e3710b28acff6a9e4b00aa
2026-09-14 11:46:49 [TestNG-test-OrangeHRM Test 1-1] ERROR ActionDriver - This Element is not clickable: Expected condition failed: waiting for element found by By.xpath: //span[text()='PIM'] to be clickable, but the element was not visible.
(tried for 25 seconds with 500 milliseconds interval)
Build info: version: '4.49.0', revision: 'bedb24f bedb24f6f703876e7e4c5d506f0d697eb358c720'
System info: os.name: 'Windows 10', os.arch: 'amd64', os.version: '10.0', java.version: '17'
Driver info: org.openqa.selenium.chrome.ChromeDriver
Capabilities {acceptInsecureCerts: false, browserName: chrome, browserVersion: 152.0.7977.84, chrome: {chromedriverVersion: 152.0.7977.82 (d04cdb24d67b..., userDataDir: C:\Users\chaker\AppData\Loc...}, fedcm:accounts: true, goog:chromeOptions: {debuggerAddress: localhost:60849}, goog:processID: 19308, networkConnectionEnabled: false, pageLoadStrategy: normal, platformName: windows, proxy: Proxy(), se:cdp: ws://localhost:60849/devtoo..., se:cdpVersion: 152.0.7977.84, setWindowRect: true, strictFileInteractability: false, timeouts: {implicit: 0, pageLoad: 300000, script: 30000}, unhandledPromptBehavior: dismiss and notify, webauthn:extension:credBlob: true, webauthn:extension:largeBlob: true, webauthn:extension:minPinLength: true, webauthn:extension:prf: true, webauthn:virtualAuthenticators: true}
Session ID: 86c516d4f08c127e9efc623f606fc589
2026-09-14 11:46:49 [TestNG-test-OrangeHRM Test 1-2] ERROR ActionDriver - This Element is not visible: Expected condition failed: waiting for visibility of element found by By.xpath: //div[@class='oxd-brand-banner']//img
(tried for 25 seconds with 500 milliseconds interval)
Build info: version: '4.49.0', revision: 'bedb24f bedb24f6f703876e7e4c5d506f0d697eb358c720'
System info: os.name: 'Windows 10', os.arch: 'amd64', os.version: '10.0', java.version: '17'
Driver info: org.openqa.selenium.chrome.ChromeDriver
Capabilities {acceptInsecureCerts: false, browserName: chrome, browserVersion: 152.0.7977.84, chrome: {chromedriverVersion: 152.0.7977.82 (d04cdb24d67b..., userDataDir: C:\Users\chaker\AppData\Loc...}, fedcm:accounts: true, goog:chromeOptions: {debuggerAddress: localhost:49637}, goog:processID: 26428, networkConnectionEnabled: false, pageLoadStrategy: normal, platformName: windows, proxy: Proxy(), se:cdp: ws://localhost:49637/devtoo..., se:cdpVersion: 152.0.7977.84, setWindowRect: true, strictFileInteractability: false, timeouts: {implicit: 0, pageLoad: 300000, script: 30000}, unhandledPromptBehavior: dismiss and notify, webauthn:extension:credBlob: true, webauthn:extension:largeBlob: true, webauthn:extension:minPinLength: true, webauthn:extension:prf: true, webauthn:virtualAuthenticators: true}
Session ID: c99086a8a80cb89795ae929e1df84ed4
2026-09-14 11:47:05 [TestNG-test-OrangeHRM Test 1-1] ERROR ActionDriver - Element is not clickable: element not interactable
  (Session info: chrome=152.0.7977.84)
Build info: version: '4.49.0', revision: 'bedb24f bedb24f6f703876e7e4c5d506f0d697eb358c720'
System info: os.name: 'Windows 10', os.arch: 'amd64', os.version: '10.0', java.version: '17'
Driver info: org.openqa.selenium.chrome.ChromeDriver
Command: [86c516d4f08c127e9efc623f606fc589, clickElement {id=f.66E71D0982C38A6BC81944ED1447B78E.d.CCCBB7CF9D1008A65F0D3E7D7C6F903F.e.52}]
Capabilities {acceptInsecureCerts: false, browserName: chrome, browserVersion: 152.0.7977.84, chrome: {chromedriverVersion: 152.0.7977.82 (d04cdb24d67b..., userDataDir: C:\Users\chaker\AppData\Loc...}, fedcm:accounts: true, goog:chromeOptions: {debuggerAddress: localhost:60849}, goog:processID: 19308, networkConnectionEnabled: false, pageLoadStrategy: normal, platformName: windows, proxy: Proxy(), se:cdp: ws://localhost:60849/devtoo..., se:cdpVersion: 152.0.7977.84, setWindowRect: true, strictFileInteractability: false, timeouts: {implicit: 0, pageLoad: 300000, script: 30000}, unhandledPromptBehavior: dismiss and notify, webauthn:extension:credBlob: true, webauthn:extension:largeBlob: true, webauthn:extension:minPinLength: true, webauthn:extension:prf: true, webauthn:virtualAuthenticators: true}
Element: [[ChromeDriver: chrome on windows (86c516d4f08c127e9efc623f606fc589)] -> xpath: //span[text()='PIM']]
Session ID: 86c516d4f08c127e9efc623f606fc589
2026-09-14 11:47:20 [TestNG-test-OrangeHRM Test 1-1] ERROR ActionDriver - Unable to describe the element: no such element: Unable to locate element: {"method":"xpath","selector":"//input[@placeholder='Type for hints...']"}
  (Session info: chrome=152.0.7977.84)
For documentation on this error, please visit: https://www.selenium.dev/documentation/webdriver/troubleshooting/errors#nosuchelementexception
Build info: version: '4.49.0', revision: 'bedb24f bedb24f6f703876e7e4c5d506f0d697eb358c720'
System info: os.name: 'Windows 10', os.arch: 'amd64', os.version: '10.0', java.version: '17'
Driver info: org.openqa.selenium.chrome.ChromeDriver
Command: [86c516d4f08c127e9efc623f606fc589, findElement {using=xpath, value=//input[@placeholder='Type for hints...']}]
Capabilities {acceptInsecureCerts: false, browserName: chrome, browserVersion: 152.0.7977.84, chrome: {chromedriverVersion: 152.0.7977.82 (d04cdb24d67b..., userDataDir: C:\Users\chaker\AppData\Loc...}, fedcm:accounts: true, goog:chromeOptions: {debuggerAddress: localhost:60849}, goog:processID: 19308, networkConnectionEnabled: false, pageLoadStrategy: normal, platformName: windows, proxy: Proxy(), se:cdp: ws://localhost:60849/devtoo..., se:cdpVersion: 152.0.7977.84, setWindowRect: true, strictFileInteractability: false, timeouts: {implicit: 0, pageLoad: 300000, script: 30000}, unhandledPromptBehavior: dismiss and notify, webauthn:extension:credBlob: true, webauthn:extension:largeBlob: true, webauthn:extension:minPinLength: true, webauthn:extension:prf: true, webauthn:virtualAuthenticators: true}
Session ID: 86c516d4f08c127e9efc623f606fc589
2026-09-14 11:47:21 [TestNG-test-OrangeHRM Test 1-3] ERROR ActionDriver - This Element is not visible: Expected condition failed: waiting for visibility of element found by By.cssSelector: body > div:nth-child(3) > div:nth-child(1) > div:nth-child(1) > aside:nth-child(1) > nav:nth-child(1) > div:nth-child(2) > ul:nth-child(2) > li:nth-child(1) > a:nth-child(1) > span:nth-child(2)
(tried for 25 seconds with 500 milliseconds interval)
Build info: version: '4.49.0', revision: 'bedb24f bedb24f6f703876e7e4c5d506f0d697eb358c720'
System info: os.name: 'Windows 10', os.arch: 'amd64', os.version: '10.0', java.version: '17'
Driver info: org.openqa.selenium.chrome.ChromeDriver
Capabilities {acceptInsecureCerts: false, browserName: chrome, browserVersion: 152.0.7977.84, chrome: {chromedriverVersion: 152.0.7977.82 (d04cdb24d67b..., userDataDir: C:\Users\chaker\AppData\Loc...}, fedcm:accounts: true, goog:chromeOptions: {debuggerAddress: localhost:53630}, goog:processID: 18500, networkConnectionEnabled: false, pageLoadStrategy: normal, platformName: windows, proxy: Proxy(), se:cdp: ws://localhost:53630/devtoo..., se:cdpVersion: 152.0.7977.84, setWindowRect: true, strictFileInteractability: false, timeouts: {implicit: 0, pageLoad: 300000, script: 30000}, unhandledPromptBehavior: dismiss and notify, webauthn:extension:credBlob: true, webauthn:extension:largeBlob: true, webauthn:extension:minPinLength: true, webauthn:extension:prf: true, webauthn:virtualAuthenticators: true}
Session ID: 53803ed08b4d550621b3e0fc35057588
2026-09-14 11:47:21 [TestNG-test-OrangeHRM Test 1-4] ERROR ActionDriver - This Element is not visible: Expected condition failed: waiting for visibility of element found by By.cssSelector: body > div:nth-child(3) > div:nth-child(1) > div:nth-child(1) > aside:nth-child(1) > nav:nth-child(1) > div:nth-child(2) > ul:nth-child(2) > li:nth-child(1) > a:nth-child(1) > span:nth-child(2)
(tried for 25 seconds with 500 milliseconds interval)
Build info: version: '4.49.0', revision: 'bedb24f bedb24f6f703876e7e4c5d506f0d697eb358c720'
System info: os.name: 'Windows 10', os.arch: 'amd64', os.version: '10.0', java.version: '17'
Driver info: org.openqa.selenium.chrome.ChromeDriver
Capabilities {acceptInsecureCerts: false, browserName: chrome, browserVersion: 152.0.7977.84, chrome: {chromedriverVersion: 152.0.7977.82 (d04cdb24d67b..., userDataDir: C:\Users\chaker\AppData\Loc...}, fedcm:accounts: true, goog:chromeOptions: {debuggerAddress: localhost:54910}, goog:processID: 25628, networkConnectionEnabled: false, pageLoadStrategy: normal, platformName: windows, proxy: Proxy(), se:cdp: ws://localhost:54910/devtoo..., se:cdpVersion: 152.0.7977.84, setWindowRect: true, strictFileInteractability: false, timeouts: {implicit: 0, pageLoad: 300000, script: 30000}, unhandledPromptBehavior: dismiss and notify, webauthn:extension:credBlob: true, webauthn:extension:largeBlob: true, webauthn:extension:minPinLength: true, webauthn:extension:prf: true, webauthn:virtualAuthenticators: true}
Session ID: 022b25849e8d0ef3aae8a9aac5b35734
2026-09-14 11:47:35 [TestNG-test-OrangeHRM Test 1-1] ERROR ActionDriver - Error when try to apply color in a border: no such element: Unable to locate element: {"method":"xpath","selector":"//input[@placeholder='Type for hints...']"}
  (Session info: chrome=152.0.7977.84)
For documentation on this error, please visit: https://www.selenium.dev/documentation/webdriver/troubleshooting/errors#nosuchelementexception
Build info: version: '4.49.0', revision: 'bedb24f bedb24f6f703876e7e4c5d506f0d697eb358c720'
System info: os.name: 'Windows 10', os.arch: 'amd64', os.version: '10.0', java.version: '17'
Driver info: org.openqa.selenium.chrome.ChromeDriver
Command: [86c516d4f08c127e9efc623f606fc589, findElement {using=xpath, value=//input[@placeholder='Type for hints...']}]
Capabilities {acceptInsecureCerts: false, browserName: chrome, browserVersion: 152.0.7977.84, chrome: {chromedriverVersion: 152.0.7977.82 (d04cdb24d67b..., userDataDir: C:\Users\chaker\AppData\Loc...}, fedcm:accounts: true, goog:chromeOptions: {debuggerAddress: localhost:60849}, goog:processID: 19308, networkConnectionEnabled: false, pageLoadStrategy: normal, platformName: windows, proxy: Proxy(), se:cdp: ws://localhost:60849/devtoo..., se:cdpVersion: 152.0.7977.84, setWindowRect: true, strictFileInteractability: false, timeouts: {implicit: 0, pageLoad: 300000, script: 30000}, unhandledPromptBehavior: dismiss and notify, webauthn:extension:credBlob: true, webauthn:extension:largeBlob: true, webauthn:extension:minPinLength: true, webauthn:extension:prf: true, webauthn:virtualAuthenticators: true}
Session ID: 86c516d4f08c127e9efc623f606fc589
2026-09-14 11:47:37 [TestNG-test-OrangeHRM Test 1-2] ERROR ActionDriver - This Element is not visible: Expected condition failed: waiting for visibility of element found by By.xpath: //div[@class='oxd-brand-banner']//img
(tried for 25 seconds with 500 milliseconds interval)
Build info: version: '4.49.0', revision: 'bedb24f bedb24f6f703876e7e4c5d506f0d697eb358c720'
System info: os.name: 'Windows 10', os.arch: 'amd64', os.version: '10.0', java.version: '17'
Driver info: org.openqa.selenium.chrome.ChromeDriver
Capabilities {acceptInsecureCerts: false, browserName: chrome, browserVersion: 152.0.7977.84, chrome: {chromedriverVersion: 152.0.7977.82 (d04cdb24d67b..., userDataDir: C:\Users\chaker\AppData\Loc...}, fedcm:accounts: true, goog:chromeOptions: {debuggerAddress: localhost:55950}, goog:processID: 28240, networkConnectionEnabled: false, pageLoadStrategy: normal, platformName: windows, proxy: Proxy(), se:cdp: ws://localhost:55950/devtoo..., se:cdpVersion: 152.0.7977.84, setWindowRect: true, strictFileInteractability: false, timeouts: {implicit: 0, pageLoad: 300000, script: 30000}, unhandledPromptBehavior: dismiss and notify, webauthn:extension:credBlob: true, webauthn:extension:largeBlob: true, webauthn:extension:minPinLength: true, webauthn:extension:prf: true, webauthn:virtualAuthenticators: true}
Session ID: 8ded1310173bae126aa602dde009baf4
2026-09-14 11:48:02 [TestNG-test-OrangeHRM Test 1-3] ERROR ActionDriver - This Element is not visible: Expected condition failed: waiting for visibility of element found by By.cssSelector: body > div:nth-child(3) > div:nth-child(1) > div:nth-child(1) > aside:nth-child(1) > nav:nth-child(1) > div:nth-child(2) > ul:nth-child(2) > li:nth-child(1) > a:nth-child(1) > span:nth-child(2)
(tried for 25 seconds with 500 milliseconds interval)
Build info: version: '4.49.0', revision: 'bedb24f bedb24f6f703876e7e4c5d506f0d697eb358c720'
System info: os.name: 'Windows 10', os.arch: 'amd64', os.version: '10.0', java.version: '17'
Driver info: org.openqa.selenium.chrome.ChromeDriver
Capabilities {acceptInsecureCerts: false, browserName: chrome, browserVersion: 152.0.7977.84, chrome: {chromedriverVersion: 152.0.7977.82 (d04cdb24d67b..., userDataDir: C:\Users\chaker\AppData\Loc...}, fedcm:accounts: true, goog:chromeOptions: {debuggerAddress: localhost:56738}, goog:processID: 712, networkConnectionEnabled: false, pageLoadStrategy: normal, platformName: windows, proxy: Proxy(), se:cdp: ws://localhost:56738/devtoo..., se:cdpVersion: 152.0.7977.84, setWindowRect: true, strictFileInteractability: false, timeouts: {implicit: 0, pageLoad: 300000, script: 30000}, unhandledPromptBehavior: dismiss and notify, webauthn:extension:credBlob: true, webauthn:extension:largeBlob: true, webauthn:extension:minPinLength: true, webauthn:extension:prf: true, webauthn:virtualAuthenticators: true}
Session ID: c106b908adb327a9b69a2e07e6b39097
2026-09-14 11:48:02 [TestNG-test-OrangeHRM Test 1-4] ERROR ActionDriver - This Element is not visible: Expected condition failed: waiting for visibility of element found by By.cssSelector: body > div:nth-child(3) > div:nth-child(1) > div:nth-child(1) > aside:nth-child(1) > nav:nth-child(1) > div:nth-child(2) > ul:nth-child(2) > li:nth-child(1) > a:nth-child(1) > span:nth-child(2)
(tried for 25 seconds with 500 milliseconds interval)
Build info: version: '4.49.0', revision: 'bedb24f bedb24f6f703876e7e4c5d506f0d697eb358c720'
System info: os.name: 'Windows 10', os.arch: 'amd64', os.version: '10.0', java.version: '17'
Driver info: org.openqa.selenium.chrome.ChromeDriver
Capabilities {acceptInsecureCerts: false, browserName: chrome, browserVersion: 152.0.7977.84, chrome: {chromedriverVersion: 152.0.7977.82 (d04cdb24d67b..., userDataDir: C:\Users\chaker\AppData\Loc...}, fedcm:accounts: true, goog:chromeOptions: {debuggerAddress: localhost:56737}, goog:processID: 31040, networkConnectionEnabled: false, pageLoadStrategy: normal, platformName: windows, proxy: Proxy(), se:cdp: ws://localhost:56737/devtoo..., se:cdpVersion: 152.0.7977.84, setWindowRect: true, strictFileInteractability: false, timeouts: {implicit: 0, pageLoad: 300000, script: 30000}, unhandledPromptBehavior: dismiss and notify, webauthn:extension:credBlob: true, webauthn:extension:largeBlob: true, webauthn:extension:minPinLength: true, webauthn:extension:prf: true, webauthn:virtualAuthenticators: true}
Session ID: 04eee71fbaf71db5e8e73589bb29b5ed
2026-09-14 11:48:06 [TestNG-test-OrangeHRM Test 1-1] ERROR ActionDriver - This Element is not visible: Expected condition failed: waiting for visibility of element found by By.xpath: //input[@placeholder='Type for hints...'], but... org.openqa.selenium.NoSuchElementException: no such element: Unable to locate element: {"method":"xpath","selector":"//input[@placeholder='Type for hints...']"}.
(tried for 25 seconds with 500 milliseconds interval)
Build info: version: '4.49.0', revision: 'bedb24f bedb24f6f703876e7e4c5d506f0d697eb358c720'
System info: os.name: 'Windows 10', os.arch: 'amd64', os.version: '10.0', java.version: '17'
Driver info: org.openqa.selenium.chrome.ChromeDriver
Capabilities {acceptInsecureCerts: false, browserName: chrome, browserVersion: 152.0.7977.84, chrome: {chromedriverVersion: 152.0.7977.82 (d04cdb24d67b..., userDataDir: C:\Users\chaker\AppData\Loc...}, fedcm:accounts: true, goog:chromeOptions: {debuggerAddress: localhost:60849}, goog:processID: 19308, networkConnectionEnabled: false, pageLoadStrategy: normal, platformName: windows, proxy: Proxy(), se:cdp: ws://localhost:60849/devtoo..., se:cdpVersion: 152.0.7977.84, setWindowRect: true, strictFileInteractability: false, timeouts: {implicit: 0, pageLoad: 300000, script: 30000}, unhandledPromptBehavior: dismiss and notify, webauthn:extension:credBlob: true, webauthn:extension:largeBlob: true, webauthn:extension:minPinLength: true, webauthn:extension:prf: true, webauthn:virtualAuthenticators: true}
Session ID: 86c516d4f08c127e9efc623f606fc589
2026-09-14 11:48:21 [TestNG-test-OrangeHRM Test 1-2] ERROR ActionDriver - This Element is not visible: Expected condition failed: waiting for visibility of element found by By.xpath: //div[@class='oxd-brand-banner']//img
(tried for 25 seconds with 500 milliseconds interval)
Build info: version: '4.49.0', revision: 'bedb24f bedb24f6f703876e7e4c5d506f0d697eb358c720'
System info: os.name: 'Windows 10', os.arch: 'amd64', os.version: '10.0', java.version: '17'
Driver info: org.openqa.selenium.chrome.ChromeDriver
Capabilities {acceptInsecureCerts: false, browserName: chrome, browserVersion: 152.0.7977.84, chrome: {chromedriverVersion: 152.0.7977.82 (d04cdb24d67b..., userDataDir: C:\Users\chaker\AppData\Loc...}, fedcm:accounts: true, goog:chromeOptions: {debuggerAddress: localhost:50848}, goog:processID: 29572, networkConnectionEnabled: false, pageLoadStrategy: normal, platformName: windows, proxy: Proxy(), se:cdp: ws://localhost:50848/devtoo..., se:cdpVersion: 152.0.7977.84, setWindowRect: true, strictFileInteractability: false, timeouts: {implicit: 0, pageLoad: 300000, script: 30000}, unhandledPromptBehavior: dismiss and notify, webauthn:extension:credBlob: true, webauthn:extension:largeBlob: true, webauthn:extension:minPinLength: true, webauthn:extension:prf: true, webauthn:virtualAuthenticators: true}
Session ID: 97d63273c4b339c2a5d903fbaca28dd8
2026-09-14 11:48:36 [TestNG-test-OrangeHRM Test 1-1] ERROR ActionDriver - Error when try to apply color in a border: no such element: Unable to locate element: {"method":"xpath","selector":"//input[@placeholder='Type for hints...']"}
  (Session info: chrome=152.0.7977.84)
For documentation on this error, please visit: https://www.selenium.dev/documentation/webdriver/troubleshooting/errors#nosuchelementexception
Build info: version: '4.49.0', revision: 'bedb24f bedb24f6f703876e7e4c5d506f0d697eb358c720'
System info: os.name: 'Windows 10', os.arch: 'amd64', os.version: '10.0', java.version: '17'
Driver info: org.openqa.selenium.chrome.ChromeDriver
Command: [86c516d4f08c127e9efc623f606fc589, findElement {using=xpath, value=//input[@placeholder='Type for hints...']}]
Capabilities {acceptInsecureCerts: false, browserName: chrome, browserVersion: 152.0.7977.84, chrome: {chromedriverVersion: 152.0.7977.82 (d04cdb24d67b..., userDataDir: C:\Users\chaker\AppData\Loc...}, fedcm:accounts: true, goog:chromeOptions: {debuggerAddress: localhost:60849}, goog:processID: 19308, networkConnectionEnabled: false, pageLoadStrategy: normal, platformName: windows, proxy: Proxy(), se:cdp: ws://localhost:60849/devtoo..., se:cdpVersion: 152.0.7977.84, setWindowRect: true, strictFileInteractability: false, timeouts: {implicit: 0, pageLoad: 300000, script: 30000}, unhandledPromptBehavior: dismiss and notify, webauthn:extension:credBlob: true, webauthn:extension:largeBlob: true, webauthn:extension:minPinLength: true, webauthn:extension:prf: true, webauthn:virtualAuthenticators: true}
Session ID: 86c516d4f08c127e9efc623f606fc589
2026-09-14 11:48:36 [TestNG-test-OrangeHRM Test 1-1] ERROR ActionDriver - Element is not entered: no such element: Unable to locate element: {"method":"xpath","selector":"//input[@placeholder='Type for hints...']"}
  (Session info: chrome=152.0.7977.84)
For documentation on this error, please visit: https://www.selenium.dev/documentation/webdriver/troubleshooting/errors#nosuchelementexception
Build info: version: '4.49.0', revision: 'bedb24f bedb24f6f703876e7e4c5d506f0d697eb358c720'
System info: os.name: 'Windows 10', os.arch: 'amd64', os.version: '10.0', java.version: '17'
Driver info: org.openqa.selenium.chrome.ChromeDriver
Command: [86c516d4f08c127e9efc623f606fc589, findElement {using=xpath, value=//input[@placeholder='Type for hints...']}]
Capabilities {acceptInsecureCerts: false, browserName: chrome, browserVersion: 152.0.7977.84, chrome: {chromedriverVersion: 152.0.7977.82 (d04cdb24d67b..., userDataDir: C:\Users\chaker\AppData\Loc...}, fedcm:accounts: true, goog:chromeOptions: {debuggerAddress: localhost:60849}, goog:processID: 19308, networkConnectionEnabled: false, pageLoadStrategy: normal, platformName: windows, proxy: Proxy(), se:cdp: ws://localhost:60849/devtoo..., se:cdpVersion: 152.0.7977.84, setWindowRect: true, strictFileInteractability: false, timeouts: {implicit: 0, pageLoad: 300000, script: 30000}, unhandledPromptBehavior: dismiss and notify, webauthn:extension:credBlob: true, webauthn:extension:largeBlob: true, webauthn:extension:minPinLength: true, webauthn:extension:prf: true, webauthn:virtualAuthenticators: true}
Session ID: 86c516d4f08c127e9efc623f606fc589
2026-09-14 11:48:37 [TestNG-test-OrangeHRM Test 1-3] ERROR ActionDriver - This Element is not visible: Expected condition failed: waiting for visibility of element found by By.cssSelector: body > div:nth-child(3) > div:nth-child(1) > div:nth-child(1) > aside:nth-child(1) > nav:nth-child(1) > div:nth-child(2) > ul:nth-child(2) > li:nth-child(1) > a:nth-child(1) > span:nth-child(2)
(tried for 25 seconds with 500 milliseconds interval)
Build info: version: '4.49.0', revision: 'bedb24f bedb24f6f703876e7e4c5d506f0d697eb358c720'
System info: os.name: 'Windows 10', os.arch: 'amd64', os.version: '10.0', java.version: '17'
Driver info: org.openqa.selenium.chrome.ChromeDriver
Capabilities {acceptInsecureCerts: false, browserName: chrome, browserVersion: 152.0.7977.84, chrome: {chromedriverVersion: 152.0.7977.82 (d04cdb24d67b..., userDataDir: C:\Users\chaker\AppData\Loc...}, fedcm:accounts: true, goog:chromeOptions: {debuggerAddress: localhost:59845}, goog:processID: 22420, networkConnectionEnabled: false, pageLoadStrategy: normal, platformName: windows, proxy: Proxy(), se:cdp: ws://localhost:59845/devtoo..., se:cdpVersion: 152.0.7977.84, setWindowRect: true, strictFileInteractability: false, timeouts: {implicit: 0, pageLoad: 300000, script: 30000}, unhandledPromptBehavior: dismiss and notify, webauthn:extension:credBlob: true, webauthn:extension:largeBlob: true, webauthn:extension:minPinLength: true, webauthn:extension:prf: true, webauthn:virtualAuthenticators: true}
Session ID: 1859f5312e1556192f673a538930c28b
2026-09-14 11:48:37 [TestNG-test-OrangeHRM Test 1-4] ERROR ActionDriver - This Element is not visible: Expected condition failed: waiting for visibility of element found by By.cssSelector: body > div:nth-child(3) > div:nth-child(1) > div:nth-child(1) > aside:nth-child(1) > nav:nth-child(1) > div:nth-child(2) > ul:nth-child(2) > li:nth-child(1) > a:nth-child(1) > span:nth-child(2)
(tried for 25 seconds with 500 milliseconds interval)
Build info: version: '4.49.0', revision: 'bedb24f bedb24f6f703876e7e4c5d506f0d697eb358c720'
System info: os.name: 'Windows 10', os.arch: 'amd64', os.version: '10.0', java.version: '17'
Driver info: org.openqa.selenium.chrome.ChromeDriver
Capabilities {acceptInsecureCerts: false, browserName: chrome, browserVersion: 152.0.7977.84, chrome: {chromedriverVersion: 152.0.7977.82 (d04cdb24d67b..., userDataDir: C:\Users\chaker\AppData\Loc...}, fedcm:accounts: true, goog:chromeOptions: {debuggerAddress: localhost:57325}, goog:processID: 5512, networkConnectionEnabled: false, pageLoadStrategy: normal, platformName: windows, proxy: Proxy(), se:cdp: ws://localhost:57325/devtoo..., se:cdpVersion: 152.0.7977.84, setWindowRect: true, strictFileInteractability: false, timeouts: {implicit: 0, pageLoad: 300000, script: 30000}, unhandledPromptBehavior: dismiss and notify, webauthn:extension:credBlob: true, webauthn:extension:largeBlob: true, webauthn:extension:minPinLength: true, webauthn:extension:prf: true, webauthn:virtualAuthenticators: true}
Session ID: 0633bf9734a3823c204d77e485ecf66b
2026-09-14 11:48:51 [TestNG-test-OrangeHRM Test 1-1] ERROR ActionDriver - Unable to describe the element: no such element: Unable to locate element: {"method":"xpath","selector":"//button[normalize-space()='Search']"}
  (Session info: chrome=152.0.7977.84)
For documentation on this error, please visit: https://www.selenium.dev/documentation/webdriver/troubleshooting/errors#nosuchelementexception
Build info: version: '4.49.0', revision: 'bedb24f bedb24f6f703876e7e4c5d506f0d697eb358c720'
System info: os.name: 'Windows 10', os.arch: 'amd64', os.version: '10.0', java.version: '17'
Driver info: org.openqa.selenium.chrome.ChromeDriver
Command: [86c516d4f08c127e9efc623f606fc589, findElement {using=xpath, value=//button[normalize-space()='Search']}]
Capabilities {acceptInsecureCerts: false, browserName: chrome, browserVersion: 152.0.7977.84, chrome: {chromedriverVersion: 152.0.7977.82 (d04cdb24d67b..., userDataDir: C:\Users\chaker\AppData\Loc...}, fedcm:accounts: true, goog:chromeOptions: {debuggerAddress: localhost:60849}, goog:processID: 19308, networkConnectionEnabled: false, pageLoadStrategy: normal, platformName: windows, proxy: Proxy(), se:cdp: ws://localhost:60849/devtoo..., se:cdpVersion: 152.0.7977.84, setWindowRect: true, strictFileInteractability: false, timeouts: {implicit: 0, pageLoad: 300000, script: 30000}, unhandledPromptBehavior: dismiss and notify, webauthn:extension:credBlob: true, webauthn:extension:largeBlob: true, webauthn:extension:minPinLength: true, webauthn:extension:prf: true, webauthn:virtualAuthenticators: true}
Session ID: 86c516d4f08c127e9efc623f606fc589
2026-09-14 11:49:06 [TestNG-test-OrangeHRM Test 1-1] ERROR ActionDriver - Error when try to apply color in a border: no such element: Unable to locate element: {"method":"xpath","selector":"//button[normalize-space()='Search']"}
  (Session info: chrome=152.0.7977.84)
For documentation on this error, please visit: https://www.selenium.dev/documentation/webdriver/troubleshooting/errors#nosuchelementexception
Build info: version: '4.49.0', revision: 'bedb24f bedb24f6f703876e7e4c5d506f0d697eb358c720'
System info: os.name: 'Windows 10', os.arch: 'amd64', os.version: '10.0', java.version: '17'
Driver info: org.openqa.selenium.chrome.ChromeDriver
Command: [86c516d4f08c127e9efc623f606fc589, findElement {using=xpath, value=//button[normalize-space()='Search']}]
Capabilities {acceptInsecureCerts: false, browserName: chrome, browserVersion: 152.0.7977.84, chrome: {chromedriverVersion: 152.0.7977.82 (d04cdb24d67b..., userDataDir: C:\Users\chaker\AppData\Loc...}, fedcm:accounts: true, goog:chromeOptions: {debuggerAddress: localhost:60849}, goog:processID: 19308, networkConnectionEnabled: false, pageLoadStrategy: normal, platformName: windows, proxy: Proxy(), se:cdp: ws://localhost:60849/devtoo..., se:cdpVersion: 152.0.7977.84, setWindowRect: true, strictFileInteractability: false, timeouts: {implicit: 0, pageLoad: 300000, script: 30000}, unhandledPromptBehavior: dismiss and notify, webauthn:extension:credBlob: true, webauthn:extension:largeBlob: true, webauthn:extension:minPinLength: true, webauthn:extension:prf: true, webauthn:virtualAuthenticators: true}
Session ID: 86c516d4f08c127e9efc623f606fc589
2026-09-14 11:49:37 [TestNG-test-OrangeHRM Test 1-1] ERROR ActionDriver - This Element is not clickable: Expected condition failed: waiting for element found by By.xpath: //button[normalize-space()='Search'] to be clickable, but the element was not found: org.openqa.selenium.NoSuchElementException: no such element: Unable to locate element: {"method":"xpath","selector":"//button[normalize-space()='Search']"}.
(tried for 25 seconds with 500 milliseconds interval)
Build info: version: '4.49.0', revision: 'bedb24f bedb24f6f703876e7e4c5d506f0d697eb358c720'
System info: os.name: 'Windows 10', os.arch: 'amd64', os.version: '10.0', java.version: '17'
Driver info: org.openqa.selenium.chrome.ChromeDriver
Capabilities {acceptInsecureCerts: false, browserName: chrome, browserVersion: 152.0.7977.84, chrome: {chromedriverVersion: 152.0.7977.82 (d04cdb24d67b..., userDataDir: C:\Users\chaker\AppData\Loc...}, fedcm:accounts: true, goog:chromeOptions: {debuggerAddress: localhost:60849}, goog:processID: 19308, networkConnectionEnabled: false, pageLoadStrategy: normal, platformName: windows, proxy: Proxy(), se:cdp: ws://localhost:60849/devtoo..., se:cdpVersion: 152.0.7977.84, setWindowRect: true, strictFileInteractability: false, timeouts: {implicit: 0, pageLoad: 300000, script: 30000}, unhandledPromptBehavior: dismiss and notify, webauthn:extension:credBlob: true, webauthn:extension:largeBlob: true, webauthn:extension:minPinLength: true, webauthn:extension:prf: true, webauthn:virtualAuthenticators: true}
Session ID: 86c516d4f08c127e9efc623f606fc589
2026-09-14 11:50:07 [TestNG-test-OrangeHRM Test 1-1] ERROR ActionDriver - Error when try to apply color in a border: no such element: Unable to locate element: {"method":"xpath","selector":"//button[normalize-space()='Search']"}
  (Session info: chrome=152.0.7977.84)
For documentation on this error, please visit: https://www.selenium.dev/documentation/webdriver/troubleshooting/errors#nosuchelementexception
Build info: version: '4.49.0', revision: 'bedb24f bedb24f6f703876e7e4c5d506f0d697eb358c720'
System info: os.name: 'Windows 10', os.arch: 'amd64', os.version: '10.0', java.version: '17'
Driver info: org.openqa.selenium.chrome.ChromeDriver
Command: [86c516d4f08c127e9efc623f606fc589, findElement {using=xpath, value=//button[normalize-space()='Search']}]
Capabilities {acceptInsecureCerts: false, browserName: chrome, browserVersion: 152.0.7977.84, chrome: {chromedriverVersion: 152.0.7977.82 (d04cdb24d67b..., userDataDir: C:\Users\chaker\AppData\Loc...}, fedcm:accounts: true, goog:chromeOptions: {debuggerAddress: localhost:60849}, goog:processID: 19308, networkConnectionEnabled: false, pageLoadStrategy: normal, platformName: windows, proxy: Proxy(), se:cdp: ws://localhost:60849/devtoo..., se:cdpVersion: 152.0.7977.84, setWindowRect: true, strictFileInteractability: false, timeouts: {implicit: 0, pageLoad: 300000, script: 30000}, unhandledPromptBehavior: dismiss and notify, webauthn:extension:credBlob: true, webauthn:extension:largeBlob: true, webauthn:extension:minPinLength: true, webauthn:extension:prf: true, webauthn:virtualAuthenticators: true}
Session ID: 86c516d4f08c127e9efc623f606fc589
2026-09-14 11:50:07 [TestNG-test-OrangeHRM Test 1-1] ERROR ActionDriver - Element is not clickable: no such element: Unable to locate element: {"method":"xpath","selector":"//button[normalize-space()='Search']"}
  (Session info: chrome=152.0.7977.84)
For documentation on this error, please visit: https://www.selenium.dev/documentation/webdriver/troubleshooting/errors#nosuchelementexception
Build info: version: '4.49.0', revision: 'bedb24f bedb24f6f703876e7e4c5d506f0d697eb358c720'
System info: os.name: 'Windows 10', os.arch: 'amd64', os.version: '10.0', java.version: '17'
Driver info: org.openqa.selenium.chrome.ChromeDriver
Command: [86c516d4f08c127e9efc623f606fc589, findElement {using=xpath, value=//button[normalize-space()='Search']}]
Capabilities {acceptInsecureCerts: false, browserName: chrome, browserVersion: 152.0.7977.84, chrome: {chromedriverVersion: 152.0.7977.82 (d04cdb24d67b..., userDataDir: C:\Users\chaker\AppData\Loc...}, fedcm:accounts: true, goog:chromeOptions: {debuggerAddress: localhost:60849}, goog:processID: 19308, networkConnectionEnabled: false, pageLoadStrategy: normal, platformName: windows, proxy: Proxy(), se:cdp: ws://localhost:60849/devtoo..., se:cdpVersion: 152.0.7977.84, setWindowRect: true, strictFileInteractability: false, timeouts: {implicit: 0, pageLoad: 300000, script: 30000}, unhandledPromptBehavior: dismiss and notify, webauthn:extension:credBlob: true, webauthn:extension:largeBlob: true, webauthn:extension:minPinLength: true, webauthn:extension:prf: true, webauthn:virtualAuthenticators: true}
Session ID: 86c516d4f08c127e9efc623f606fc589
2026-09-14 11:50:37 [TestNG-test-OrangeHRM Test 1-1] ERROR ActionDriver - This Element is not visible: Expected condition failed: waiting for visibility of element found by By.xpath: //div[@class='oxd-table-card']/div/div[3], but... org.openqa.selenium.NoSuchElementException: no such element: Unable to locate element: {"method":"xpath","selector":"//div[@class='oxd-table-card']/div/div[3]"}.
(tried for 25 seconds with 500 milliseconds interval)
Build info: version: '4.49.0', revision: 'bedb24f bedb24f6f703876e7e4c5d506f0d697eb358c720'
System info: os.name: 'Windows 10', os.arch: 'amd64', os.version: '10.0', java.version: '17'
Driver info: org.openqa.selenium.chrome.ChromeDriver
Capabilities {acceptInsecureCerts: false, browserName: chrome, browserVersion: 152.0.7977.84, chrome: {chromedriverVersion: 152.0.7977.82 (d04cdb24d67b..., userDataDir: C:\Users\chaker\AppData\Loc...}, fedcm:accounts: true, goog:chromeOptions: {debuggerAddress: localhost:60849}, goog:processID: 19308, networkConnectionEnabled: false, pageLoadStrategy: normal, platformName: windows, proxy: Proxy(), se:cdp: ws://localhost:60849/devtoo..., se:cdpVersion: 152.0.7977.84, setWindowRect: true, strictFileInteractability: false, timeouts: {implicit: 0, pageLoad: 300000, script: 30000}, unhandledPromptBehavior: dismiss and notify, webauthn:extension:credBlob: true, webauthn:extension:largeBlob: true, webauthn:extension:minPinLength: true, webauthn:extension:prf: true, webauthn:virtualAuthenticators: true}
Session ID: 86c516d4f08c127e9efc623f606fc589
2026-09-14 11:51:07 [TestNG-test-OrangeHRM Test 1-1] ERROR ActionDriver - Error when try to apply color in a border: no such element: Unable to locate element: {"method":"xpath","selector":"//div[@class='oxd-table-card']/div/div[3]"}
  (Session info: chrome=152.0.7977.84)
For documentation on this error, please visit: https://www.selenium.dev/documentation/webdriver/troubleshooting/errors#nosuchelementexception
Build info: version: '4.49.0', revision: 'bedb24f bedb24f6f703876e7e4c5d506f0d697eb358c720'
System info: os.name: 'Windows 10', os.arch: 'amd64', os.version: '10.0', java.version: '17'
Driver info: org.openqa.selenium.chrome.ChromeDriver
Command: [86c516d4f08c127e9efc623f606fc589, findElement {using=xpath, value=//div[@class='oxd-table-card']/div/div[3]}]
Capabilities {acceptInsecureCerts: false, browserName: chrome, browserVersion: 152.0.7977.84, chrome: {chromedriverVersion: 152.0.7977.82 (d04cdb24d67b..., userDataDir: C:\Users\chaker\AppData\Loc...}, fedcm:accounts: true, goog:chromeOptions: {debuggerAddress: localhost:60849}, goog:processID: 19308, networkConnectionEnabled: false, pageLoadStrategy: normal, platformName: windows, proxy: Proxy(), se:cdp: ws://localhost:60849/devtoo..., se:cdpVersion: 152.0.7977.84, setWindowRect: true, strictFileInteractability: false, timeouts: {implicit: 0, pageLoad: 300000, script: 30000}, unhandledPromptBehavior: dismiss and notify, webauthn:extension:credBlob: true, webauthn:extension:largeBlob: true, webauthn:extension:minPinLength: true, webauthn:extension:prf: true, webauthn:virtualAuthenticators: true}
Session ID: 86c516d4f08c127e9efc623f606fc589
2026-09-14 11:51:07 [TestNG-test-OrangeHRM Test 1-1] ERROR ActionDriver - Element to scroll is not visible: no such element: Unable to locate element: {"method":"xpath","selector":"//div[@class='oxd-table-card']/div/div[3]"}
  (Session info: chrome=152.0.7977.84)
For documentation on this error, please visit: https://www.selenium.dev/documentation/webdriver/troubleshooting/errors#nosuchelementexception
Build info: version: '4.49.0', revision: 'bedb24f bedb24f6f703876e7e4c5d506f0d697eb358c720'
System info: os.name: 'Windows 10', os.arch: 'amd64', os.version: '10.0', java.version: '17'
Driver info: org.openqa.selenium.chrome.ChromeDriver
Command: [86c516d4f08c127e9efc623f606fc589, findElement {using=xpath, value=//div[@class='oxd-table-card']/div/div[3]}]
Capabilities {acceptInsecureCerts: false, browserName: chrome, browserVersion: 152.0.7977.84, chrome: {chromedriverVersion: 152.0.7977.82 (d04cdb24d67b..., userDataDir: C:\Users\chaker\AppData\Loc...}, fedcm:accounts: true, goog:chromeOptions: {debuggerAddress: localhost:60849}, goog:processID: 19308, networkConnectionEnabled: false, pageLoadStrategy: normal, platformName: windows, proxy: Proxy(), se:cdp: ws://localhost:60849/devtoo..., se:cdpVersion: 152.0.7977.84, setWindowRect: true, strictFileInteractability: false, timeouts: {implicit: 0, pageLoad: 300000, script: 30000}, unhandledPromptBehavior: dismiss and notify, webauthn:extension:credBlob: true, webauthn:extension:largeBlob: true, webauthn:extension:minPinLength: true, webauthn:extension:prf: true, webauthn:virtualAuthenticators: true}
Session ID: 86c516d4f08c127e9efc623f606fc589
2026-09-14 11:51:40 [TestNG-test-OrangeHRM Test 1-1] ERROR ActionDriver - This Element is not visible: Expected condition failed: waiting for visibility of element found by By.xpath: //div[@class='oxd-table-card']/div/div[3], but... org.openqa.selenium.NoSuchElementException: no such element: Unable to locate element: {"method":"xpath","selector":"//div[@class='oxd-table-card']/div/div[3]"}.
(tried for 25 seconds with 500 milliseconds interval)
Build info: version: '4.49.0', revision: 'bedb24f bedb24f6f703876e7e4c5d506f0d697eb358c720'
System info: os.name: 'Windows 10', os.arch: 'amd64', os.version: '10.0', java.version: '17'
Driver info: org.openqa.selenium.chrome.ChromeDriver
Capabilities {acceptInsecureCerts: false, browserName: chrome, browserVersion: 152.0.7977.84, chrome: {chromedriverVersion: 152.0.7977.82 (d04cdb24d67b..., userDataDir: C:\Users\chaker\AppData\Loc...}, fedcm:accounts: true, goog:chromeOptions: {debuggerAddress: localhost:60849}, goog:processID: 19308, networkConnectionEnabled: false, pageLoadStrategy: normal, platformName: windows, proxy: Proxy(), se:cdp: ws://localhost:60849/devtoo..., se:cdpVersion: 152.0.7977.84, setWindowRect: true, strictFileInteractability: false, timeouts: {implicit: 0, pageLoad: 300000, script: 30000}, unhandledPromptBehavior: dismiss and notify, webauthn:extension:credBlob: true, webauthn:extension:largeBlob: true, webauthn:extension:minPinLength: true, webauthn:extension:prf: true, webauthn:virtualAuthenticators: true}
Session ID: 86c516d4f08c127e9efc623f606fc589
2026-09-14 11:52:10 [TestNG-test-OrangeHRM Test 1-1] ERROR ActionDriver - Error when try to apply color in a border: no such element: Unable to locate element: {"method":"xpath","selector":"//div[@class='oxd-table-card']/div/div[3]"}
  (Session info: chrome=152.0.7977.84)
For documentation on this error, please visit: https://www.selenium.dev/documentation/webdriver/troubleshooting/errors#nosuchelementexception
Build info: version: '4.49.0', revision: 'bedb24f bedb24f6f703876e7e4c5d506f0d697eb358c720'
System info: os.name: 'Windows 10', os.arch: 'amd64', os.version: '10.0', java.version: '17'
Driver info: org.openqa.selenium.chrome.ChromeDriver
Command: [86c516d4f08c127e9efc623f606fc589, findElement {using=xpath, value=//div[@class='oxd-table-card']/div/div[3]}]
Capabilities {acceptInsecureCerts: false, browserName: chrome, browserVersion: 152.0.7977.84, chrome: {chromedriverVersion: 152.0.7977.82 (d04cdb24d67b..., userDataDir: C:\Users\chaker\AppData\Loc...}, fedcm:accounts: true, goog:chromeOptions: {debuggerAddress: localhost:60849}, goog:processID: 19308, networkConnectionEnabled: false, pageLoadStrategy: normal, platformName: windows, proxy: Proxy(), se:cdp: ws://localhost:60849/devtoo..., se:cdpVersion: 152.0.7977.84, setWindowRect: true, strictFileInteractability: false, timeouts: {implicit: 0, pageLoad: 300000, script: 30000}, unhandledPromptBehavior: dismiss and notify, webauthn:extension:credBlob: true, webauthn:extension:largeBlob: true, webauthn:extension:minPinLength: true, webauthn:extension:prf: true, webauthn:virtualAuthenticators: true}
Session ID: 86c516d4f08c127e9efc623f606fc589
2026-09-14 11:52:10 [TestNG-test-OrangeHRM Test 1-1] ERROR ActionDriver - Element compared is not visible: no such element: Unable to locate element: {"method":"xpath","selector":"//div[@class='oxd-table-card']/div/div[3]"}
  (Session info: chrome=152.0.7977.84)
For documentation on this error, please visit: https://www.selenium.dev/documentation/webdriver/troubleshooting/errors#nosuchelementexception
Build info: version: '4.49.0', revision: 'bedb24f bedb24f6f703876e7e4c5d506f0d697eb358c720'
System info: os.name: 'Windows 10', os.arch: 'amd64', os.version: '10.0', java.version: '17'
Driver info: org.openqa.selenium.chrome.ChromeDriver
Command: [86c516d4f08c127e9efc623f606fc589, findElement {using=xpath, value=//div[@class='oxd-table-card']/div/div[3]}]
Capabilities {acceptInsecureCerts: false, browserName: chrome, browserVersion: 152.0.7977.84, chrome: {chromedriverVersion: 152.0.7977.82 (d04cdb24d67b..., userDataDir: C:\Users\chaker\AppData\Loc...}, fedcm:accounts: true, goog:chromeOptions: {debuggerAddress: localhost:60849}, goog:processID: 19308, networkConnectionEnabled: false, pageLoadStrategy: normal, platformName: windows, proxy: Proxy(), se:cdp: ws://localhost:60849/devtoo..., se:cdpVersion: 152.0.7977.84, setWindowRect: true, strictFileInteractability: false, timeouts: {implicit: 0, pageLoad: 300000, script: 30000}, unhandledPromptBehavior: dismiss and notify, webauthn:extension:credBlob: true, webauthn:extension:largeBlob: true, webauthn:extension:minPinLength: true, webauthn:extension:prf: true, webauthn:virtualAuthenticators: true}
Session ID: 86c516d4f08c127e9efc623f606fc589
2026-09-14 11:52:41 [TestNG-test-OrangeHRM Test 1-1] ERROR ActionDriver - This Element is not visible: Expected condition failed: waiting for visibility of element found by By.xpath: //div[@class='oxd-table-card']/div/div[4], but... org.openqa.selenium.NoSuchElementException: no such element: Unable to locate element: {"method":"xpath","selector":"//div[@class='oxd-table-card']/div/div[4]"}.
(tried for 25 seconds with 500 milliseconds interval)
Build info: version: '4.49.0', revision: 'bedb24f bedb24f6f703876e7e4c5d506f0d697eb358c720'
System info: os.name: 'Windows 10', os.arch: 'amd64', os.version: '10.0', java.version: '17'
Driver info: org.openqa.selenium.chrome.ChromeDriver
Capabilities {acceptInsecureCerts: false, browserName: chrome, browserVersion: 152.0.7977.84, chrome: {chromedriverVersion: 152.0.7977.82 (d04cdb24d67b..., userDataDir: C:\Users\chaker\AppData\Loc...}, fedcm:accounts: true, goog:chromeOptions: {debuggerAddress: localhost:60849}, goog:processID: 19308, networkConnectionEnabled: false, pageLoadStrategy: normal, platformName: windows, proxy: Proxy(), se:cdp: ws://localhost:60849/devtoo..., se:cdpVersion: 152.0.7977.84, setWindowRect: true, strictFileInteractability: false, timeouts: {implicit: 0, pageLoad: 300000, script: 30000}, unhandledPromptBehavior: dismiss and notify, webauthn:extension:credBlob: true, webauthn:extension:largeBlob: true, webauthn:extension:minPinLength: true, webauthn:extension:prf: true, webauthn:virtualAuthenticators: true}
Session ID: 86c516d4f08c127e9efc623f606fc589
2026-09-14 11:53:11 [TestNG-test-OrangeHRM Test 1-1] ERROR ActionDriver - Error when try to apply color in a border: no such element: Unable to locate element: {"method":"xpath","selector":"//div[@class='oxd-table-card']/div/div[4]"}
  (Session info: chrome=152.0.7977.84)
For documentation on this error, please visit: https://www.selenium.dev/documentation/webdriver/troubleshooting/errors#nosuchelementexception
Build info: version: '4.49.0', revision: 'bedb24f bedb24f6f703876e7e4c5d506f0d697eb358c720'
System info: os.name: 'Windows 10', os.arch: 'amd64', os.version: '10.0', java.version: '17'
Driver info: org.openqa.selenium.chrome.ChromeDriver
Command: [86c516d4f08c127e9efc623f606fc589, findElement {using=xpath, value=//div[@class='oxd-table-card']/div/div[4]}]
Capabilities {acceptInsecureCerts: false, browserName: chrome, browserVersion: 152.0.7977.84, chrome: {chromedriverVersion: 152.0.7977.82 (d04cdb24d67b..., userDataDir: C:\Users\chaker\AppData\Loc...}, fedcm:accounts: true, goog:chromeOptions: {debuggerAddress: localhost:60849}, goog:processID: 19308, networkConnectionEnabled: false, pageLoadStrategy: normal, platformName: windows, proxy: Proxy(), se:cdp: ws://localhost:60849/devtoo..., se:cdpVersion: 152.0.7977.84, setWindowRect: true, strictFileInteractability: false, timeouts: {implicit: 0, pageLoad: 300000, script: 30000}, unhandledPromptBehavior: dismiss and notify, webauthn:extension:credBlob: true, webauthn:extension:largeBlob: true, webauthn:extension:minPinLength: true, webauthn:extension:prf: true, webauthn:virtualAuthenticators: true}
Session ID: 86c516d4f08c127e9efc623f606fc589
2026-09-14 11:53:11 [TestNG-test-OrangeHRM Test 1-1] ERROR ActionDriver - Element compared is not visible: no such element: Unable to locate element: {"method":"xpath","selector":"//div[@class='oxd-table-card']/div/div[4]"}
  (Session info: chrome=152.0.7977.84)
For documentation on this error, please visit: https://www.selenium.dev/documentation/webdriver/troubleshooting/errors#nosuchelementexception
Build info: version: '4.49.0', revision: 'bedb24f bedb24f6f703876e7e4c5d506f0d697eb358c720'
System info: os.name: 'Windows 10', os.arch: 'amd64', os.version: '10.0', java.version: '17'
Driver info: org.openqa.selenium.chrome.ChromeDriver
Command: [86c516d4f08c127e9efc623f606fc589, findElement {using=xpath, value=//div[@class='oxd-table-card']/div/div[4]}]
Capabilities {acceptInsecureCerts: false, browserName: chrome, browserVersion: 152.0.7977.84, chrome: {chromedriverVersion: 152.0.7977.82 (d04cdb24d67b..., userDataDir: C:\Users\chaker\AppData\Loc...}, fedcm:accounts: true, goog:chromeOptions: {debuggerAddress: localhost:60849}, goog:processID: 19308, networkConnectionEnabled: false, pageLoadStrategy: normal, platformName: windows, proxy: Proxy(), se:cdp: ws://localhost:60849/devtoo..., se:cdpVersion: 152.0.7977.84, setWindowRect: true, strictFileInteractability: false, timeouts: {implicit: 0, pageLoad: 300000, script: 30000}, unhandledPromptBehavior: dismiss and notify, webauthn:extension:credBlob: true, webauthn:extension:largeBlob: true, webauthn:extension:minPinLength: true, webauthn:extension:prf: true, webauthn:virtualAuthenticators: true}
Session ID: 86c516d4f08c127e9efc623f606fc589
2026-09-14 11:53:48 [TestNG-test-OrangeHRM Test 1-1] ERROR ActionDriver - This Element is not clickable: Expected condition failed: waiting for element found by By.xpath: //span[text()='PIM'] to be clickable, but the element was not visible.
(tried for 25 seconds with 500 milliseconds interval)
Build info: version: '4.49.0', revision: 'bedb24f bedb24f6f703876e7e4c5d506f0d697eb358c720'
System info: os.name: 'Windows 10', os.arch: 'amd64', os.version: '10.0', java.version: '17'
Driver info: org.openqa.selenium.chrome.ChromeDriver
Capabilities {acceptInsecureCerts: false, browserName: chrome, browserVersion: 152.0.7977.84, chrome: {chromedriverVersion: 152.0.7977.82 (d04cdb24d67b..., userDataDir: C:\Users\chaker\AppData\Loc...}, fedcm:accounts: true, goog:chromeOptions: {debuggerAddress: localhost:64532}, goog:processID: 7644, networkConnectionEnabled: false, pageLoadStrategy: normal, platformName: windows, proxy: Proxy(), se:cdp: ws://localhost:64532/devtoo..., se:cdpVersion: 152.0.7977.84, setWindowRect: true, strictFileInteractability: false, timeouts: {implicit: 0, pageLoad: 300000, script: 30000}, unhandledPromptBehavior: dismiss and notify, webauthn:extension:credBlob: true, webauthn:extension:largeBlob: true, webauthn:extension:minPinLength: true, webauthn:extension:prf: true, webauthn:virtualAuthenticators: true}
Session ID: 46042376d0117d56c67da0169206121b
2026-09-14 11:54:03 [TestNG-test-OrangeHRM Test 1-1] ERROR ActionDriver - Element is not clickable: element not interactable
  (Session info: chrome=152.0.7977.84)
Build info: version: '4.49.0', revision: 'bedb24f bedb24f6f703876e7e4c5d506f0d697eb358c720'
System info: os.name: 'Windows 10', os.arch: 'amd64', os.version: '10.0', java.version: '17'
Driver info: org.openqa.selenium.chrome.ChromeDriver
Command: [46042376d0117d56c67da0169206121b, clickElement {id=f.DED58D8E2762CC6376955BA8EF91A3FA.d.F9C1597DED0FEDEA478BBCC0A55C43E3.e.47}]
Capabilities {acceptInsecureCerts: false, browserName: chrome, browserVersion: 152.0.7977.84, chrome: {chromedriverVersion: 152.0.7977.82 (d04cdb24d67b..., userDataDir: C:\Users\chaker\AppData\Loc...}, fedcm:accounts: true, goog:chromeOptions: {debuggerAddress: localhost:64532}, goog:processID: 7644, networkConnectionEnabled: false, pageLoadStrategy: normal, platformName: windows, proxy: Proxy(), se:cdp: ws://localhost:64532/devtoo..., se:cdpVersion: 152.0.7977.84, setWindowRect: true, strictFileInteractability: false, timeouts: {implicit: 0, pageLoad: 300000, script: 30000}, unhandledPromptBehavior: dismiss and notify, webauthn:extension:credBlob: true, webauthn:extension:largeBlob: true, webauthn:extension:minPinLength: true, webauthn:extension:prf: true, webauthn:virtualAuthenticators: true}
Element: [[ChromeDriver: chrome on windows (46042376d0117d56c67da0169206121b)] -> xpath: //span[text()='PIM']]
Session ID: 46042376d0117d56c67da0169206121b
2026-09-14 11:54:18 [TestNG-test-OrangeHRM Test 1-1] ERROR ActionDriver - Unable to describe the element: no such element: Unable to locate element: {"method":"xpath","selector":"//input[@placeholder='Type for hints...']"}
  (Session info: chrome=152.0.7977.84)
For documentation on this error, please visit: https://www.selenium.dev/documentation/webdriver/troubleshooting/errors#nosuchelementexception
Build info: version: '4.49.0', revision: 'bedb24f bedb24f6f703876e7e4c5d506f0d697eb358c720'
System info: os.name: 'Windows 10', os.arch: 'amd64', os.version: '10.0', java.version: '17'
Driver info: org.openqa.selenium.chrome.ChromeDriver
Command: [46042376d0117d56c67da0169206121b, findElement {using=xpath, value=//input[@placeholder='Type for hints...']}]
Capabilities {acceptInsecureCerts: false, browserName: chrome, browserVersion: 152.0.7977.84, chrome: {chromedriverVersion: 152.0.7977.82 (d04cdb24d67b..., userDataDir: C:\Users\chaker\AppData\Loc...}, fedcm:accounts: true, goog:chromeOptions: {debuggerAddress: localhost:64532}, goog:processID: 7644, networkConnectionEnabled: false, pageLoadStrategy: normal, platformName: windows, proxy: Proxy(), se:cdp: ws://localhost:64532/devtoo..., se:cdpVersion: 152.0.7977.84, setWindowRect: true, strictFileInteractability: false, timeouts: {implicit: 0, pageLoad: 300000, script: 30000}, unhandledPromptBehavior: dismiss and notify, webauthn:extension:credBlob: true, webauthn:extension:largeBlob: true, webauthn:extension:minPinLength: true, webauthn:extension:prf: true, webauthn:virtualAuthenticators: true}
Session ID: 46042376d0117d56c67da0169206121b
2026-09-14 11:54:33 [TestNG-test-OrangeHRM Test 1-1] ERROR ActionDriver - Error when try to apply color in a border: no such element: Unable to locate element: {"method":"xpath","selector":"//input[@placeholder='Type for hints...']"}
  (Session info: chrome=152.0.7977.84)
For documentation on this error, please visit: https://www.selenium.dev/documentation/webdriver/troubleshooting/errors#nosuchelementexception
Build info: version: '4.49.0', revision: 'bedb24f bedb24f6f703876e7e4c5d506f0d697eb358c720'
System info: os.name: 'Windows 10', os.arch: 'amd64', os.version: '10.0', java.version: '17'
Driver info: org.openqa.selenium.chrome.ChromeDriver
Command: [46042376d0117d56c67da0169206121b, findElement {using=xpath, value=//input[@placeholder='Type for hints...']}]
Capabilities {acceptInsecureCerts: false, browserName: chrome, browserVersion: 152.0.7977.84, chrome: {chromedriverVersion: 152.0.7977.82 (d04cdb24d67b..., userDataDir: C:\Users\chaker\AppData\Loc...}, fedcm:accounts: true, goog:chromeOptions: {debuggerAddress: localhost:64532}, goog:processID: 7644, networkConnectionEnabled: false, pageLoadStrategy: normal, platformName: windows, proxy: Proxy(), se:cdp: ws://localhost:64532/devtoo..., se:cdpVersion: 152.0.7977.84, setWindowRect: true, strictFileInteractability: false, timeouts: {implicit: 0, pageLoad: 300000, script: 30000}, unhandledPromptBehavior: dismiss and notify, webauthn:extension:credBlob: true, webauthn:extension:largeBlob: true, webauthn:extension:minPinLength: true, webauthn:extension:prf: true, webauthn:virtualAuthenticators: true}
Session ID: 46042376d0117d56c67da0169206121b
2026-09-14 11:55:04 [TestNG-test-OrangeHRM Test 1-1] ERROR ActionDriver - This Element is not visible: Expected condition failed: waiting for visibility of element found by By.xpath: //input[@placeholder='Type for hints...'], but... org.openqa.selenium.NoSuchElementException: no such element: Unable to locate element: {"method":"xpath","selector":"//input[@placeholder='Type for hints...']"}.
(tried for 25 seconds with 500 milliseconds interval)
Build info: version: '4.49.0', revision: 'bedb24f bedb24f6f703876e7e4c5d506f0d697eb358c720'
System info: os.name: 'Windows 10', os.arch: 'amd64', os.version: '10.0', java.version: '17'
Driver info: org.openqa.selenium.chrome.ChromeDriver
Capabilities {acceptInsecureCerts: false, browserName: chrome, browserVersion: 152.0.7977.84, chrome: {chromedriverVersion: 152.0.7977.82 (d04cdb24d67b..., userDataDir: C:\Users\chaker\AppData\Loc...}, fedcm:accounts: true, goog:chromeOptions: {debuggerAddress: localhost:64532}, goog:processID: 7644, networkConnectionEnabled: false, pageLoadStrategy: normal, platformName: windows, proxy: Proxy(), se:cdp: ws://localhost:64532/devtoo..., se:cdpVersion: 152.0.7977.84, setWindowRect: true, strictFileInteractability: false, timeouts: {implicit: 0, pageLoad: 300000, script: 30000}, unhandledPromptBehavior: dismiss and notify, webauthn:extension:credBlob: true, webauthn:extension:largeBlob: true, webauthn:extension:minPinLength: true, webauthn:extension:prf: true, webauthn:virtualAuthenticators: true}
Session ID: 46042376d0117d56c67da0169206121b
2026-09-14 11:55:34 [TestNG-test-OrangeHRM Test 1-1] ERROR ActionDriver - Error when try to apply color in a border: no such element: Unable to locate element: {"method":"xpath","selector":"//input[@placeholder='Type for hints...']"}
  (Session info: chrome=152.0.7977.84)
For documentation on this error, please visit: https://www.selenium.dev/documentation/webdriver/troubleshooting/errors#nosuchelementexception
Build info: version: '4.49.0', revision: 'bedb24f bedb24f6f703876e7e4c5d506f0d697eb358c720'
System info: os.name: 'Windows 10', os.arch: 'amd64', os.version: '10.0', java.version: '17'
Driver info: org.openqa.selenium.chrome.ChromeDriver
Command: [46042376d0117d56c67da0169206121b, findElement {using=xpath, value=//input[@placeholder='Type for hints...']}]
Capabilities {acceptInsecureCerts: false, browserName: chrome, browserVersion: 152.0.7977.84, chrome: {chromedriverVersion: 152.0.7977.82 (d04cdb24d67b..., userDataDir: C:\Users\chaker\AppData\Loc...}, fedcm:accounts: true, goog:chromeOptions: {debuggerAddress: localhost:64532}, goog:processID: 7644, networkConnectionEnabled: false, pageLoadStrategy: normal, platformName: windows, proxy: Proxy(), se:cdp: ws://localhost:64532/devtoo..., se:cdpVersion: 152.0.7977.84, setWindowRect: true, strictFileInteractability: false, timeouts: {implicit: 0, pageLoad: 300000, script: 30000}, unhandledPromptBehavior: dismiss and notify, webauthn:extension:credBlob: true, webauthn:extension:largeBlob: true, webauthn:extension:minPinLength: true, webauthn:extension:prf: true, webauthn:virtualAuthenticators: true}
Session ID: 46042376d0117d56c67da0169206121b
2026-09-14 11:55:34 [TestNG-test-OrangeHRM Test 1-1] ERROR ActionDriver - Element is not entered: no such element: Unable to locate element: {"method":"xpath","selector":"//input[@placeholder='Type for hints...']"}
  (Session info: chrome=152.0.7977.84)
For documentation on this error, please visit: https://www.selenium.dev/documentation/webdriver/troubleshooting/errors#nosuchelementexception
Build info: version: '4.49.0', revision: 'bedb24f bedb24f6f703876e7e4c5d506f0d697eb358c720'
System info: os.name: 'Windows 10', os.arch: 'amd64', os.version: '10.0', java.version: '17'
Driver info: org.openqa.selenium.chrome.ChromeDriver
Command: [46042376d0117d56c67da0169206121b, findElement {using=xpath, value=//input[@placeholder='Type for hints...']}]
Capabilities {acceptInsecureCerts: false, browserName: chrome, browserVersion: 152.0.7977.84, chrome: {chromedriverVersion: 152.0.7977.82 (d04cdb24d67b..., userDataDir: C:\Users\chaker\AppData\Loc...}, fedcm:accounts: true, goog:chromeOptions: {debuggerAddress: localhost:64532}, goog:processID: 7644, networkConnectionEnabled: false, pageLoadStrategy: normal, platformName: windows, proxy: Proxy(), se:cdp: ws://localhost:64532/devtoo..., se:cdpVersion: 152.0.7977.84, setWindowRect: true, strictFileInteractability: false, timeouts: {implicit: 0, pageLoad: 300000, script: 30000}, unhandledPromptBehavior: dismiss and notify, webauthn:extension:credBlob: true, webauthn:extension:largeBlob: true, webauthn:extension:minPinLength: true, webauthn:extension:prf: true, webauthn:virtualAuthenticators: true}
Session ID: 46042376d0117d56c67da0169206121b
2026-09-14 11:55:49 [TestNG-test-OrangeHRM Test 1-1] ERROR ActionDriver - Unable to describe the element: no such element: Unable to locate element: {"method":"xpath","selector":"//button[normalize-space()='Search']"}
  (Session info: chrome=152.0.7977.84)
For documentation on this error, please visit: https://www.selenium.dev/documentation/webdriver/troubleshooting/errors#nosuchelementexception
Build info: version: '4.49.0', revision: 'bedb24f bedb24f6f703876e7e4c5d506f0d697eb358c720'
System info: os.name: 'Windows 10', os.arch: 'amd64', os.version: '10.0', java.version: '17'
Driver info: org.openqa.selenium.chrome.ChromeDriver
Command: [46042376d0117d56c67da0169206121b, findElement {using=xpath, value=//button[normalize-space()='Search']}]
Capabilities {acceptInsecureCerts: false, browserName: chrome, browserVersion: 152.0.7977.84, chrome: {chromedriverVersion: 152.0.7977.82 (d04cdb24d67b..., userDataDir: C:\Users\chaker\AppData\Loc...}, fedcm:accounts: true, goog:chromeOptions: {debuggerAddress: localhost:64532}, goog:processID: 7644, networkConnectionEnabled: false, pageLoadStrategy: normal, platformName: windows, proxy: Proxy(), se:cdp: ws://localhost:64532/devtoo..., se:cdpVersion: 152.0.7977.84, setWindowRect: true, strictFileInteractability: false, timeouts: {implicit: 0, pageLoad: 300000, script: 30000}, unhandledPromptBehavior: dismiss and notify, webauthn:extension:credBlob: true, webauthn:extension:largeBlob: true, webauthn:extension:minPinLength: true, webauthn:extension:prf: true, webauthn:virtualAuthenticators: true}
Session ID: 46042376d0117d56c67da0169206121b
2026-09-14 11:56:04 [TestNG-test-OrangeHRM Test 1-1] ERROR ActionDriver - Error when try to apply color in a border: no such element: Unable to locate element: {"method":"xpath","selector":"//button[normalize-space()='Search']"}
  (Session info: chrome=152.0.7977.84)
For documentation on this error, please visit: https://www.selenium.dev/documentation/webdriver/troubleshooting/errors#nosuchelementexception
Build info: version: '4.49.0', revision: 'bedb24f bedb24f6f703876e7e4c5d506f0d697eb358c720'
System info: os.name: 'Windows 10', os.arch: 'amd64', os.version: '10.0', java.version: '17'
Driver info: org.openqa.selenium.chrome.ChromeDriver
Command: [46042376d0117d56c67da0169206121b, findElement {using=xpath, value=//button[normalize-space()='Search']}]
Capabilities {acceptInsecureCerts: false, browserName: chrome, browserVersion: 152.0.7977.84, chrome: {chromedriverVersion: 152.0.7977.82 (d04cdb24d67b..., userDataDir: C:\Users\chaker\AppData\Loc...}, fedcm:accounts: true, goog:chromeOptions: {debuggerAddress: localhost:64532}, goog:processID: 7644, networkConnectionEnabled: false, pageLoadStrategy: normal, platformName: windows, proxy: Proxy(), se:cdp: ws://localhost:64532/devtoo..., se:cdpVersion: 152.0.7977.84, setWindowRect: true, strictFileInteractability: false, timeouts: {implicit: 0, pageLoad: 300000, script: 30000}, unhandledPromptBehavior: dismiss and notify, webauthn:extension:credBlob: true, webauthn:extension:largeBlob: true, webauthn:extension:minPinLength: true, webauthn:extension:prf: true, webauthn:virtualAuthenticators: true}
Session ID: 46042376d0117d56c67da0169206121b
2026-09-14 11:56:34 [TestNG-test-OrangeHRM Test 1-1] ERROR ActionDriver - This Element is not clickable: Expected condition failed: waiting for element found by By.xpath: //button[normalize-space()='Search'] to be clickable, but the element was not found: org.openqa.selenium.NoSuchElementException: no such element: Unable to locate element: {"method":"xpath","selector":"//button[normalize-space()='Search']"}.
(tried for 25 seconds with 500 milliseconds interval)
Build info: version: '4.49.0', revision: 'bedb24f bedb24f6f703876e7e4c5d506f0d697eb358c720'
System info: os.name: 'Windows 10', os.arch: 'amd64', os.version: '10.0', java.version: '17'
Driver info: org.openqa.selenium.chrome.ChromeDriver
Capabilities {acceptInsecureCerts: false, browserName: chrome, browserVersion: 152.0.7977.84, chrome: {chromedriverVersion: 152.0.7977.82 (d04cdb24d67b..., userDataDir: C:\Users\chaker\AppData\Loc...}, fedcm:accounts: true, goog:chromeOptions: {debuggerAddress: localhost:64532}, goog:processID: 7644, networkConnectionEnabled: false, pageLoadStrategy: normal, platformName: windows, proxy: Proxy(), se:cdp: ws://localhost:64532/devtoo..., se:cdpVersion: 152.0.7977.84, setWindowRect: true, strictFileInteractability: false, timeouts: {implicit: 0, pageLoad: 300000, script: 30000}, unhandledPromptBehavior: dismiss and notify, webauthn:extension:credBlob: true, webauthn:extension:largeBlob: true, webauthn:extension:minPinLength: true, webauthn:extension:prf: true, webauthn:virtualAuthenticators: true}
Session ID: 46042376d0117d56c67da0169206121b
2026-09-14 11:57:05 [TestNG-test-OrangeHRM Test 1-1] ERROR ActionDriver - Error when try to apply color in a border: no such element: Unable to locate element: {"method":"xpath","selector":"//button[normalize-space()='Search']"}
  (Session info: chrome=152.0.7977.84)
For documentation on this error, please visit: https://www.selenium.dev/documentation/webdriver/troubleshooting/errors#nosuchelementexception
Build info: version: '4.49.0', revision: 'bedb24f bedb24f6f703876e7e4c5d506f0d697eb358c720'
System info: os.name: 'Windows 10', os.arch: 'amd64', os.version: '10.0', java.version: '17'
Driver info: org.openqa.selenium.chrome.ChromeDriver
Command: [46042376d0117d56c67da0169206121b, findElement {using=xpath, value=//button[normalize-space()='Search']}]
Capabilities {acceptInsecureCerts: false, browserName: chrome, browserVersion: 152.0.7977.84, chrome: {chromedriverVersion: 152.0.7977.82 (d04cdb24d67b..., userDataDir: C:\Users\chaker\AppData\Loc...}, fedcm:accounts: true, goog:chromeOptions: {debuggerAddress: localhost:64532}, goog:processID: 7644, networkConnectionEnabled: false, pageLoadStrategy: normal, platformName: windows, proxy: Proxy(), se:cdp: ws://localhost:64532/devtoo..., se:cdpVersion: 152.0.7977.84, setWindowRect: true, strictFileInteractability: false, timeouts: {implicit: 0, pageLoad: 300000, script: 30000}, unhandledPromptBehavior: dismiss and notify, webauthn:extension:credBlob: true, webauthn:extension:largeBlob: true, webauthn:extension:minPinLength: true, webauthn:extension:prf: true, webauthn:virtualAuthenticators: true}
Session ID: 46042376d0117d56c67da0169206121b
2026-09-14 11:57:05 [TestNG-test-OrangeHRM Test 1-1] ERROR ActionDriver - Element is not clickable: no such element: Unable to locate element: {"method":"xpath","selector":"//button[normalize-space()='Search']"}
  (Session info: chrome=152.0.7977.84)
For documentation on this error, please visit: https://www.selenium.dev/documentation/webdriver/troubleshooting/errors#nosuchelementexception
Build info: version: '4.49.0', revision: 'bedb24f bedb24f6f703876e7e4c5d506f0d697eb358c720'
System info: os.name: 'Windows 10', os.arch: 'amd64', os.version: '10.0', java.version: '17'
Driver info: org.openqa.selenium.chrome.ChromeDriver
Command: [46042376d0117d56c67da0169206121b, findElement {using=xpath, value=//button[normalize-space()='Search']}]
Capabilities {acceptInsecureCerts: false, browserName: chrome, browserVersion: 152.0.7977.84, chrome: {chromedriverVersion: 152.0.7977.82 (d04cdb24d67b..., userDataDir: C:\Users\chaker\AppData\Loc...}, fedcm:accounts: true, goog:chromeOptions: {debuggerAddress: localhost:64532}, goog:processID: 7644, networkConnectionEnabled: false, pageLoadStrategy: normal, platformName: windows, proxy: Proxy(), se:cdp: ws://localhost:64532/devtoo..., se:cdpVersion: 152.0.7977.84, setWindowRect: true, strictFileInteractability: false, timeouts: {implicit: 0, pageLoad: 300000, script: 30000}, unhandledPromptBehavior: dismiss and notify, webauthn:extension:credBlob: true, webauthn:extension:largeBlob: true, webauthn:extension:minPinLength: true, webauthn:extension:prf: true, webauthn:virtualAuthenticators: true}
Session ID: 46042376d0117d56c67da0169206121b
2026-09-14 11:57:35 [TestNG-test-OrangeHRM Test 1-1] ERROR ActionDriver - This Element is not visible: Expected condition failed: waiting for visibility of element found by By.xpath: //div[@class='oxd-table-card']/div/div[3], but... org.openqa.selenium.NoSuchElementException: no such element: Unable to locate element: {"method":"xpath","selector":"//div[@class='oxd-table-card']/div/div[3]"}.
(tried for 25 seconds with 500 milliseconds interval)
Build info: version: '4.49.0', revision: 'bedb24f bedb24f6f703876e7e4c5d506f0d697eb358c720'
System info: os.name: 'Windows 10', os.arch: 'amd64', os.version: '10.0', java.version: '17'
Driver info: org.openqa.selenium.chrome.ChromeDriver
Capabilities {acceptInsecureCerts: false, browserName: chrome, browserVersion: 152.0.7977.84, chrome: {chromedriverVersion: 152.0.7977.82 (d04cdb24d67b..., userDataDir: C:\Users\chaker\AppData\Loc...}, fedcm:accounts: true, goog:chromeOptions: {debuggerAddress: localhost:64532}, goog:processID: 7644, networkConnectionEnabled: false, pageLoadStrategy: normal, platformName: windows, proxy: Proxy(), se:cdp: ws://localhost:64532/devtoo..., se:cdpVersion: 152.0.7977.84, setWindowRect: true, strictFileInteractability: false, timeouts: {implicit: 0, pageLoad: 300000, script: 30000}, unhandledPromptBehavior: dismiss and notify, webauthn:extension:credBlob: true, webauthn:extension:largeBlob: true, webauthn:extension:minPinLength: true, webauthn:extension:prf: true, webauthn:virtualAuthenticators: true}
Session ID: 46042376d0117d56c67da0169206121b
2026-09-14 11:58:05 [TestNG-test-OrangeHRM Test 1-1] ERROR ActionDriver - Error when try to apply color in a border: no such element: Unable to locate element: {"method":"xpath","selector":"//div[@class='oxd-table-card']/div/div[3]"}
  (Session info: chrome=152.0.7977.84)
For documentation on this error, please visit: https://www.selenium.dev/documentation/webdriver/troubleshooting/errors#nosuchelementexception
Build info: version: '4.49.0', revision: 'bedb24f bedb24f6f703876e7e4c5d506f0d697eb358c720'
System info: os.name: 'Windows 10', os.arch: 'amd64', os.version: '10.0', java.version: '17'
Driver info: org.openqa.selenium.chrome.ChromeDriver
Command: [46042376d0117d56c67da0169206121b, findElement {using=xpath, value=//div[@class='oxd-table-card']/div/div[3]}]
Capabilities {acceptInsecureCerts: false, browserName: chrome, browserVersion: 152.0.7977.84, chrome: {chromedriverVersion: 152.0.7977.82 (d04cdb24d67b..., userDataDir: C:\Users\chaker\AppData\Loc...}, fedcm:accounts: true, goog:chromeOptions: {debuggerAddress: localhost:64532}, goog:processID: 7644, networkConnectionEnabled: false, pageLoadStrategy: normal, platformName: windows, proxy: Proxy(), se:cdp: ws://localhost:64532/devtoo..., se:cdpVersion: 152.0.7977.84, setWindowRect: true, strictFileInteractability: false, timeouts: {implicit: 0, pageLoad: 300000, script: 30000}, unhandledPromptBehavior: dismiss and notify, webauthn:extension:credBlob: true, webauthn:extension:largeBlob: true, webauthn:extension:minPinLength: true, webauthn:extension:prf: true, webauthn:virtualAuthenticators: true}
Session ID: 46042376d0117d56c67da0169206121b
2026-09-14 11:58:05 [TestNG-test-OrangeHRM Test 1-1] ERROR ActionDriver - Element to scroll is not visible: no such element: Unable to locate element: {"method":"xpath","selector":"//div[@class='oxd-table-card']/div/div[3]"}
  (Session info: chrome=152.0.7977.84)
For documentation on this error, please visit: https://www.selenium.dev/documentation/webdriver/troubleshooting/errors#nosuchelementexception
Build info: version: '4.49.0', revision: 'bedb24f bedb24f6f703876e7e4c5d506f0d697eb358c720'
System info: os.name: 'Windows 10', os.arch: 'amd64', os.version: '10.0', java.version: '17'
Driver info: org.openqa.selenium.chrome.ChromeDriver
Command: [46042376d0117d56c67da0169206121b, findElement {using=xpath, value=//div[@class='oxd-table-card']/div/div[3]}]
Capabilities {acceptInsecureCerts: false, browserName: chrome, browserVersion: 152.0.7977.84, chrome: {chromedriverVersion: 152.0.7977.82 (d04cdb24d67b..., userDataDir: C:\Users\chaker\AppData\Loc...}, fedcm:accounts: true, goog:chromeOptions: {debuggerAddress: localhost:64532}, goog:processID: 7644, networkConnectionEnabled: false, pageLoadStrategy: normal, platformName: windows, proxy: Proxy(), se:cdp: ws://localhost:64532/devtoo..., se:cdpVersion: 152.0.7977.84, setWindowRect: true, strictFileInteractability: false, timeouts: {implicit: 0, pageLoad: 300000, script: 30000}, unhandledPromptBehavior: dismiss and notify, webauthn:extension:credBlob: true, webauthn:extension:largeBlob: true, webauthn:extension:minPinLength: true, webauthn:extension:prf: true, webauthn:virtualAuthenticators: true}
Session ID: 46042376d0117d56c67da0169206121b
2026-09-14 11:58:36 [TestNG-test-OrangeHRM Test 1-1] ERROR ActionDriver - This Element is not visible: Expected condition failed: waiting for visibility of element found by By.xpath: //div[@class='oxd-table-card']/div/div[3], but... org.openqa.selenium.NoSuchElementException: no such element: Unable to locate element: {"method":"xpath","selector":"//div[@class='oxd-table-card']/div/div[3]"}.
(tried for 25 seconds with 500 milliseconds interval)
Build info: version: '4.49.0', revision: 'bedb24f bedb24f6f703876e7e4c5d506f0d697eb358c720'
System info: os.name: 'Windows 10', os.arch: 'amd64', os.version: '10.0', java.version: '17'
Driver info: org.openqa.selenium.chrome.ChromeDriver
Capabilities {acceptInsecureCerts: false, browserName: chrome, browserVersion: 152.0.7977.84, chrome: {chromedriverVersion: 152.0.7977.82 (d04cdb24d67b..., userDataDir: C:\Users\chaker\AppData\Loc...}, fedcm:accounts: true, goog:chromeOptions: {debuggerAddress: localhost:64532}, goog:processID: 7644, networkConnectionEnabled: false, pageLoadStrategy: normal, platformName: windows, proxy: Proxy(), se:cdp: ws://localhost:64532/devtoo..., se:cdpVersion: 152.0.7977.84, setWindowRect: true, strictFileInteractability: false, timeouts: {implicit: 0, pageLoad: 300000, script: 30000}, unhandledPromptBehavior: dismiss and notify, webauthn:extension:credBlob: true, webauthn:extension:largeBlob: true, webauthn:extension:minPinLength: true, webauthn:extension:prf: true, webauthn:virtualAuthenticators: true}
Session ID: 46042376d0117d56c67da0169206121b
2026-09-14 11:59:06 [TestNG-test-OrangeHRM Test 1-1] ERROR ActionDriver - Error when try to apply color in a border: no such element: Unable to locate element: {"method":"xpath","selector":"//div[@class='oxd-table-card']/div/div[3]"}
  (Session info: chrome=152.0.7977.84)
For documentation on this error, please visit: https://www.selenium.dev/documentation/webdriver/troubleshooting/errors#nosuchelementexception
Build info: version: '4.49.0', revision: 'bedb24f bedb24f6f703876e7e4c5d506f0d697eb358c720'
System info: os.name: 'Windows 10', os.arch: 'amd64', os.version: '10.0', java.version: '17'
Driver info: org.openqa.selenium.chrome.ChromeDriver
Command: [46042376d0117d56c67da0169206121b, findElement {using=xpath, value=//div[@class='oxd-table-card']/div/div[3]}]
Capabilities {acceptInsecureCerts: false, browserName: chrome, browserVersion: 152.0.7977.84, chrome: {chromedriverVersion: 152.0.7977.82 (d04cdb24d67b..., userDataDir: C:\Users\chaker\AppData\Loc...}, fedcm:accounts: true, goog:chromeOptions: {debuggerAddress: localhost:64532}, goog:processID: 7644, networkConnectionEnabled: false, pageLoadStrategy: normal, platformName: windows, proxy: Proxy(), se:cdp: ws://localhost:64532/devtoo..., se:cdpVersion: 152.0.7977.84, setWindowRect: true, strictFileInteractability: false, timeouts: {implicit: 0, pageLoad: 300000, script: 30000}, unhandledPromptBehavior: dismiss and notify, webauthn:extension:credBlob: true, webauthn:extension:largeBlob: true, webauthn:extension:minPinLength: true, webauthn:extension:prf: true, webauthn:virtualAuthenticators: true}
Session ID: 46042376d0117d56c67da0169206121b
2026-09-14 11:59:06 [TestNG-test-OrangeHRM Test 1-1] ERROR ActionDriver - Element compared is not visible: no such element: Unable to locate element: {"method":"xpath","selector":"//div[@class='oxd-table-card']/div/div[3]"}
  (Session info: chrome=152.0.7977.84)
For documentation on this error, please visit: https://www.selenium.dev/documentation/webdriver/troubleshooting/errors#nosuchelementexception
Build info: version: '4.49.0', revision: 'bedb24f bedb24f6f703876e7e4c5d506f0d697eb358c720'
System info: os.name: 'Windows 10', os.arch: 'amd64', os.version: '10.0', java.version: '17'
Driver info: org.openqa.selenium.chrome.ChromeDriver
Command: [46042376d0117d56c67da0169206121b, findElement {using=xpath, value=//div[@class='oxd-table-card']/div/div[3]}]
Capabilities {acceptInsecureCerts: false, browserName: chrome, browserVersion: 152.0.7977.84, chrome: {chromedriverVersion: 152.0.7977.82 (d04cdb24d67b..., userDataDir: C:\Users\chaker\AppData\Loc...}, fedcm:accounts: true, goog:chromeOptions: {debuggerAddress: localhost:64532}, goog:processID: 7644, networkConnectionEnabled: false, pageLoadStrategy: normal, platformName: windows, proxy: Proxy(), se:cdp: ws://localhost:64532/devtoo..., se:cdpVersion: 152.0.7977.84, setWindowRect: true, strictFileInteractability: false, timeouts: {implicit: 0, pageLoad: 300000, script: 30000}, unhandledPromptBehavior: dismiss and notify, webauthn:extension:credBlob: true, webauthn:extension:largeBlob: true, webauthn:extension:minPinLength: true, webauthn:extension:prf: true, webauthn:virtualAuthenticators: true}
Session ID: 46042376d0117d56c67da0169206121b
2026-09-14 11:59:37 [TestNG-test-OrangeHRM Test 1-1] ERROR ActionDriver - This Element is not visible: Expected condition failed: waiting for visibility of element found by By.xpath: //div[@class='oxd-table-card']/div/div[4], but... org.openqa.selenium.NoSuchElementException: no such element: Unable to locate element: {"method":"xpath","selector":"//div[@class='oxd-table-card']/div/div[4]"}.
(tried for 25 seconds with 500 milliseconds interval)
Build info: version: '4.49.0', revision: 'bedb24f bedb24f6f703876e7e4c5d506f0d697eb358c720'
System info: os.name: 'Windows 10', os.arch: 'amd64', os.version: '10.0', java.version: '17'
Driver info: org.openqa.selenium.chrome.ChromeDriver
Capabilities {acceptInsecureCerts: false, browserName: chrome, browserVersion: 152.0.7977.84, chrome: {chromedriverVersion: 152.0.7977.82 (d04cdb24d67b..., userDataDir: C:\Users\chaker\AppData\Loc...}, fedcm:accounts: true, goog:chromeOptions: {debuggerAddress: localhost:64532}, goog:processID: 7644, networkConnectionEnabled: false, pageLoadStrategy: normal, platformName: windows, proxy: Proxy(), se:cdp: ws://localhost:64532/devtoo..., se:cdpVersion: 152.0.7977.84, setWindowRect: true, strictFileInteractability: false, timeouts: {implicit: 0, pageLoad: 300000, script: 30000}, unhandledPromptBehavior: dismiss and notify, webauthn:extension:credBlob: true, webauthn:extension:largeBlob: true, webauthn:extension:minPinLength: true, webauthn:extension:prf: true, webauthn:virtualAuthenticators: true}
Session ID: 46042376d0117d56c67da0169206121b
2026-09-14 12:00:07 [TestNG-test-OrangeHRM Test 1-1] ERROR ActionDriver - Error when try to apply color in a border: no such element: Unable to locate element: {"method":"xpath","selector":"//div[@class='oxd-table-card']/div/div[4]"}
  (Session info: chrome=152.0.7977.84)
For documentation on this error, please visit: https://www.selenium.dev/documentation/webdriver/troubleshooting/errors#nosuchelementexception
Build info: version: '4.49.0', revision: 'bedb24f bedb24f6f703876e7e4c5d506f0d697eb358c720'
System info: os.name: 'Windows 10', os.arch: 'amd64', os.version: '10.0', java.version: '17'
Driver info: org.openqa.selenium.chrome.ChromeDriver
Command: [46042376d0117d56c67da0169206121b, findElement {using=xpath, value=//div[@class='oxd-table-card']/div/div[4]}]
Capabilities {acceptInsecureCerts: false, browserName: chrome, browserVersion: 152.0.7977.84, chrome: {chromedriverVersion: 152.0.7977.82 (d04cdb24d67b..., userDataDir: C:\Users\chaker\AppData\Loc...}, fedcm:accounts: true, goog:chromeOptions: {debuggerAddress: localhost:64532}, goog:processID: 7644, networkConnectionEnabled: false, pageLoadStrategy: normal, platformName: windows, proxy: Proxy(), se:cdp: ws://localhost:64532/devtoo..., se:cdpVersion: 152.0.7977.84, setWindowRect: true, strictFileInteractability: false, timeouts: {implicit: 0, pageLoad: 300000, script: 30000}, unhandledPromptBehavior: dismiss and notify, webauthn:extension:credBlob: true, webauthn:extension:largeBlob: true, webauthn:extension:minPinLength: true, webauthn:extension:prf: true, webauthn:virtualAuthenticators: true}
Session ID: 46042376d0117d56c67da0169206121b
2026-09-14 12:00:07 [TestNG-test-OrangeHRM Test 1-1] ERROR ActionDriver - Element compared is not visible: no such element: Unable to locate element: {"method":"xpath","selector":"//div[@class='oxd-table-card']/div/div[4]"}
  (Session info: chrome=152.0.7977.84)
For documentation on this error, please visit: https://www.selenium.dev/documentation/webdriver/troubleshooting/errors#nosuchelementexception
Build info: version: '4.49.0', revision: 'bedb24f bedb24f6f703876e7e4c5d506f0d697eb358c720'
System info: os.name: 'Windows 10', os.arch: 'amd64', os.version: '10.0', java.version: '17'
Driver info: org.openqa.selenium.chrome.ChromeDriver
Command: [46042376d0117d56c67da0169206121b, findElement {using=xpath, value=//div[@class='oxd-table-card']/div/div[4]}]
Capabilities {acceptInsecureCerts: false, browserName: chrome, browserVersion: 152.0.7977.84, chrome: {chromedriverVersion: 152.0.7977.82 (d04cdb24d67b..., userDataDir: C:\Users\chaker\AppData\Loc...}, fedcm:accounts: true, goog:chromeOptions: {debuggerAddress: localhost:64532}, goog:processID: 7644, networkConnectionEnabled: false, pageLoadStrategy: normal, platformName: windows, proxy: Proxy(), se:cdp: ws://localhost:64532/devtoo..., se:cdpVersion: 152.0.7977.84, setWindowRect: true, strictFileInteractability: false, timeouts: {implicit: 0, pageLoad: 300000, script: 30000}, unhandledPromptBehavior: dismiss and notify, webauthn:extension:credBlob: true, webauthn:extension:largeBlob: true, webauthn:extension:minPinLength: true, webauthn:extension:prf: true, webauthn:virtualAuthenticators: true}
Session ID: 46042376d0117d56c67da0169206121b
2026-09-14 12:00:46 [TestNG-test-OrangeHRM Test 1-1] ERROR ActionDriver - This Element is not clickable: Expected condition failed: waiting for element found by By.xpath: //span[text()='PIM'] to be clickable, but the element was not visible.
(tried for 25 seconds with 500 milliseconds interval)
Build info: version: '4.49.0', revision: 'bedb24f bedb24f6f703876e7e4c5d506f0d697eb358c720'
System info: os.name: 'Windows 10', os.arch: 'amd64', os.version: '10.0', java.version: '17'
Driver info: org.openqa.selenium.chrome.ChromeDriver
Capabilities {acceptInsecureCerts: false, browserName: chrome, browserVersion: 152.0.7977.84, chrome: {chromedriverVersion: 152.0.7977.82 (d04cdb24d67b..., userDataDir: C:\Users\chaker\AppData\Loc...}, fedcm:accounts: true, goog:chromeOptions: {debuggerAddress: localhost:65419}, goog:processID: 13148, networkConnectionEnabled: false, pageLoadStrategy: normal, platformName: windows, proxy: Proxy(), se:cdp: ws://localhost:65419/devtoo..., se:cdpVersion: 152.0.7977.84, setWindowRect: true, strictFileInteractability: false, timeouts: {implicit: 0, pageLoad: 300000, script: 30000}, unhandledPromptBehavior: dismiss and notify, webauthn:extension:credBlob: true, webauthn:extension:largeBlob: true, webauthn:extension:minPinLength: true, webauthn:extension:prf: true, webauthn:virtualAuthenticators: true}
Session ID: e39fbf3849631a6170d40e9b1320caa5
2026-09-14 12:01:01 [TestNG-test-OrangeHRM Test 1-1] ERROR ActionDriver - Element is not clickable: element not interactable
  (Session info: chrome=152.0.7977.84)
Build info: version: '4.49.0', revision: 'bedb24f bedb24f6f703876e7e4c5d506f0d697eb358c720'
System info: os.name: 'Windows 10', os.arch: 'amd64', os.version: '10.0', java.version: '17'
Driver info: org.openqa.selenium.chrome.ChromeDriver
Command: [e39fbf3849631a6170d40e9b1320caa5, clickElement {id=f.6A246F47099887F0BFF43C6E8B1E1F95.d.72B51254A5038B28ED0ACB99D5FDA64A.e.48}]
Capabilities {acceptInsecureCerts: false, browserName: chrome, browserVersion: 152.0.7977.84, chrome: {chromedriverVersion: 152.0.7977.82 (d04cdb24d67b..., userDataDir: C:\Users\chaker\AppData\Loc...}, fedcm:accounts: true, goog:chromeOptions: {debuggerAddress: localhost:65419}, goog:processID: 13148, networkConnectionEnabled: false, pageLoadStrategy: normal, platformName: windows, proxy: Proxy(), se:cdp: ws://localhost:65419/devtoo..., se:cdpVersion: 152.0.7977.84, setWindowRect: true, strictFileInteractability: false, timeouts: {implicit: 0, pageLoad: 300000, script: 30000}, unhandledPromptBehavior: dismiss and notify, webauthn:extension:credBlob: true, webauthn:extension:largeBlob: true, webauthn:extension:minPinLength: true, webauthn:extension:prf: true, webauthn:virtualAuthenticators: true}
Element: [[ChromeDriver: chrome on windows (e39fbf3849631a6170d40e9b1320caa5)] -> xpath: //span[text()='PIM']]
Session ID: e39fbf3849631a6170d40e9b1320caa5
2026-09-14 12:01:17 [TestNG-test-OrangeHRM Test 1-1] ERROR ActionDriver - Unable to describe the element: no such element: Unable to locate element: {"method":"xpath","selector":"//input[@placeholder='Type for hints...']"}
  (Session info: chrome=152.0.7977.84)
For documentation on this error, please visit: https://www.selenium.dev/documentation/webdriver/troubleshooting/errors#nosuchelementexception
Build info: version: '4.49.0', revision: 'bedb24f bedb24f6f703876e7e4c5d506f0d697eb358c720'
System info: os.name: 'Windows 10', os.arch: 'amd64', os.version: '10.0', java.version: '17'
Driver info: org.openqa.selenium.chrome.ChromeDriver
Command: [e39fbf3849631a6170d40e9b1320caa5, findElement {using=xpath, value=//input[@placeholder='Type for hints...']}]
Capabilities {acceptInsecureCerts: false, browserName: chrome, browserVersion: 152.0.7977.84, chrome: {chromedriverVersion: 152.0.7977.82 (d04cdb24d67b..., userDataDir: C:\Users\chaker\AppData\Loc...}, fedcm:accounts: true, goog:chromeOptions: {debuggerAddress: localhost:65419}, goog:processID: 13148, networkConnectionEnabled: false, pageLoadStrategy: normal, platformName: windows, proxy: Proxy(), se:cdp: ws://localhost:65419/devtoo..., se:cdpVersion: 152.0.7977.84, setWindowRect: true, strictFileInteractability: false, timeouts: {implicit: 0, pageLoad: 300000, script: 30000}, unhandledPromptBehavior: dismiss and notify, webauthn:extension:credBlob: true, webauthn:extension:largeBlob: true, webauthn:extension:minPinLength: true, webauthn:extension:prf: true, webauthn:virtualAuthenticators: true}
Session ID: e39fbf3849631a6170d40e9b1320caa5
2026-09-14 12:01:32 [TestNG-test-OrangeHRM Test 1-1] ERROR ActionDriver - Error when try to apply color in a border: no such element: Unable to locate element: {"method":"xpath","selector":"//input[@placeholder='Type for hints...']"}
  (Session info: chrome=152.0.7977.84)
For documentation on this error, please visit: https://www.selenium.dev/documentation/webdriver/troubleshooting/errors#nosuchelementexception
Build info: version: '4.49.0', revision: 'bedb24f bedb24f6f703876e7e4c5d506f0d697eb358c720'
System info: os.name: 'Windows 10', os.arch: 'amd64', os.version: '10.0', java.version: '17'
Driver info: org.openqa.selenium.chrome.ChromeDriver
Command: [e39fbf3849631a6170d40e9b1320caa5, findElement {using=xpath, value=//input[@placeholder='Type for hints...']}]
Capabilities {acceptInsecureCerts: false, browserName: chrome, browserVersion: 152.0.7977.84, chrome: {chromedriverVersion: 152.0.7977.82 (d04cdb24d67b..., userDataDir: C:\Users\chaker\AppData\Loc...}, fedcm:accounts: true, goog:chromeOptions: {debuggerAddress: localhost:65419}, goog:processID: 13148, networkConnectionEnabled: false, pageLoadStrategy: normal, platformName: windows, proxy: Proxy(), se:cdp: ws://localhost:65419/devtoo..., se:cdpVersion: 152.0.7977.84, setWindowRect: true, strictFileInteractability: false, timeouts: {implicit: 0, pageLoad: 300000, script: 30000}, unhandledPromptBehavior: dismiss and notify, webauthn:extension:credBlob: true, webauthn:extension:largeBlob: true, webauthn:extension:minPinLength: true, webauthn:extension:prf: true, webauthn:virtualAuthenticators: true}
Session ID: e39fbf3849631a6170d40e9b1320caa5
2026-09-14 12:02:03 [TestNG-test-OrangeHRM Test 1-1] ERROR ActionDriver - This Element is not visible: Expected condition failed: waiting for visibility of element found by By.xpath: //input[@placeholder='Type for hints...'], but... org.openqa.selenium.NoSuchElementException: no such element: Unable to locate element: {"method":"xpath","selector":"//input[@placeholder='Type for hints...']"}.
(tried for 25 seconds with 500 milliseconds interval)
Build info: version: '4.49.0', revision: 'bedb24f bedb24f6f703876e7e4c5d506f0d697eb358c720'
System info: os.name: 'Windows 10', os.arch: 'amd64', os.version: '10.0', java.version: '17'
Driver info: org.openqa.selenium.chrome.ChromeDriver
Capabilities {acceptInsecureCerts: false, browserName: chrome, browserVersion: 152.0.7977.84, chrome: {chromedriverVersion: 152.0.7977.82 (d04cdb24d67b..., userDataDir: C:\Users\chaker\AppData\Loc...}, fedcm:accounts: true, goog:chromeOptions: {debuggerAddress: localhost:65419}, goog:processID: 13148, networkConnectionEnabled: false, pageLoadStrategy: normal, platformName: windows, proxy: Proxy(), se:cdp: ws://localhost:65419/devtoo..., se:cdpVersion: 152.0.7977.84, setWindowRect: true, strictFileInteractability: false, timeouts: {implicit: 0, pageLoad: 300000, script: 30000}, unhandledPromptBehavior: dismiss and notify, webauthn:extension:credBlob: true, webauthn:extension:largeBlob: true, webauthn:extension:minPinLength: true, webauthn:extension:prf: true, webauthn:virtualAuthenticators: true}
Session ID: e39fbf3849631a6170d40e9b1320caa5
2026-09-14 12:02:33 [TestNG-test-OrangeHRM Test 1-1] ERROR ActionDriver - Error when try to apply color in a border: no such element: Unable to locate element: {"method":"xpath","selector":"//input[@placeholder='Type for hints...']"}
  (Session info: chrome=152.0.7977.84)
For documentation on this error, please visit: https://www.selenium.dev/documentation/webdriver/troubleshooting/errors#nosuchelementexception
Build info: version: '4.49.0', revision: 'bedb24f bedb24f6f703876e7e4c5d506f0d697eb358c720'
System info: os.name: 'Windows 10', os.arch: 'amd64', os.version: '10.0', java.version: '17'
Driver info: org.openqa.selenium.chrome.ChromeDriver
Command: [e39fbf3849631a6170d40e9b1320caa5, findElement {using=xpath, value=//input[@placeholder='Type for hints...']}]
Capabilities {acceptInsecureCerts: false, browserName: chrome, browserVersion: 152.0.7977.84, chrome: {chromedriverVersion: 152.0.7977.82 (d04cdb24d67b..., userDataDir: C:\Users\chaker\AppData\Loc...}, fedcm:accounts: true, goog:chromeOptions: {debuggerAddress: localhost:65419}, goog:processID: 13148, networkConnectionEnabled: false, pageLoadStrategy: normal, platformName: windows, proxy: Proxy(), se:cdp: ws://localhost:65419/devtoo..., se:cdpVersion: 152.0.7977.84, setWindowRect: true, strictFileInteractability: false, timeouts: {implicit: 0, pageLoad: 300000, script: 30000}, unhandledPromptBehavior: dismiss and notify, webauthn:extension:credBlob: true, webauthn:extension:largeBlob: true, webauthn:extension:minPinLength: true, webauthn:extension:prf: true, webauthn:virtualAuthenticators: true}
Session ID: e39fbf3849631a6170d40e9b1320caa5
2026-09-14 12:02:33 [TestNG-test-OrangeHRM Test 1-1] ERROR ActionDriver - Element is not entered: no such element: Unable to locate element: {"method":"xpath","selector":"//input[@placeholder='Type for hints...']"}
  (Session info: chrome=152.0.7977.84)
For documentation on this error, please visit: https://www.selenium.dev/documentation/webdriver/troubleshooting/errors#nosuchelementexception
Build info: version: '4.49.0', revision: 'bedb24f bedb24f6f703876e7e4c5d506f0d697eb358c720'
System info: os.name: 'Windows 10', os.arch: 'amd64', os.version: '10.0', java.version: '17'
Driver info: org.openqa.selenium.chrome.ChromeDriver
Command: [e39fbf3849631a6170d40e9b1320caa5, findElement {using=xpath, value=//input[@placeholder='Type for hints...']}]
Capabilities {acceptInsecureCerts: false, browserName: chrome, browserVersion: 152.0.7977.84, chrome: {chromedriverVersion: 152.0.7977.82 (d04cdb24d67b..., userDataDir: C:\Users\chaker\AppData\Loc...}, fedcm:accounts: true, goog:chromeOptions: {debuggerAddress: localhost:65419}, goog:processID: 13148, networkConnectionEnabled: false, pageLoadStrategy: normal, platformName: windows, proxy: Proxy(), se:cdp: ws://localhost:65419/devtoo..., se:cdpVersion: 152.0.7977.84, setWindowRect: true, strictFileInteractability: false, timeouts: {implicit: 0, pageLoad: 300000, script: 30000}, unhandledPromptBehavior: dismiss and notify, webauthn:extension:credBlob: true, webauthn:extension:largeBlob: true, webauthn:extension:minPinLength: true, webauthn:extension:prf: true, webauthn:virtualAuthenticators: true}
Session ID: e39fbf3849631a6170d40e9b1320caa5
2026-09-14 12:02:48 [TestNG-test-OrangeHRM Test 1-1] ERROR ActionDriver - Unable to describe the element: no such element: Unable to locate element: {"method":"xpath","selector":"//button[normalize-space()='Search']"}
  (Session info: chrome=152.0.7977.84)
For documentation on this error, please visit: https://www.selenium.dev/documentation/webdriver/troubleshooting/errors#nosuchelementexception
Build info: version: '4.49.0', revision: 'bedb24f bedb24f6f703876e7e4c5d506f0d697eb358c720'
System info: os.name: 'Windows 10', os.arch: 'amd64', os.version: '10.0', java.version: '17'
Driver info: org.openqa.selenium.chrome.ChromeDriver
Command: [e39fbf3849631a6170d40e9b1320caa5, findElement {using=xpath, value=//button[normalize-space()='Search']}]
Capabilities {acceptInsecureCerts: false, browserName: chrome, browserVersion: 152.0.7977.84, chrome: {chromedriverVersion: 152.0.7977.82 (d04cdb24d67b..., userDataDir: C:\Users\chaker\AppData\Loc...}, fedcm:accounts: true, goog:chromeOptions: {debuggerAddress: localhost:65419}, goog:processID: 13148, networkConnectionEnabled: false, pageLoadStrategy: normal, platformName: windows, proxy: Proxy(), se:cdp: ws://localhost:65419/devtoo..., se:cdpVersion: 152.0.7977.84, setWindowRect: true, strictFileInteractability: false, timeouts: {implicit: 0, pageLoad: 300000, script: 30000}, unhandledPromptBehavior: dismiss and notify, webauthn:extension:credBlob: true, webauthn:extension:largeBlob: true, webauthn:extension:minPinLength: true, webauthn:extension:prf: true, webauthn:virtualAuthenticators: true}
Session ID: e39fbf3849631a6170d40e9b1320caa5
2026-09-14 12:03:04 [TestNG-test-OrangeHRM Test 1-1] ERROR ActionDriver - Error when try to apply color in a border: no such element: Unable to locate element: {"method":"xpath","selector":"//button[normalize-space()='Search']"}
  (Session info: chrome=152.0.7977.84)
For documentation on this error, please visit: https://www.selenium.dev/documentation/webdriver/troubleshooting/errors#nosuchelementexception
Build info: version: '4.49.0', revision: 'bedb24f bedb24f6f703876e7e4c5d506f0d697eb358c720'
System info: os.name: 'Windows 10', os.arch: 'amd64', os.version: '10.0', java.version: '17'
Driver info: org.openqa.selenium.chrome.ChromeDriver
Command: [e39fbf3849631a6170d40e9b1320caa5, findElement {using=xpath, value=//button[normalize-space()='Search']}]
Capabilities {acceptInsecureCerts: false, browserName: chrome, browserVersion: 152.0.7977.84, chrome: {chromedriverVersion: 152.0.7977.82 (d04cdb24d67b..., userDataDir: C:\Users\chaker\AppData\Loc...}, fedcm:accounts: true, goog:chromeOptions: {debuggerAddress: localhost:65419}, goog:processID: 13148, networkConnectionEnabled: false, pageLoadStrategy: normal, platformName: windows, proxy: Proxy(), se:cdp: ws://localhost:65419/devtoo..., se:cdpVersion: 152.0.7977.84, setWindowRect: true, strictFileInteractability: false, timeouts: {implicit: 0, pageLoad: 300000, script: 30000}, unhandledPromptBehavior: dismiss and notify, webauthn:extension:credBlob: true, webauthn:extension:largeBlob: true, webauthn:extension:minPinLength: true, webauthn:extension:prf: true, webauthn:virtualAuthenticators: true}
Session ID: e39fbf3849631a6170d40e9b1320caa5
2026-09-14 12:03:35 [TestNG-test-OrangeHRM Test 1-1] ERROR ActionDriver - This Element is not clickable: Expected condition failed: waiting for element found by By.xpath: //button[normalize-space()='Search'] to be clickable, but the element was not found: org.openqa.selenium.NoSuchElementException: no such element: Unable to locate element: {"method":"xpath","selector":"//button[normalize-space()='Search']"}.
(tried for 25 seconds with 500 milliseconds interval)
Build info: version: '4.49.0', revision: 'bedb24f bedb24f6f703876e7e4c5d506f0d697eb358c720'
System info: os.name: 'Windows 10', os.arch: 'amd64', os.version: '10.0', java.version: '17'
Driver info: org.openqa.selenium.chrome.ChromeDriver
Capabilities {acceptInsecureCerts: false, browserName: chrome, browserVersion: 152.0.7977.84, chrome: {chromedriverVersion: 152.0.7977.82 (d04cdb24d67b..., userDataDir: C:\Users\chaker\AppData\Loc...}, fedcm:accounts: true, goog:chromeOptions: {debuggerAddress: localhost:65419}, goog:processID: 13148, networkConnectionEnabled: false, pageLoadStrategy: normal, platformName: windows, proxy: Proxy(), se:cdp: ws://localhost:65419/devtoo..., se:cdpVersion: 152.0.7977.84, setWindowRect: true, strictFileInteractability: false, timeouts: {implicit: 0, pageLoad: 300000, script: 30000}, unhandledPromptBehavior: dismiss and notify, webauthn:extension:credBlob: true, webauthn:extension:largeBlob: true, webauthn:extension:minPinLength: true, webauthn:extension:prf: true, webauthn:virtualAuthenticators: true}
Session ID: e39fbf3849631a6170d40e9b1320caa5
2026-09-14 12:04:05 [TestNG-test-OrangeHRM Test 1-1] ERROR ActionDriver - Error when try to apply color in a border: no such element: Unable to locate element: {"method":"xpath","selector":"//button[normalize-space()='Search']"}
  (Session info: chrome=152.0.7977.84)
For documentation on this error, please visit: https://www.selenium.dev/documentation/webdriver/troubleshooting/errors#nosuchelementexception
Build info: version: '4.49.0', revision: 'bedb24f bedb24f6f703876e7e4c5d506f0d697eb358c720'
System info: os.name: 'Windows 10', os.arch: 'amd64', os.version: '10.0', java.version: '17'
Driver info: org.openqa.selenium.chrome.ChromeDriver
Command: [e39fbf3849631a6170d40e9b1320caa5, findElement {using=xpath, value=//button[normalize-space()='Search']}]
Capabilities {acceptInsecureCerts: false, browserName: chrome, browserVersion: 152.0.7977.84, chrome: {chromedriverVersion: 152.0.7977.82 (d04cdb24d67b..., userDataDir: C:\Users\chaker\AppData\Loc...}, fedcm:accounts: true, goog:chromeOptions: {debuggerAddress: localhost:65419}, goog:processID: 13148, networkConnectionEnabled: false, pageLoadStrategy: normal, platformName: windows, proxy: Proxy(), se:cdp: ws://localhost:65419/devtoo..., se:cdpVersion: 152.0.7977.84, setWindowRect: true, strictFileInteractability: false, timeouts: {implicit: 0, pageLoad: 300000, script: 30000}, unhandledPromptBehavior: dismiss and notify, webauthn:extension:credBlob: true, webauthn:extension:largeBlob: true, webauthn:extension:minPinLength: true, webauthn:extension:prf: true, webauthn:virtualAuthenticators: true}
Session ID: e39fbf3849631a6170d40e9b1320caa5
2026-09-14 12:04:06 [TestNG-test-OrangeHRM Test 1-1] ERROR ActionDriver - Element is not clickable: no such element: Unable to locate element: {"method":"xpath","selector":"//button[normalize-space()='Search']"}
  (Session info: chrome=152.0.7977.84)
For documentation on this error, please visit: https://www.selenium.dev/documentation/webdriver/troubleshooting/errors#nosuchelementexception
Build info: version: '4.49.0', revision: 'bedb24f bedb24f6f703876e7e4c5d506f0d697eb358c720'
System info: os.name: 'Windows 10', os.arch: 'amd64', os.version: '10.0', java.version: '17'
Driver info: org.openqa.selenium.chrome.ChromeDriver
Command: [e39fbf3849631a6170d40e9b1320caa5, findElement {using=xpath, value=//button[normalize-space()='Search']}]
Capabilities {acceptInsecureCerts: false, browserName: chrome, browserVersion: 152.0.7977.84, chrome: {chromedriverVersion: 152.0.7977.82 (d04cdb24d67b..., userDataDir: C:\Users\chaker\AppData\Loc...}, fedcm:accounts: true, goog:chromeOptions: {debuggerAddress: localhost:65419}, goog:processID: 13148, networkConnectionEnabled: false, pageLoadStrategy: normal, platformName: windows, proxy: Proxy(), se:cdp: ws://localhost:65419/devtoo..., se:cdpVersion: 152.0.7977.84, setWindowRect: true, strictFileInteractability: false, timeouts: {implicit: 0, pageLoad: 300000, script: 30000}, unhandledPromptBehavior: dismiss and notify, webauthn:extension:credBlob: true, webauthn:extension:largeBlob: true, webauthn:extension:minPinLength: true, webauthn:extension:prf: true, webauthn:virtualAuthenticators: true}
Session ID: e39fbf3849631a6170d40e9b1320caa5
2026-09-14 12:04:36 [TestNG-test-OrangeHRM Test 1-1] ERROR ActionDriver - This Element is not visible: Expected condition failed: waiting for visibility of element found by By.xpath: //div[@class='oxd-table-card']/div/div[3], but... org.openqa.selenium.NoSuchElementException: no such element: Unable to locate element: {"method":"xpath","selector":"//div[@class='oxd-table-card']/div/div[3]"}.
(tried for 25 seconds with 500 milliseconds interval)
Build info: version: '4.49.0', revision: 'bedb24f bedb24f6f703876e7e4c5d506f0d697eb358c720'
System info: os.name: 'Windows 10', os.arch: 'amd64', os.version: '10.0', java.version: '17'
Driver info: org.openqa.selenium.chrome.ChromeDriver
Capabilities {acceptInsecureCerts: false, browserName: chrome, browserVersion: 152.0.7977.84, chrome: {chromedriverVersion: 152.0.7977.82 (d04cdb24d67b..., userDataDir: C:\Users\chaker\AppData\Loc...}, fedcm:accounts: true, goog:chromeOptions: {debuggerAddress: localhost:65419}, goog:processID: 13148, networkConnectionEnabled: false, pageLoadStrategy: normal, platformName: windows, proxy: Proxy(), se:cdp: ws://localhost:65419/devtoo..., se:cdpVersion: 152.0.7977.84, setWindowRect: true, strictFileInteractability: false, timeouts: {implicit: 0, pageLoad: 300000, script: 30000}, unhandledPromptBehavior: dismiss and notify, webauthn:extension:credBlob: true, webauthn:extension:largeBlob: true, webauthn:extension:minPinLength: true, webauthn:extension:prf: true, webauthn:virtualAuthenticators: true}
Session ID: e39fbf3849631a6170d40e9b1320caa5
2026-09-14 12:06:59 [TestNG-test-OrangeHRM Test 1-1] ERROR ActionDriver - Error when try to apply color in a border: no such element: Unable to locate element: {"method":"css selector","selector":"button[type='submit']"}
  (Session info: chrome=152.0.7977.84)
For documentation on this error, please visit: https://www.selenium.dev/documentation/webdriver/troubleshooting/errors#nosuchelementexception
Build info: version: '4.49.0', revision: 'bedb24f bedb24f6f703876e7e4c5d506f0d697eb358c720'
System info: os.name: 'Windows 10', os.arch: 'amd64', os.version: '10.0', java.version: '17'
Driver info: org.openqa.selenium.chrome.ChromeDriver
Command: [5eb06749cab57f7d67037ab18d35f8b9, findElement {value=button[type='submit'], using=css selector}]
Capabilities {acceptInsecureCerts: false, browserName: chrome, browserVersion: 152.0.7977.84, chrome: {chromedriverVersion: 152.0.7977.82 (d04cdb24d67b..., userDataDir: C:\Users\chaker\AppData\Loc...}, fedcm:accounts: true, goog:chromeOptions: {debuggerAddress: localhost:63813}, goog:processID: 10344, networkConnectionEnabled: false, pageLoadStrategy: normal, platformName: windows, proxy: Proxy(), se:cdp: ws://localhost:63813/devtoo..., se:cdpVersion: 152.0.7977.84, setWindowRect: true, strictFileInteractability: false, timeouts: {implicit: 0, pageLoad: 300000, script: 30000}, unhandledPromptBehavior: dismiss and notify, webauthn:extension:credBlob: true, webauthn:extension:largeBlob: true, webauthn:extension:minPinLength: true, webauthn:extension:prf: true, webauthn:virtualAuthenticators: true}
Session ID: 5eb06749cab57f7d67037ab18d35f8b9
2026-09-14 12:07:05 [TestNG-test-OrangeHRM Test 1-2] ERROR ActionDriver - Error when try to apply color in a border: no such element: Unable to locate element: {"method":"css selector","selector":"button[type='submit']"}
  (Session info: chrome=152.0.7977.84)
For documentation on this error, please visit: https://www.selenium.dev/documentation/webdriver/troubleshooting/errors#nosuchelementexception
Build info: version: '4.49.0', revision: 'bedb24f bedb24f6f703876e7e4c5d506f0d697eb358c720'
System info: os.name: 'Windows 10', os.arch: 'amd64', os.version: '10.0', java.version: '17'
Driver info: org.openqa.selenium.chrome.ChromeDriver
Command: [3e261e2207f9b28f6b1ceab0a676b52a, findElement {value=button[type='submit'], using=css selector}]
Capabilities {acceptInsecureCerts: false, browserName: chrome, browserVersion: 152.0.7977.84, chrome: {chromedriverVersion: 152.0.7977.82 (d04cdb24d67b..., userDataDir: C:\Users\chaker\AppData\Loc...}, fedcm:accounts: true, goog:chromeOptions: {debuggerAddress: localhost:52045}, goog:processID: 31544, networkConnectionEnabled: false, pageLoadStrategy: normal, platformName: windows, proxy: Proxy(), se:cdp: ws://localhost:52045/devtoo..., se:cdpVersion: 152.0.7977.84, setWindowRect: true, strictFileInteractability: false, timeouts: {implicit: 0, pageLoad: 300000, script: 30000}, unhandledPromptBehavior: dismiss and notify, webauthn:extension:credBlob: true, webauthn:extension:largeBlob: true, webauthn:extension:minPinLength: true, webauthn:extension:prf: true, webauthn:virtualAuthenticators: true}
Session ID: 3e261e2207f9b28f6b1ceab0a676b52a
2026-09-14 12:07:27 [TestNG-test-OrangeHRM Test 1-3] ERROR ActionDriver - Error when try to apply color in a border: no such element: Unable to locate element: {"method":"css selector","selector":"button[type='submit']"}
  (Session info: chrome=152.0.7977.84)
For documentation on this error, please visit: https://www.selenium.dev/documentation/webdriver/troubleshooting/errors#nosuchelementexception
Build info: version: '4.49.0', revision: 'bedb24f bedb24f6f703876e7e4c5d506f0d697eb358c720'
System info: os.name: 'Windows 10', os.arch: 'amd64', os.version: '10.0', java.version: '17'
Driver info: org.openqa.selenium.chrome.ChromeDriver
Command: [5bc33db8e972a5a9447c993423b4ed38, findElement {value=button[type='submit'], using=css selector}]
Capabilities {acceptInsecureCerts: false, browserName: chrome, browserVersion: 152.0.7977.84, chrome: {chromedriverVersion: 152.0.7977.82 (d04cdb24d67b..., userDataDir: C:\Users\chaker\AppData\Loc...}, fedcm:accounts: true, goog:chromeOptions: {debuggerAddress: localhost:60976}, goog:processID: 13564, networkConnectionEnabled: false, pageLoadStrategy: normal, platformName: windows, proxy: Proxy(), se:cdp: ws://localhost:60976/devtoo..., se:cdpVersion: 152.0.7977.84, setWindowRect: true, strictFileInteractability: false, timeouts: {implicit: 0, pageLoad: 300000, script: 30000}, unhandledPromptBehavior: dismiss and notify, webauthn:extension:credBlob: true, webauthn:extension:largeBlob: true, webauthn:extension:minPinLength: true, webauthn:extension:prf: true, webauthn:virtualAuthenticators: true}
Session ID: 5bc33db8e972a5a9447c993423b4ed38
2026-09-14 12:07:27 [TestNG-test-OrangeHRM Test 1-4] ERROR ActionDriver - Error when try to apply color in a border: no such element: Unable to locate element: {"method":"css selector","selector":"button[type='submit']"}
  (Session info: chrome=152.0.7977.84)
For documentation on this error, please visit: https://www.selenium.dev/documentation/webdriver/troubleshooting/errors#nosuchelementexception
Build info: version: '4.49.0', revision: 'bedb24f bedb24f6f703876e7e4c5d506f0d697eb358c720'
System info: os.name: 'Windows 10', os.arch: 'amd64', os.version: '10.0', java.version: '17'
Driver info: org.openqa.selenium.chrome.ChromeDriver
Command: [042d56eace700a0a1899f40eb85bd6ba, findElement {value=button[type='submit'], using=css selector}]
Capabilities {acceptInsecureCerts: false, browserName: chrome, browserVersion: 152.0.7977.84, chrome: {chromedriverVersion: 152.0.7977.82 (d04cdb24d67b..., userDataDir: C:\Users\chaker\AppData\Loc...}, fedcm:accounts: true, goog:chromeOptions: {debuggerAddress: localhost:56650}, goog:processID: 2864, networkConnectionEnabled: false, pageLoadStrategy: normal, platformName: windows, proxy: Proxy(), se:cdp: ws://localhost:56650/devtoo..., se:cdpVersion: 152.0.7977.84, setWindowRect: true, strictFileInteractability: false, timeouts: {implicit: 0, pageLoad: 300000, script: 30000}, unhandledPromptBehavior: dismiss and notify, webauthn:extension:credBlob: true, webauthn:extension:largeBlob: true, webauthn:extension:minPinLength: true, webauthn:extension:prf: true, webauthn:virtualAuthenticators: true}
Session ID: 042d56eace700a0a1899f40eb85bd6ba
2026-09-14 12:07:42 [TestNG-test-OrangeHRM Test 1-3] ERROR ActionDriver - Unable to describe the element: no such element: Unable to locate element: {"method":"xpath","selector":"//span[normalize-space()='Admin']//span[normalize-space()='Admin']"}
  (Session info: chrome=152.0.7977.84)
For documentation on this error, please visit: https://www.selenium.dev/documentation/webdriver/troubleshooting/errors#nosuchelementexception
Build info: version: '4.49.0', revision: 'bedb24f bedb24f6f703876e7e4c5d506f0d697eb358c720'
System info: os.name: 'Windows 10', os.arch: 'amd64', os.version: '10.0', java.version: '17'
Driver info: org.openqa.selenium.chrome.ChromeDriver
Command: [5bc33db8e972a5a9447c993423b4ed38, findElement {value=//span[normalize-space()='Admin']//span[normalize-space()='Admin'], using=xpath}]
Capabilities {acceptInsecureCerts: false, browserName: chrome, browserVersion: 152.0.7977.84, chrome: {chromedriverVersion: 152.0.7977.82 (d04cdb24d67b..., userDataDir: C:\Users\chaker\AppData\Loc...}, fedcm:accounts: true, goog:chromeOptions: {debuggerAddress: localhost:60976}, goog:processID: 13564, networkConnectionEnabled: false, pageLoadStrategy: normal, platformName: windows, proxy: Proxy(), se:cdp: ws://localhost:60976/devtoo..., se:cdpVersion: 152.0.7977.84, setWindowRect: true, strictFileInteractability: false, timeouts: {implicit: 0, pageLoad: 300000, script: 30000}, unhandledPromptBehavior: dismiss and notify, webauthn:extension:credBlob: true, webauthn:extension:largeBlob: true, webauthn:extension:minPinLength: true, webauthn:extension:prf: true, webauthn:virtualAuthenticators: true}
Session ID: 5bc33db8e972a5a9447c993423b4ed38
2026-09-14 12:07:42 [TestNG-test-OrangeHRM Test 1-4] ERROR ActionDriver - Unable to describe the element: no such element: Unable to locate element: {"method":"xpath","selector":"//span[normalize-space()='Admin']//span[normalize-space()='Admin']"}
  (Session info: chrome=152.0.7977.84)
For documentation on this error, please visit: https://www.selenium.dev/documentation/webdriver/troubleshooting/errors#nosuchelementexception
Build info: version: '4.49.0', revision: 'bedb24f bedb24f6f703876e7e4c5d506f0d697eb358c720'
System info: os.name: 'Windows 10', os.arch: 'amd64', os.version: '10.0', java.version: '17'
Driver info: org.openqa.selenium.chrome.ChromeDriver
Command: [042d56eace700a0a1899f40eb85bd6ba, findElement {value=//span[normalize-space()='Admin']//span[normalize-space()='Admin'], using=xpath}]
Capabilities {acceptInsecureCerts: false, browserName: chrome, browserVersion: 152.0.7977.84, chrome: {chromedriverVersion: 152.0.7977.82 (d04cdb24d67b..., userDataDir: C:\Users\chaker\AppData\Loc...}, fedcm:accounts: true, goog:chromeOptions: {debuggerAddress: localhost:56650}, goog:processID: 2864, networkConnectionEnabled: false, pageLoadStrategy: normal, platformName: windows, proxy: Proxy(), se:cdp: ws://localhost:56650/devtoo..., se:cdpVersion: 152.0.7977.84, setWindowRect: true, strictFileInteractability: false, timeouts: {implicit: 0, pageLoad: 300000, script: 30000}, unhandledPromptBehavior: dismiss and notify, webauthn:extension:credBlob: true, webauthn:extension:largeBlob: true, webauthn:extension:minPinLength: true, webauthn:extension:prf: true, webauthn:virtualAuthenticators: true}
Session ID: 042d56eace700a0a1899f40eb85bd6ba
2026-09-14 12:08:27 [TestNG-test-OrangeHRM Test 1-4] ERROR ActionDriver - Error when try to apply color in a border: no such element: Unable to locate element: {"method":"xpath","selector":"//span[normalize-space()='Admin']//span[normalize-space()='Admin']"}
  (Session info: chrome=152.0.7977.84)
For documentation on this error, please visit: https://www.selenium.dev/documentation/webdriver/troubleshooting/errors#nosuchelementexception
Build info: version: '4.49.0', revision: 'bedb24f bedb24f6f703876e7e4c5d506f0d697eb358c720'
System info: os.name: 'Windows 10', os.arch: 'amd64', os.version: '10.0', java.version: '17'
Driver info: org.openqa.selenium.chrome.ChromeDriver
Command: [042d56eace700a0a1899f40eb85bd6ba, findElement {value=//span[normalize-space()='Admin']//span[normalize-space()='Admin'], using=xpath}]
Capabilities {acceptInsecureCerts: false, browserName: chrome, browserVersion: 152.0.7977.84, chrome: {chromedriverVersion: 152.0.7977.82 (d04cdb24d67b..., userDataDir: C:\Users\chaker\AppData\Loc...}, fedcm:accounts: true, goog:chromeOptions: {debuggerAddress: localhost:56650}, goog:processID: 2864, networkConnectionEnabled: false, pageLoadStrategy: normal, platformName: windows, proxy: Proxy(), se:cdp: ws://localhost:56650/devtoo..., se:cdpVersion: 152.0.7977.84, setWindowRect: true, strictFileInteractability: false, timeouts: {implicit: 0, pageLoad: 300000, script: 30000}, unhandledPromptBehavior: dismiss and notify, webauthn:extension:credBlob: true, webauthn:extension:largeBlob: true, webauthn:extension:minPinLength: true, webauthn:extension:prf: true, webauthn:virtualAuthenticators: true}
Session ID: 042d56eace700a0a1899f40eb85bd6ba
2026-09-14 12:08:27 [TestNG-test-OrangeHRM Test 1-3] ERROR ActionDriver - Error when try to apply color in a border: no such element: Unable to locate element: {"method":"xpath","selector":"//span[normalize-space()='Admin']//span[normalize-space()='Admin']"}
  (Session info: chrome=152.0.7977.84)
For documentation on this error, please visit: https://www.selenium.dev/documentation/webdriver/troubleshooting/errors#nosuchelementexception
Build info: version: '4.49.0', revision: 'bedb24f bedb24f6f703876e7e4c5d506f0d697eb358c720'
System info: os.name: 'Windows 10', os.arch: 'amd64', os.version: '10.0', java.version: '17'
Driver info: org.openqa.selenium.chrome.ChromeDriver
Command: [5bc33db8e972a5a9447c993423b4ed38, findElement {value=//span[normalize-space()='Admin']//span[normalize-space()='Admin'], using=xpath}]
Capabilities {acceptInsecureCerts: false, browserName: chrome, browserVersion: 152.0.7977.84, chrome: {chromedriverVersion: 152.0.7977.82 (d04cdb24d67b..., userDataDir: C:\Users\chaker\AppData\Loc...}, fedcm:accounts: true, goog:chromeOptions: {debuggerAddress: localhost:60976}, goog:processID: 13564, networkConnectionEnabled: false, pageLoadStrategy: normal, platformName: windows, proxy: Proxy(), se:cdp: ws://localhost:60976/devtoo..., se:cdpVersion: 152.0.7977.84, setWindowRect: true, strictFileInteractability: false, timeouts: {implicit: 0, pageLoad: 300000, script: 30000}, unhandledPromptBehavior: dismiss and notify, webauthn:extension:credBlob: true, webauthn:extension:largeBlob: true, webauthn:extension:minPinLength: true, webauthn:extension:prf: true, webauthn:virtualAuthenticators: true}
Session ID: 5bc33db8e972a5a9447c993423b4ed38
2026-09-14 12:08:28 [TestNG-test-OrangeHRM Test 1-4] ERROR ActionDriver - Element is not displayed: Expected condition failed: waiting for visibility of element found by By.xpath: //span[normalize-space()='Admin']//span[normalize-space()='Admin'], but... org.openqa.selenium.NoSuchElementException: no such element: Unable to locate element: {"method":"xpath","selector":"//span[normalize-space()='Admin']//span[normalize-space()='Admin']"}.
(tried for 25 seconds with 500 milliseconds interval)
Build info: version: '4.49.0', revision: 'bedb24f bedb24f6f703876e7e4c5d506f0d697eb358c720'
System info: os.name: 'Windows 10', os.arch: 'amd64', os.version: '10.0', java.version: '17'
Driver info: org.openqa.selenium.chrome.ChromeDriver
Capabilities {acceptInsecureCerts: false, browserName: chrome, browserVersion: 152.0.7977.84, chrome: {chromedriverVersion: 152.0.7977.82 (d04cdb24d67b..., userDataDir: C:\Users\chaker\AppData\Loc...}, fedcm:accounts: true, goog:chromeOptions: {debuggerAddress: localhost:56650}, goog:processID: 2864, networkConnectionEnabled: false, pageLoadStrategy: normal, platformName: windows, proxy: Proxy(), se:cdp: ws://localhost:56650/devtoo..., se:cdpVersion: 152.0.7977.84, setWindowRect: true, strictFileInteractability: false, timeouts: {implicit: 0, pageLoad: 300000, script: 30000}, unhandledPromptBehavior: dismiss and notify, webauthn:extension:credBlob: true, webauthn:extension:largeBlob: true, webauthn:extension:minPinLength: true, webauthn:extension:prf: true, webauthn:virtualAuthenticators: true}
Session ID: 042d56eace700a0a1899f40eb85bd6ba
2026-09-14 12:08:28 [TestNG-test-OrangeHRM Test 1-3] ERROR ActionDriver - Element is not displayed: Expected condition failed: waiting for visibility of element found by By.xpath: //span[normalize-space()='Admin']//span[normalize-space()='Admin'], but... org.openqa.selenium.NoSuchElementException: no such element: Unable to locate element: {"method":"xpath","selector":"//span[normalize-space()='Admin']//span[normalize-space()='Admin']"}.
(tried for 25 seconds with 500 milliseconds interval)
Build info: version: '4.49.0', revision: 'bedb24f bedb24f6f703876e7e4c5d506f0d697eb358c720'
System info: os.name: 'Windows 10', os.arch: 'amd64', os.version: '10.0', java.version: '17'
Driver info: org.openqa.selenium.chrome.ChromeDriver
Capabilities {acceptInsecureCerts: false, browserName: chrome, browserVersion: 152.0.7977.84, chrome: {chromedriverVersion: 152.0.7977.82 (d04cdb24d67b..., userDataDir: C:\Users\chaker\AppData\Loc...}, fedcm:accounts: true, goog:chromeOptions: {debuggerAddress: localhost:60976}, goog:processID: 13564, networkConnectionEnabled: false, pageLoadStrategy: normal, platformName: windows, proxy: Proxy(), se:cdp: ws://localhost:60976/devtoo..., se:cdpVersion: 152.0.7977.84, setWindowRect: true, strictFileInteractability: false, timeouts: {implicit: 0, pageLoad: 300000, script: 30000}, unhandledPromptBehavior: dismiss and notify, webauthn:extension:credBlob: true, webauthn:extension:largeBlob: true, webauthn:extension:minPinLength: true, webauthn:extension:prf: true, webauthn:virtualAuthenticators: true}
Session ID: 5bc33db8e972a5a9447c993423b4ed38
2026-09-14 12:08:57 [TestNG-test-OrangeHRM Test 1-3] ERROR ActionDriver - Error when try to apply color in a border: no such element: Unable to locate element: {"method":"css selector","selector":"button[type='submit']"}
  (Session info: chrome=152.0.7977.84)
For documentation on this error, please visit: https://www.selenium.dev/documentation/webdriver/troubleshooting/errors#nosuchelementexception
Build info: version: '4.49.0', revision: 'bedb24f bedb24f6f703876e7e4c5d506f0d697eb358c720'
System info: os.name: 'Windows 10', os.arch: 'amd64', os.version: '10.0', java.version: '17'
Driver info: org.openqa.selenium.chrome.ChromeDriver
Command: [21f5aafd32e5376e707a7c37d07d5feb, findElement {value=button[type='submit'], using=css selector}]
Capabilities {acceptInsecureCerts: false, browserName: chrome, browserVersion: 152.0.7977.84, chrome: {chromedriverVersion: 152.0.7977.82 (d04cdb24d67b..., userDataDir: C:\Users\chaker\AppData\Loc...}, fedcm:accounts: true, goog:chromeOptions: {debuggerAddress: localhost:50466}, goog:processID: 5228, networkConnectionEnabled: false, pageLoadStrategy: normal, platformName: windows, proxy: Proxy(), se:cdp: ws://localhost:50466/devtoo..., se:cdpVersion: 152.0.7977.84, setWindowRect: true, strictFileInteractability: false, timeouts: {implicit: 0, pageLoad: 300000, script: 30000}, unhandledPromptBehavior: dismiss and notify, webauthn:extension:credBlob: true, webauthn:extension:largeBlob: true, webauthn:extension:minPinLength: true, webauthn:extension:prf: true, webauthn:virtualAuthenticators: true}
Session ID: 21f5aafd32e5376e707a7c37d07d5feb
2026-09-14 12:08:57 [TestNG-test-OrangeHRM Test 1-4] ERROR ActionDriver - Error when try to apply color in a border: no such element: Unable to locate element: {"method":"css selector","selector":"button[type='submit']"}
  (Session info: chrome=152.0.7977.84)
For documentation on this error, please visit: https://www.selenium.dev/documentation/webdriver/troubleshooting/errors#nosuchelementexception
Build info: version: '4.49.0', revision: 'bedb24f bedb24f6f703876e7e4c5d506f0d697eb358c720'
System info: os.name: 'Windows 10', os.arch: 'amd64', os.version: '10.0', java.version: '17'
Driver info: org.openqa.selenium.chrome.ChromeDriver
Command: [c4cfe40edf52787a545bb321a2008980, findElement {value=button[type='submit'], using=css selector}]
Capabilities {acceptInsecureCerts: false, browserName: chrome, browserVersion: 152.0.7977.84, chrome: {chromedriverVersion: 152.0.7977.82 (d04cdb24d67b..., userDataDir: C:\Users\chaker\AppData\Loc...}, fedcm:accounts: true, goog:chromeOptions: {debuggerAddress: localhost:58742}, goog:processID: 11416, networkConnectionEnabled: false, pageLoadStrategy: normal, platformName: windows, proxy: Proxy(), se:cdp: ws://localhost:58742/devtoo..., se:cdpVersion: 152.0.7977.84, setWindowRect: true, strictFileInteractability: false, timeouts: {implicit: 0, pageLoad: 300000, script: 30000}, unhandledPromptBehavior: dismiss and notify, webauthn:extension:credBlob: true, webauthn:extension:largeBlob: true, webauthn:extension:minPinLength: true, webauthn:extension:prf: true, webauthn:virtualAuthenticators: true}
Session ID: c4cfe40edf52787a545bb321a2008980
2026-09-14 12:09:12 [TestNG-test-OrangeHRM Test 1-4] ERROR ActionDriver - Unable to describe the element: no such element: Unable to locate element: {"method":"xpath","selector":"//span[normalize-space()='Admin']//span[normalize-space()='Admin']"}
  (Session info: chrome=152.0.7977.84)
For documentation on this error, please visit: https://www.selenium.dev/documentation/webdriver/troubleshooting/errors#nosuchelementexception
Build info: version: '4.49.0', revision: 'bedb24f bedb24f6f703876e7e4c5d506f0d697eb358c720'
System info: os.name: 'Windows 10', os.arch: 'amd64', os.version: '10.0', java.version: '17'
Driver info: org.openqa.selenium.chrome.ChromeDriver
Command: [c4cfe40edf52787a545bb321a2008980, findElement {value=//span[normalize-space()='Admin']//span[normalize-space()='Admin'], using=xpath}]
Capabilities {acceptInsecureCerts: false, browserName: chrome, browserVersion: 152.0.7977.84, chrome: {chromedriverVersion: 152.0.7977.82 (d04cdb24d67b..., userDataDir: C:\Users\chaker\AppData\Loc...}, fedcm:accounts: true, goog:chromeOptions: {debuggerAddress: localhost:58742}, goog:processID: 11416, networkConnectionEnabled: false, pageLoadStrategy: normal, platformName: windows, proxy: Proxy(), se:cdp: ws://localhost:58742/devtoo..., se:cdpVersion: 152.0.7977.84, setWindowRect: true, strictFileInteractability: false, timeouts: {implicit: 0, pageLoad: 300000, script: 30000}, unhandledPromptBehavior: dismiss and notify, webauthn:extension:credBlob: true, webauthn:extension:largeBlob: true, webauthn:extension:minPinLength: true, webauthn:extension:prf: true, webauthn:virtualAuthenticators: true}
Session ID: c4cfe40edf52787a545bb321a2008980
2026-09-14 12:09:12 [TestNG-test-OrangeHRM Test 1-3] ERROR ActionDriver - Unable to describe the element: no such element: Unable to locate element: {"method":"xpath","selector":"//span[normalize-space()='Admin']//span[normalize-space()='Admin']"}
  (Session info: chrome=152.0.7977.84)
For documentation on this error, please visit: https://www.selenium.dev/documentation/webdriver/troubleshooting/errors#nosuchelementexception
Build info: version: '4.49.0', revision: 'bedb24f bedb24f6f703876e7e4c5d506f0d697eb358c720'
System info: os.name: 'Windows 10', os.arch: 'amd64', os.version: '10.0', java.version: '17'
Driver info: org.openqa.selenium.chrome.ChromeDriver
Command: [21f5aafd32e5376e707a7c37d07d5feb, findElement {value=//span[normalize-space()='Admin']//span[normalize-space()='Admin'], using=xpath}]
Capabilities {acceptInsecureCerts: false, browserName: chrome, browserVersion: 152.0.7977.84, chrome: {chromedriverVersion: 152.0.7977.82 (d04cdb24d67b..., userDataDir: C:\Users\chaker\AppData\Loc...}, fedcm:accounts: true, goog:chromeOptions: {debuggerAddress: localhost:50466}, goog:processID: 5228, networkConnectionEnabled: false, pageLoadStrategy: normal, platformName: windows, proxy: Proxy(), se:cdp: ws://localhost:50466/devtoo..., se:cdpVersion: 152.0.7977.84, setWindowRect: true, strictFileInteractability: false, timeouts: {implicit: 0, pageLoad: 300000, script: 30000}, unhandledPromptBehavior: dismiss and notify, webauthn:extension:credBlob: true, webauthn:extension:largeBlob: true, webauthn:extension:minPinLength: true, webauthn:extension:prf: true, webauthn:virtualAuthenticators: true}
Session ID: 21f5aafd32e5376e707a7c37d07d5feb
2026-09-14 12:09:58 [TestNG-test-OrangeHRM Test 1-3] ERROR ActionDriver - Error when try to apply color in a border: no such element: Unable to locate element: {"method":"xpath","selector":"//span[normalize-space()='Admin']//span[normalize-space()='Admin']"}
  (Session info: chrome=152.0.7977.84)
For documentation on this error, please visit: https://www.selenium.dev/documentation/webdriver/troubleshooting/errors#nosuchelementexception
Build info: version: '4.49.0', revision: 'bedb24f bedb24f6f703876e7e4c5d506f0d697eb358c720'
System info: os.name: 'Windows 10', os.arch: 'amd64', os.version: '10.0', java.version: '17'
Driver info: org.openqa.selenium.chrome.ChromeDriver
Command: [21f5aafd32e5376e707a7c37d07d5feb, findElement {value=//span[normalize-space()='Admin']//span[normalize-space()='Admin'], using=xpath}]
Capabilities {acceptInsecureCerts: false, browserName: chrome, browserVersion: 152.0.7977.84, chrome: {chromedriverVersion: 152.0.7977.82 (d04cdb24d67b..., userDataDir: C:\Users\chaker\AppData\Loc...}, fedcm:accounts: true, goog:chromeOptions: {debuggerAddress: localhost:50466}, goog:processID: 5228, networkConnectionEnabled: false, pageLoadStrategy: normal, platformName: windows, proxy: Proxy(), se:cdp: ws://localhost:50466/devtoo..., se:cdpVersion: 152.0.7977.84, setWindowRect: true, strictFileInteractability: false, timeouts: {implicit: 0, pageLoad: 300000, script: 30000}, unhandledPromptBehavior: dismiss and notify, webauthn:extension:credBlob: true, webauthn:extension:largeBlob: true, webauthn:extension:minPinLength: true, webauthn:extension:prf: true, webauthn:virtualAuthenticators: true}
Session ID: 21f5aafd32e5376e707a7c37d07d5feb
2026-09-14 12:09:58 [TestNG-test-OrangeHRM Test 1-4] ERROR ActionDriver - Error when try to apply color in a border: no such element: Unable to locate element: {"method":"xpath","selector":"//span[normalize-space()='Admin']//span[normalize-space()='Admin']"}
  (Session info: chrome=152.0.7977.84)
For documentation on this error, please visit: https://www.selenium.dev/documentation/webdriver/troubleshooting/errors#nosuchelementexception
Build info: version: '4.49.0', revision: 'bedb24f bedb24f6f703876e7e4c5d506f0d697eb358c720'
System info: os.name: 'Windows 10', os.arch: 'amd64', os.version: '10.0', java.version: '17'
Driver info: org.openqa.selenium.chrome.ChromeDriver
Command: [c4cfe40edf52787a545bb321a2008980, findElement {value=//span[normalize-space()='Admin']//span[normalize-space()='Admin'], using=xpath}]
Capabilities {acceptInsecureCerts: false, browserName: chrome, browserVersion: 152.0.7977.84, chrome: {chromedriverVersion: 152.0.7977.82 (d04cdb24d67b..., userDataDir: C:\Users\chaker\AppData\Loc...}, fedcm:accounts: true, goog:chromeOptions: {debuggerAddress: localhost:58742}, goog:processID: 11416, networkConnectionEnabled: false, pageLoadStrategy: normal, platformName: windows, proxy: Proxy(), se:cdp: ws://localhost:58742/devtoo..., se:cdpVersion: 152.0.7977.84, setWindowRect: true, strictFileInteractability: false, timeouts: {implicit: 0, pageLoad: 300000, script: 30000}, unhandledPromptBehavior: dismiss and notify, webauthn:extension:credBlob: true, webauthn:extension:largeBlob: true, webauthn:extension:minPinLength: true, webauthn:extension:prf: true, webauthn:virtualAuthenticators: true}
Session ID: c4cfe40edf52787a545bb321a2008980
2026-09-14 12:09:58 [TestNG-test-OrangeHRM Test 1-4] ERROR ActionDriver - Element is not displayed: Expected condition failed: waiting for visibility of element found by By.xpath: //span[normalize-space()='Admin']//span[normalize-space()='Admin'], but... org.openqa.selenium.NoSuchElementException: no such element: Unable to locate element: {"method":"xpath","selector":"//span[normalize-space()='Admin']//span[normalize-space()='Admin']"}.
(tried for 25 seconds with 500 milliseconds interval)
Build info: version: '4.49.0', revision: 'bedb24f bedb24f6f703876e7e4c5d506f0d697eb358c720'
System info: os.name: 'Windows 10', os.arch: 'amd64', os.version: '10.0', java.version: '17'
Driver info: org.openqa.selenium.chrome.ChromeDriver
Capabilities {acceptInsecureCerts: false, browserName: chrome, browserVersion: 152.0.7977.84, chrome: {chromedriverVersion: 152.0.7977.82 (d04cdb24d67b..., userDataDir: C:\Users\chaker\AppData\Loc...}, fedcm:accounts: true, goog:chromeOptions: {debuggerAddress: localhost:58742}, goog:processID: 11416, networkConnectionEnabled: false, pageLoadStrategy: normal, platformName: windows, proxy: Proxy(), se:cdp: ws://localhost:58742/devtoo..., se:cdpVersion: 152.0.7977.84, setWindowRect: true, strictFileInteractability: false, timeouts: {implicit: 0, pageLoad: 300000, script: 30000}, unhandledPromptBehavior: dismiss and notify, webauthn:extension:credBlob: true, webauthn:extension:largeBlob: true, webauthn:extension:minPinLength: true, webauthn:extension:prf: true, webauthn:virtualAuthenticators: true}
Session ID: c4cfe40edf52787a545bb321a2008980
2026-09-14 12:09:58 [TestNG-test-OrangeHRM Test 1-3] ERROR ActionDriver - Element is not displayed: Expected condition failed: waiting for visibility of element found by By.xpath: //span[normalize-space()='Admin']//span[normalize-space()='Admin'], but... org.openqa.selenium.NoSuchElementException: no such element: Unable to locate element: {"method":"xpath","selector":"//span[normalize-space()='Admin']//span[normalize-space()='Admin']"}.
(tried for 25 seconds with 500 milliseconds interval)
Build info: version: '4.49.0', revision: 'bedb24f bedb24f6f703876e7e4c5d506f0d697eb358c720'
System info: os.name: 'Windows 10', os.arch: 'amd64', os.version: '10.0', java.version: '17'
Driver info: org.openqa.selenium.chrome.ChromeDriver
Capabilities {acceptInsecureCerts: false, browserName: chrome, browserVersion: 152.0.7977.84, chrome: {chromedriverVersion: 152.0.7977.82 (d04cdb24d67b..., userDataDir: C:\Users\chaker\AppData\Loc...}, fedcm:accounts: true, goog:chromeOptions: {debuggerAddress: localhost:50466}, goog:processID: 5228, networkConnectionEnabled: false, pageLoadStrategy: normal, platformName: windows, proxy: Proxy(), se:cdp: ws://localhost:50466/devtoo..., se:cdpVersion: 152.0.7977.84, setWindowRect: true, strictFileInteractability: false, timeouts: {implicit: 0, pageLoad: 300000, script: 30000}, unhandledPromptBehavior: dismiss and notify, webauthn:extension:credBlob: true, webauthn:extension:largeBlob: true, webauthn:extension:minPinLength: true, webauthn:extension:prf: true, webauthn:virtualAuthenticators: true}
Session ID: 21f5aafd32e5376e707a7c37d07d5feb
2026-09-14 12:10:23 [TestNG-test-OrangeHRM Test 1-3] ERROR ActionDriver - Error when try to apply color in a border: no such element: Unable to locate element: {"method":"css selector","selector":"button[type='submit']"}
  (Session info: chrome=152.0.7977.84)
For documentation on this error, please visit: https://www.selenium.dev/documentation/webdriver/troubleshooting/errors#nosuchelementexception
Build info: version: '4.49.0', revision: 'bedb24f bedb24f6f703876e7e4c5d506f0d697eb358c720'
System info: os.name: 'Windows 10', os.arch: 'amd64', os.version: '10.0', java.version: '17'
Driver info: org.openqa.selenium.chrome.ChromeDriver
Command: [b6e2901bbed8e055a3fb5829d18a16a3, findElement {value=button[type='submit'], using=css selector}]
Capabilities {acceptInsecureCerts: false, browserName: chrome, browserVersion: 152.0.7977.84, chrome: {chromedriverVersion: 152.0.7977.82 (d04cdb24d67b..., userDataDir: C:\Users\chaker\AppData\Loc...}, fedcm:accounts: true, goog:chromeOptions: {debuggerAddress: localhost:51053}, goog:processID: 680, networkConnectionEnabled: false, pageLoadStrategy: normal, platformName: windows, proxy: Proxy(), se:cdp: ws://localhost:51053/devtoo..., se:cdpVersion: 152.0.7977.84, setWindowRect: true, strictFileInteractability: false, timeouts: {implicit: 0, pageLoad: 300000, script: 30000}, unhandledPromptBehavior: dismiss and notify, webauthn:extension:credBlob: true, webauthn:extension:largeBlob: true, webauthn:extension:minPinLength: true, webauthn:extension:prf: true, webauthn:virtualAuthenticators: true}
Session ID: b6e2901bbed8e055a3fb5829d18a16a3
2026-09-14 12:10:23 [TestNG-test-OrangeHRM Test 1-4] ERROR ActionDriver - Error when try to apply color in a border: no such element: Unable to locate element: {"method":"css selector","selector":"button[type='submit']"}
  (Session info: chrome=152.0.7977.84)
For documentation on this error, please visit: https://www.selenium.dev/documentation/webdriver/troubleshooting/errors#nosuchelementexception
Build info: version: '4.49.0', revision: 'bedb24f bedb24f6f703876e7e4c5d506f0d697eb358c720'
System info: os.name: 'Windows 10', os.arch: 'amd64', os.version: '10.0', java.version: '17'
Driver info: org.openqa.selenium.chrome.ChromeDriver
Command: [cd11ef4dd2db66aa702555b5dc2eb5e9, findElement {value=button[type='submit'], using=css selector}]
Capabilities {acceptInsecureCerts: false, browserName: chrome, browserVersion: 152.0.7977.84, chrome: {chromedriverVersion: 152.0.7977.82 (d04cdb24d67b..., userDataDir: C:\Users\chaker\AppData\Loc...}, fedcm:accounts: true, goog:chromeOptions: {debuggerAddress: localhost:51052}, goog:processID: 31788, networkConnectionEnabled: false, pageLoadStrategy: normal, platformName: windows, proxy: Proxy(), se:cdp: ws://localhost:51052/devtoo..., se:cdpVersion: 152.0.7977.84, setWindowRect: true, strictFileInteractability: false, timeouts: {implicit: 0, pageLoad: 300000, script: 30000}, unhandledPromptBehavior: dismiss and notify, webauthn:extension:credBlob: true, webauthn:extension:largeBlob: true, webauthn:extension:minPinLength: true, webauthn:extension:prf: true, webauthn:virtualAuthenticators: true}
Session ID: cd11ef4dd2db66aa702555b5dc2eb5e9
2026-09-14 12:10:38 [TestNG-test-OrangeHRM Test 1-3] ERROR ActionDriver - Unable to describe the element: no such element: Unable to locate element: {"method":"xpath","selector":"//span[normalize-space()='Admin']//span[normalize-space()='Admin']"}
  (Session info: chrome=152.0.7977.84)
For documentation on this error, please visit: https://www.selenium.dev/documentation/webdriver/troubleshooting/errors#nosuchelementexception
Build info: version: '4.49.0', revision: 'bedb24f bedb24f6f703876e7e4c5d506f0d697eb358c720'
System info: os.name: 'Windows 10', os.arch: 'amd64', os.version: '10.0', java.version: '17'
Driver info: org.openqa.selenium.chrome.ChromeDriver
Command: [b6e2901bbed8e055a3fb5829d18a16a3, findElement {value=//span[normalize-space()='Admin']//span[normalize-space()='Admin'], using=xpath}]
Capabilities {acceptInsecureCerts: false, browserName: chrome, browserVersion: 152.0.7977.84, chrome: {chromedriverVersion: 152.0.7977.82 (d04cdb24d67b..., userDataDir: C:\Users\chaker\AppData\Loc...}, fedcm:accounts: true, goog:chromeOptions: {debuggerAddress: localhost:51053}, goog:processID: 680, networkConnectionEnabled: false, pageLoadStrategy: normal, platformName: windows, proxy: Proxy(), se:cdp: ws://localhost:51053/devtoo..., se:cdpVersion: 152.0.7977.84, setWindowRect: true, strictFileInteractability: false, timeouts: {implicit: 0, pageLoad: 300000, script: 30000}, unhandledPromptBehavior: dismiss and notify, webauthn:extension:credBlob: true, webauthn:extension:largeBlob: true, webauthn:extension:minPinLength: true, webauthn:extension:prf: true, webauthn:virtualAuthenticators: true}
Session ID: b6e2901bbed8e055a3fb5829d18a16a3
2026-09-14 12:10:38 [TestNG-test-OrangeHRM Test 1-4] ERROR ActionDriver - Unable to describe the element: no such element: Unable to locate element: {"method":"xpath","selector":"//span[normalize-space()='Admin']//span[normalize-space()='Admin']"}
  (Session info: chrome=152.0.7977.84)
For documentation on this error, please visit: https://www.selenium.dev/documentation/webdriver/troubleshooting/errors#nosuchelementexception
Build info: version: '4.49.0', revision: 'bedb24f bedb24f6f703876e7e4c5d506f0d697eb358c720'
System info: os.name: 'Windows 10', os.arch: 'amd64', os.version: '10.0', java.version: '17'
Driver info: org.openqa.selenium.chrome.ChromeDriver
Command: [cd11ef4dd2db66aa702555b5dc2eb5e9, findElement {value=//span[normalize-space()='Admin']//span[normalize-space()='Admin'], using=xpath}]
Capabilities {acceptInsecureCerts: false, browserName: chrome, browserVersion: 152.0.7977.84, chrome: {chromedriverVersion: 152.0.7977.82 (d04cdb24d67b..., userDataDir: C:\Users\chaker\AppData\Loc...}, fedcm:accounts: true, goog:chromeOptions: {debuggerAddress: localhost:51052}, goog:processID: 31788, networkConnectionEnabled: false, pageLoadStrategy: normal, platformName: windows, proxy: Proxy(), se:cdp: ws://localhost:51052/devtoo..., se:cdpVersion: 152.0.7977.84, setWindowRect: true, strictFileInteractability: false, timeouts: {implicit: 0, pageLoad: 300000, script: 30000}, unhandledPromptBehavior: dismiss and notify, webauthn:extension:credBlob: true, webauthn:extension:largeBlob: true, webauthn:extension:minPinLength: true, webauthn:extension:prf: true, webauthn:virtualAuthenticators: true}
Session ID: cd11ef4dd2db66aa702555b5dc2eb5e9
2026-09-14 12:11:24 [TestNG-test-OrangeHRM Test 1-3] ERROR ActionDriver - Error when try to apply color in a border: no such element: Unable to locate element: {"method":"xpath","selector":"//span[normalize-space()='Admin']//span[normalize-space()='Admin']"}
  (Session info: chrome=152.0.7977.84)
For documentation on this error, please visit: https://www.selenium.dev/documentation/webdriver/troubleshooting/errors#nosuchelementexception
Build info: version: '4.49.0', revision: 'bedb24f bedb24f6f703876e7e4c5d506f0d697eb358c720'
System info: os.name: 'Windows 10', os.arch: 'amd64', os.version: '10.0', java.version: '17'
Driver info: org.openqa.selenium.chrome.ChromeDriver
Command: [b6e2901bbed8e055a3fb5829d18a16a3, findElement {value=//span[normalize-space()='Admin']//span[normalize-space()='Admin'], using=xpath}]
Capabilities {acceptInsecureCerts: false, browserName: chrome, browserVersion: 152.0.7977.84, chrome: {chromedriverVersion: 152.0.7977.82 (d04cdb24d67b..., userDataDir: C:\Users\chaker\AppData\Loc...}, fedcm:accounts: true, goog:chromeOptions: {debuggerAddress: localhost:51053}, goog:processID: 680, networkConnectionEnabled: false, pageLoadStrategy: normal, platformName: windows, proxy: Proxy(), se:cdp: ws://localhost:51053/devtoo..., se:cdpVersion: 152.0.7977.84, setWindowRect: true, strictFileInteractability: false, timeouts: {implicit: 0, pageLoad: 300000, script: 30000}, unhandledPromptBehavior: dismiss and notify, webauthn:extension:credBlob: true, webauthn:extension:largeBlob: true, webauthn:extension:minPinLength: true, webauthn:extension:prf: true, webauthn:virtualAuthenticators: true}
Session ID: b6e2901bbed8e055a3fb5829d18a16a3
2026-09-14 12:11:24 [TestNG-test-OrangeHRM Test 1-4] ERROR ActionDriver - Error when try to apply color in a border: no such element: Unable to locate element: {"method":"xpath","selector":"//span[normalize-space()='Admin']//span[normalize-space()='Admin']"}
  (Session info: chrome=152.0.7977.84)
For documentation on this error, please visit: https://www.selenium.dev/documentation/webdriver/troubleshooting/errors#nosuchelementexception
Build info: version: '4.49.0', revision: 'bedb24f bedb24f6f703876e7e4c5d506f0d697eb358c720'
System info: os.name: 'Windows 10', os.arch: 'amd64', os.version: '10.0', java.version: '17'
Driver info: org.openqa.selenium.chrome.ChromeDriver
Command: [cd11ef4dd2db66aa702555b5dc2eb5e9, findElement {value=//span[normalize-space()='Admin']//span[normalize-space()='Admin'], using=xpath}]
Capabilities {acceptInsecureCerts: false, browserName: chrome, browserVersion: 152.0.7977.84, chrome: {chromedriverVersion: 152.0.7977.82 (d04cdb24d67b..., userDataDir: C:\Users\chaker\AppData\Loc...}, fedcm:accounts: true, goog:chromeOptions: {debuggerAddress: localhost:51052}, goog:processID: 31788, networkConnectionEnabled: false, pageLoadStrategy: normal, platformName: windows, proxy: Proxy(), se:cdp: ws://localhost:51052/devtoo..., se:cdpVersion: 152.0.7977.84, setWindowRect: true, strictFileInteractability: false, timeouts: {implicit: 0, pageLoad: 300000, script: 30000}, unhandledPromptBehavior: dismiss and notify, webauthn:extension:credBlob: true, webauthn:extension:largeBlob: true, webauthn:extension:minPinLength: true, webauthn:extension:prf: true, webauthn:virtualAuthenticators: true}
Session ID: cd11ef4dd2db66aa702555b5dc2eb5e9
2026-09-14 12:11:24 [TestNG-test-OrangeHRM Test 1-3] ERROR ActionDriver - Element is not displayed: Expected condition failed: waiting for visibility of element found by By.xpath: //span[normalize-space()='Admin']//span[normalize-space()='Admin'], but... org.openqa.selenium.NoSuchElementException: no such element: Unable to locate element: {"method":"xpath","selector":"//span[normalize-space()='Admin']//span[normalize-space()='Admin']"}.
(tried for 25 seconds with 500 milliseconds interval)
Build info: version: '4.49.0', revision: 'bedb24f bedb24f6f703876e7e4c5d506f0d697eb358c720'
System info: os.name: 'Windows 10', os.arch: 'amd64', os.version: '10.0', java.version: '17'
Driver info: org.openqa.selenium.chrome.ChromeDriver
Capabilities {acceptInsecureCerts: false, browserName: chrome, browserVersion: 152.0.7977.84, chrome: {chromedriverVersion: 152.0.7977.82 (d04cdb24d67b..., userDataDir: C:\Users\chaker\AppData\Loc...}, fedcm:accounts: true, goog:chromeOptions: {debuggerAddress: localhost:51053}, goog:processID: 680, networkConnectionEnabled: false, pageLoadStrategy: normal, platformName: windows, proxy: Proxy(), se:cdp: ws://localhost:51053/devtoo..., se:cdpVersion: 152.0.7977.84, setWindowRect: true, strictFileInteractability: false, timeouts: {implicit: 0, pageLoad: 300000, script: 30000}, unhandledPromptBehavior: dismiss and notify, webauthn:extension:credBlob: true, webauthn:extension:largeBlob: true, webauthn:extension:minPinLength: true, webauthn:extension:prf: true, webauthn:virtualAuthenticators: true}
Session ID: b6e2901bbed8e055a3fb5829d18a16a3
2026-09-14 12:11:24 [TestNG-test-OrangeHRM Test 1-4] ERROR ActionDriver - Element is not displayed: Expected condition failed: waiting for visibility of element found by By.xpath: //span[normalize-space()='Admin']//span[normalize-space()='Admin'], but... org.openqa.selenium.NoSuchElementException: no such element: Unable to locate element: {"method":"xpath","selector":"//span[normalize-space()='Admin']//span[normalize-space()='Admin']"}.
(tried for 25 seconds with 500 milliseconds interval)
Build info: version: '4.49.0', revision: 'bedb24f bedb24f6f703876e7e4c5d506f0d697eb358c720'
System info: os.name: 'Windows 10', os.arch: 'amd64', os.version: '10.0', java.version: '17'
Driver info: org.openqa.selenium.chrome.ChromeDriver
Capabilities {acceptInsecureCerts: false, browserName: chrome, browserVersion: 152.0.7977.84, chrome: {chromedriverVersion: 152.0.7977.82 (d04cdb24d67b..., userDataDir: C:\Users\chaker\AppData\Loc...}, fedcm:accounts: true, goog:chromeOptions: {debuggerAddress: localhost:51052}, goog:processID: 31788, networkConnectionEnabled: false, pageLoadStrategy: normal, platformName: windows, proxy: Proxy(), se:cdp: ws://localhost:51052/devtoo..., se:cdpVersion: 152.0.7977.84, setWindowRect: true, strictFileInteractability: false, timeouts: {implicit: 0, pageLoad: 300000, script: 30000}, unhandledPromptBehavior: dismiss and notify, webauthn:extension:credBlob: true, webauthn:extension:largeBlob: true, webauthn:extension:minPinLength: true, webauthn:extension:prf: true, webauthn:virtualAuthenticators: true}
Session ID: cd11ef4dd2db66aa702555b5dc2eb5e9
2026-09-14 12:16:54 [TestNG-test-OrangeHRM Test 1-1] ERROR ActionDriver - Error when try to apply color in a border: no such element: Unable to locate element: {"method":"css selector","selector":"button[type='submit']"}
  (Session info: chrome=152.0.7977.84)
For documentation on this error, please visit: https://www.selenium.dev/documentation/webdriver/troubleshooting/errors#nosuchelementexception
Build info: version: '4.49.0', revision: 'bedb24f bedb24f6f703876e7e4c5d506f0d697eb358c720'
System info: os.name: 'Windows 10', os.arch: 'amd64', os.version: '10.0', java.version: '17'
Driver info: org.openqa.selenium.chrome.ChromeDriver
Command: [bd9448b551b4850ed13889596205c85d, findElement {value=button[type='submit'], using=css selector}]
Capabilities {acceptInsecureCerts: false, browserName: chrome, browserVersion: 152.0.7977.84, chrome: {chromedriverVersion: 152.0.7977.82 (d04cdb24d67b..., userDataDir: C:\Users\chaker\AppData\Loc...}, fedcm:accounts: true, goog:chromeOptions: {debuggerAddress: localhost:49256}, goog:processID: 7392, networkConnectionEnabled: false, pageLoadStrategy: normal, platformName: windows, proxy: Proxy(), se:cdp: ws://localhost:49256/devtoo..., se:cdpVersion: 152.0.7977.84, setWindowRect: true, strictFileInteractability: false, timeouts: {implicit: 0, pageLoad: 300000, script: 30000}, unhandledPromptBehavior: dismiss and notify, webauthn:extension:credBlob: true, webauthn:extension:largeBlob: true, webauthn:extension:minPinLength: true, webauthn:extension:prf: true, webauthn:virtualAuthenticators: true}
Session ID: bd9448b551b4850ed13889596205c85d
2026-09-14 12:17:00 [TestNG-test-OrangeHRM Test 1-2] ERROR ActionDriver - Error when try to apply color in a border: no such element: Unable to locate element: {"method":"css selector","selector":"button[type='submit']"}
  (Session info: chrome=152.0.7977.84)
For documentation on this error, please visit: https://www.selenium.dev/documentation/webdriver/troubleshooting/errors#nosuchelementexception
Build info: version: '4.49.0', revision: 'bedb24f bedb24f6f703876e7e4c5d506f0d697eb358c720'
System info: os.name: 'Windows 10', os.arch: 'amd64', os.version: '10.0', java.version: '17'
Driver info: org.openqa.selenium.chrome.ChromeDriver
Command: [bd733b8e769478e0c7ba7ebc0a1d4831, findElement {value=button[type='submit'], using=css selector}]
Capabilities {acceptInsecureCerts: false, browserName: chrome, browserVersion: 152.0.7977.84, chrome: {chromedriverVersion: 152.0.7977.82 (d04cdb24d67b..., userDataDir: C:\Users\chaker\AppData\Loc...}, fedcm:accounts: true, goog:chromeOptions: {debuggerAddress: localhost:64264}, goog:processID: 22020, networkConnectionEnabled: false, pageLoadStrategy: normal, platformName: windows, proxy: Proxy(), se:cdp: ws://localhost:64264/devtoo..., se:cdpVersion: 152.0.7977.84, setWindowRect: true, strictFileInteractability: false, timeouts: {implicit: 0, pageLoad: 300000, script: 30000}, unhandledPromptBehavior: dismiss and notify, webauthn:extension:credBlob: true, webauthn:extension:largeBlob: true, webauthn:extension:minPinLength: true, webauthn:extension:prf: true, webauthn:virtualAuthenticators: true}
Session ID: bd733b8e769478e0c7ba7ebc0a1d4831
2026-09-14 12:17:09 [TestNG-test-OrangeHRM Test 1-3] ERROR ActionDriver - Error when try to apply color in a border: no such element: Unable to locate element: {"method":"css selector","selector":"button[type='submit']"}
  (Session info: chrome=152.0.7977.84)
For documentation on this error, please visit: https://www.selenium.dev/documentation/webdriver/troubleshooting/errors#nosuchelementexception
Build info: version: '4.49.0', revision: 'bedb24f bedb24f6f703876e7e4c5d506f0d697eb358c720'
System info: os.name: 'Windows 10', os.arch: 'amd64', os.version: '10.0', java.version: '17'
Driver info: org.openqa.selenium.chrome.ChromeDriver
Command: [05dd63a7bfb46c2946d9727ddd6097a3, findElement {value=button[type='submit'], using=css selector}]
Capabilities {acceptInsecureCerts: false, browserName: chrome, browserVersion: 152.0.7977.84, chrome: {chromedriverVersion: 152.0.7977.82 (d04cdb24d67b..., userDataDir: C:\Users\chaker\AppData\Loc...}, fedcm:accounts: true, goog:chromeOptions: {debuggerAddress: localhost:57697}, goog:processID: 32680, networkConnectionEnabled: false, pageLoadStrategy: normal, platformName: windows, proxy: Proxy(), se:cdp: ws://localhost:57697/devtoo..., se:cdpVersion: 152.0.7977.84, setWindowRect: true, strictFileInteractability: false, timeouts: {implicit: 0, pageLoad: 300000, script: 30000}, unhandledPromptBehavior: dismiss and notify, webauthn:extension:credBlob: true, webauthn:extension:largeBlob: true, webauthn:extension:minPinLength: true, webauthn:extension:prf: true, webauthn:virtualAuthenticators: true}
Session ID: 05dd63a7bfb46c2946d9727ddd6097a3
2026-09-14 12:17:16 [TestNG-test-OrangeHRM Test 1-5] ERROR ActionDriver - Error when try to apply color in a border: no such element: Unable to locate element: {"method":"css selector","selector":"button[type='submit']"}
  (Session info: chrome=152.0.7977.84)
For documentation on this error, please visit: https://www.selenium.dev/documentation/webdriver/troubleshooting/errors#nosuchelementexception
Build info: version: '4.49.0', revision: 'bedb24f bedb24f6f703876e7e4c5d506f0d697eb358c720'
System info: os.name: 'Windows 10', os.arch: 'amd64', os.version: '10.0', java.version: '17'
Driver info: org.openqa.selenium.chrome.ChromeDriver
Command: [d94ddafbebc5ca17d8b90708aa488916, findElement {value=button[type='submit'], using=css selector}]
Capabilities {acceptInsecureCerts: false, browserName: chrome, browserVersion: 152.0.7977.84, chrome: {chromedriverVersion: 152.0.7977.82 (d04cdb24d67b..., userDataDir: C:\Users\chaker\AppData\Loc...}, fedcm:accounts: true, goog:chromeOptions: {debuggerAddress: localhost:51289}, goog:processID: 17940, networkConnectionEnabled: false, pageLoadStrategy: normal, platformName: windows, proxy: Proxy(), se:cdp: ws://localhost:51289/devtoo..., se:cdpVersion: 152.0.7977.84, setWindowRect: true, strictFileInteractability: false, timeouts: {implicit: 0, pageLoad: 300000, script: 30000}, unhandledPromptBehavior: dismiss and notify, webauthn:extension:credBlob: true, webauthn:extension:largeBlob: true, webauthn:extension:minPinLength: true, webauthn:extension:prf: true, webauthn:virtualAuthenticators: true}
Session ID: d94ddafbebc5ca17d8b90708aa488916
2026-09-14 12:17:26 [TestNG-test-OrangeHRM Test 1-3] ERROR ActionDriver - Error when try to apply color in a border: no such element: Unable to locate element: {"method":"link text","selector":"Logout"}
  (Session info: chrome=152.0.7977.84)
For documentation on this error, please visit: https://www.selenium.dev/documentation/webdriver/troubleshooting/errors#nosuchelementexception
Build info: version: '4.49.0', revision: 'bedb24f bedb24f6f703876e7e4c5d506f0d697eb358c720'
System info: os.name: 'Windows 10', os.arch: 'amd64', os.version: '10.0', java.version: '17'
Driver info: org.openqa.selenium.chrome.ChromeDriver
Command: [05dd63a7bfb46c2946d9727ddd6097a3, findElement {value=Logout, using=link text}]
Capabilities {acceptInsecureCerts: false, browserName: chrome, browserVersion: 152.0.7977.84, chrome: {chromedriverVersion: 152.0.7977.82 (d04cdb24d67b..., userDataDir: C:\Users\chaker\AppData\Loc...}, fedcm:accounts: true, goog:chromeOptions: {debuggerAddress: localhost:57697}, goog:processID: 32680, networkConnectionEnabled: false, pageLoadStrategy: normal, platformName: windows, proxy: Proxy(), se:cdp: ws://localhost:57697/devtoo..., se:cdpVersion: 152.0.7977.84, setWindowRect: true, strictFileInteractability: false, timeouts: {implicit: 0, pageLoad: 300000, script: 30000}, unhandledPromptBehavior: dismiss and notify, webauthn:extension:credBlob: true, webauthn:extension:largeBlob: true, webauthn:extension:minPinLength: true, webauthn:extension:prf: true, webauthn:virtualAuthenticators: true}
Session ID: 05dd63a7bfb46c2946d9727ddd6097a3
2026-09-14 12:17:32 [TestNG-test-OrangeHRM Test 1-5] ERROR ActionDriver - Error when try to apply color in a border: no such element: Unable to locate element: {"method":"link text","selector":"Logout"}
  (Session info: chrome=152.0.7977.84)
For documentation on this error, please visit: https://www.selenium.dev/documentation/webdriver/troubleshooting/errors#nosuchelementexception
Build info: version: '4.49.0', revision: 'bedb24f bedb24f6f703876e7e4c5d506f0d697eb358c720'
System info: os.name: 'Windows 10', os.arch: 'amd64', os.version: '10.0', java.version: '17'
Driver info: org.openqa.selenium.chrome.ChromeDriver
Command: [d94ddafbebc5ca17d8b90708aa488916, findElement {value=Logout, using=link text}]
Capabilities {acceptInsecureCerts: false, browserName: chrome, browserVersion: 152.0.7977.84, chrome: {chromedriverVersion: 152.0.7977.82 (d04cdb24d67b..., userDataDir: C:\Users\chaker\AppData\Loc...}, fedcm:accounts: true, goog:chromeOptions: {debuggerAddress: localhost:51289}, goog:processID: 17940, networkConnectionEnabled: false, pageLoadStrategy: normal, platformName: windows, proxy: Proxy(), se:cdp: ws://localhost:51289/devtoo..., se:cdpVersion: 152.0.7977.84, setWindowRect: true, strictFileInteractability: false, timeouts: {implicit: 0, pageLoad: 300000, script: 30000}, unhandledPromptBehavior: dismiss and notify, webauthn:extension:credBlob: true, webauthn:extension:largeBlob: true, webauthn:extension:minPinLength: true, webauthn:extension:prf: true, webauthn:virtualAuthenticators: true}
Session ID: d94ddafbebc5ca17d8b90708aa488916
2026-09-14 13:51:26 [TestNG-test-OrangeHRM Test 1-2] ERROR ActionDriver - Error when try to apply color in a border: no such element: Unable to locate element: {"method":"css selector","selector":"button[type='submit']"}
  (Session info: chrome=152.0.7977.84)
For documentation on this error, please visit: https://www.selenium.dev/documentation/webdriver/troubleshooting/errors#nosuchelementexception
Build info: version: '4.49.0', revision: 'bedb24f bedb24f6f703876e7e4c5d506f0d697eb358c720'
System info: os.name: 'Windows 10', os.arch: 'amd64', os.version: '10.0', java.version: '17'
Driver info: org.openqa.selenium.chrome.ChromeDriver
Command: [c0bef2812852ba3166ddbeba2054683e, findElement {using=css selector, value=button[type='submit']}]
Capabilities {acceptInsecureCerts: false, browserName: chrome, browserVersion: 152.0.7977.84, chrome: {chromedriverVersion: 152.0.7977.82 (d04cdb24d67b..., userDataDir: C:\Users\chaker\AppData\Loc...}, fedcm:accounts: true, goog:chromeOptions: {debuggerAddress: localhost:53506}, goog:processID: 22872, networkConnectionEnabled: false, pageLoadStrategy: normal, platformName: windows, proxy: Proxy(), se:cdp: ws://localhost:53506/devtoo..., se:cdpVersion: 152.0.7977.84, setWindowRect: true, strictFileInteractability: false, timeouts: {implicit: 0, pageLoad: 300000, script: 30000}, unhandledPromptBehavior: dismiss and notify, webauthn:extension:credBlob: true, webauthn:extension:largeBlob: true, webauthn:extension:minPinLength: true, webauthn:extension:prf: true, webauthn:virtualAuthenticators: true}
Session ID: c0bef2812852ba3166ddbeba2054683e
2026-09-14 13:51:26 [TestNG-test-OrangeHRM Test 1-1] ERROR ActionDriver - Error when try to apply color in a border: no such element: Unable to locate element: {"method":"css selector","selector":"button[type='submit']"}
  (Session info: chrome=152.0.7977.84)
For documentation on this error, please visit: https://www.selenium.dev/documentation/webdriver/troubleshooting/errors#nosuchelementexception
Build info: version: '4.49.0', revision: 'bedb24f bedb24f6f703876e7e4c5d506f0d697eb358c720'
System info: os.name: 'Windows 10', os.arch: 'amd64', os.version: '10.0', java.version: '17'
Driver info: org.openqa.selenium.chrome.ChromeDriver
Command: [699f60694a773b665c6c7923452bb4f1, findElement {using=css selector, value=button[type='submit']}]
Capabilities {acceptInsecureCerts: false, browserName: chrome, browserVersion: 152.0.7977.84, chrome: {chromedriverVersion: 152.0.7977.82 (d04cdb24d67b..., userDataDir: C:\Users\chaker\AppData\Loc...}, fedcm:accounts: true, goog:chromeOptions: {debuggerAddress: localhost:52010}, goog:processID: 28368, networkConnectionEnabled: false, pageLoadStrategy: normal, platformName: windows, proxy: Proxy(), se:cdp: ws://localhost:52010/devtoo..., se:cdpVersion: 152.0.7977.84, setWindowRect: true, strictFileInteractability: false, timeouts: {implicit: 0, pageLoad: 300000, script: 30000}, unhandledPromptBehavior: dismiss and notify, webauthn:extension:credBlob: true, webauthn:extension:largeBlob: true, webauthn:extension:minPinLength: true, webauthn:extension:prf: true, webauthn:virtualAuthenticators: true}
Session ID: 699f60694a773b665c6c7923452bb4f1
2026-09-14 13:51:43 [TestNG-test-OrangeHRM Test 1-3] ERROR ActionDriver - Error when try to apply color in a border: no such element: Unable to locate element: {"method":"css selector","selector":"button[type='submit']"}
  (Session info: chrome=152.0.7977.84)
For documentation on this error, please visit: https://www.selenium.dev/documentation/webdriver/troubleshooting/errors#nosuchelementexception
Build info: version: '4.49.0', revision: 'bedb24f bedb24f6f703876e7e4c5d506f0d697eb358c720'
System info: os.name: 'Windows 10', os.arch: 'amd64', os.version: '10.0', java.version: '17'
Driver info: org.openqa.selenium.chrome.ChromeDriver
Command: [fcd459a33c47a22650b6018faec2761d, findElement {using=css selector, value=button[type='submit']}]
Capabilities {acceptInsecureCerts: false, browserName: chrome, browserVersion: 152.0.7977.84, chrome: {chromedriverVersion: 152.0.7977.82 (d04cdb24d67b..., userDataDir: C:\Users\chaker\AppData\Loc...}, fedcm:accounts: true, goog:chromeOptions: {debuggerAddress: localhost:57312}, goog:processID: 23936, networkConnectionEnabled: false, pageLoadStrategy: normal, platformName: windows, proxy: Proxy(), se:cdp: ws://localhost:57312/devtoo..., se:cdpVersion: 152.0.7977.84, setWindowRect: true, strictFileInteractability: false, timeouts: {implicit: 0, pageLoad: 300000, script: 30000}, unhandledPromptBehavior: dismiss and notify, webauthn:extension:credBlob: true, webauthn:extension:largeBlob: true, webauthn:extension:minPinLength: true, webauthn:extension:prf: true, webauthn:virtualAuthenticators: true}
Session ID: fcd459a33c47a22650b6018faec2761d
2026-09-14 13:51:46 [TestNG-test-OrangeHRM Test 1-5] ERROR ActionDriver - Error when try to apply color in a border: no such element: Unable to locate element: {"method":"css selector","selector":"button[type='submit']"}
  (Session info: chrome=152.0.7977.84)
For documentation on this error, please visit: https://www.selenium.dev/documentation/webdriver/troubleshooting/errors#nosuchelementexception
Build info: version: '4.49.0', revision: 'bedb24f bedb24f6f703876e7e4c5d506f0d697eb358c720'
System info: os.name: 'Windows 10', os.arch: 'amd64', os.version: '10.0', java.version: '17'
Driver info: org.openqa.selenium.chrome.ChromeDriver
Command: [fb0602530f4c9af4949c06f6cdbb5988, findElement {using=css selector, value=button[type='submit']}]
Capabilities {acceptInsecureCerts: false, browserName: chrome, browserVersion: 152.0.7977.84, chrome: {chromedriverVersion: 152.0.7977.82 (d04cdb24d67b..., userDataDir: C:\Users\chaker\AppData\Loc...}, fedcm:accounts: true, goog:chromeOptions: {debuggerAddress: localhost:59319}, goog:processID: 2392, networkConnectionEnabled: false, pageLoadStrategy: normal, platformName: windows, proxy: Proxy(), se:cdp: ws://localhost:59319/devtoo..., se:cdpVersion: 152.0.7977.84, setWindowRect: true, strictFileInteractability: false, timeouts: {implicit: 0, pageLoad: 300000, script: 30000}, unhandledPromptBehavior: dismiss and notify, webauthn:extension:credBlob: true, webauthn:extension:largeBlob: true, webauthn:extension:minPinLength: true, webauthn:extension:prf: true, webauthn:virtualAuthenticators: true}
Session ID: fb0602530f4c9af4949c06f6cdbb5988
2026-09-14 13:51:59 [TestNG-test-OrangeHRM Test 1-3] ERROR ActionDriver - Error when try to apply color in a border: no such element: Unable to locate element: {"method":"link text","selector":"Logout"}
  (Session info: chrome=152.0.7977.84)
For documentation on this error, please visit: https://www.selenium.dev/documentation/webdriver/troubleshooting/errors#nosuchelementexception
Build info: version: '4.49.0', revision: 'bedb24f bedb24f6f703876e7e4c5d506f0d697eb358c720'
System info: os.name: 'Windows 10', os.arch: 'amd64', os.version: '10.0', java.version: '17'
Driver info: org.openqa.selenium.chrome.ChromeDriver
Command: [fcd459a33c47a22650b6018faec2761d, findElement {using=link text, value=Logout}]
Capabilities {acceptInsecureCerts: false, browserName: chrome, browserVersion: 152.0.7977.84, chrome: {chromedriverVersion: 152.0.7977.82 (d04cdb24d67b..., userDataDir: C:\Users\chaker\AppData\Loc...}, fedcm:accounts: true, goog:chromeOptions: {debuggerAddress: localhost:57312}, goog:processID: 23936, networkConnectionEnabled: false, pageLoadStrategy: normal, platformName: windows, proxy: Proxy(), se:cdp: ws://localhost:57312/devtoo..., se:cdpVersion: 152.0.7977.84, setWindowRect: true, strictFileInteractability: false, timeouts: {implicit: 0, pageLoad: 300000, script: 30000}, unhandledPromptBehavior: dismiss and notify, webauthn:extension:credBlob: true, webauthn:extension:largeBlob: true, webauthn:extension:minPinLength: true, webauthn:extension:prf: true, webauthn:virtualAuthenticators: true}
Session ID: fcd459a33c47a22650b6018faec2761d
2026-09-14 13:52:02 [TestNG-test-OrangeHRM Test 1-5] ERROR ActionDriver - Error when try to apply color in a border: no such element: Unable to locate element: {"method":"link text","selector":"Logout"}
  (Session info: chrome=152.0.7977.84)
For documentation on this error, please visit: https://www.selenium.dev/documentation/webdriver/troubleshooting/errors#nosuchelementexception
Build info: version: '4.49.0', revision: 'bedb24f bedb24f6f703876e7e4c5d506f0d697eb358c720'
System info: os.name: 'Windows 10', os.arch: 'amd64', os.version: '10.0', java.version: '17'
Driver info: org.openqa.selenium.chrome.ChromeDriver
Command: [fb0602530f4c9af4949c06f6cdbb5988, findElement {using=link text, value=Logout}]
Capabilities {acceptInsecureCerts: false, browserName: chrome, browserVersion: 152.0.7977.84, chrome: {chromedriverVersion: 152.0.7977.82 (d04cdb24d67b..., userDataDir: C:\Users\chaker\AppData\Loc...}, fedcm:accounts: true, goog:chromeOptions: {debuggerAddress: localhost:59319}, goog:processID: 2392, networkConnectionEnabled: false, pageLoadStrategy: normal, platformName: windows, proxy: Proxy(), se:cdp: ws://localhost:59319/devtoo..., se:cdpVersion: 152.0.7977.84, setWindowRect: true, strictFileInteractability: false, timeouts: {implicit: 0, pageLoad: 300000, script: 30000}, unhandledPromptBehavior: dismiss and notify, webauthn:extension:credBlob: true, webauthn:extension:largeBlob: true, webauthn:extension:minPinLength: true, webauthn:extension:prf: true, webauthn:virtualAuthenticators: true}
Session ID: fb0602530f4c9af4949c06f6cdbb5988
2026-09-15 14:31:00 [TestNG-test-OrangeHRM Test 1-1] ERROR ActionDriver - Error when try to apply color in a border: no such element: Unable to locate element: {"method":"css selector","selector":"button[type='submit']"}
  (Session info: chrome=152.0.7977.84)
For documentation on this error, please visit: https://www.selenium.dev/documentation/webdriver/troubleshooting/errors#nosuchelementexception
Build info: version: '4.49.0', revision: 'bedb24f bedb24f6f703876e7e4c5d506f0d697eb358c720'
System info: os.name: 'Windows 10', os.arch: 'amd64', os.version: '10.0', java.version: '17'
Driver info: org.openqa.selenium.chrome.ChromeDriver
Command: [e01e917b443972790bcbfdc1d4dd08cc, findElement {value=button[type='submit'], using=css selector}]
Capabilities {acceptInsecureCerts: false, browserName: chrome, browserVersion: 152.0.7977.84, chrome: {chromedriverVersion: 152.0.7977.82 (d04cdb24d67b..., userDataDir: C:\Users\chaker\AppData\Loc...}, fedcm:accounts: true, goog:chromeOptions: {debuggerAddress: localhost:54176}, goog:processID: 21316, networkConnectionEnabled: false, pageLoadStrategy: normal, platformName: windows, proxy: Proxy(), se:cdp: ws://localhost:54176/devtoo..., se:cdpVersion: 152.0.7977.84, setWindowRect: true, strictFileInteractability: false, timeouts: {implicit: 0, pageLoad: 300000, script: 30000}, unhandledPromptBehavior: dismiss and notify, webauthn:extension:credBlob: true, webauthn:extension:largeBlob: true, webauthn:extension:minPinLength: true, webauthn:extension:prf: true, webauthn:virtualAuthenticators: true}
Session ID: e01e917b443972790bcbfdc1d4dd08cc
2026-09-15 14:31:04 [TestNG-test-OrangeHRM Test 1-5] ERROR ActionDriver - Error when try to apply color in a border: no such element: Unable to locate element: {"method":"css selector","selector":"button[type='submit']"}
  (Session info: chrome=152.0.7977.84)
For documentation on this error, please visit: https://www.selenium.dev/documentation/webdriver/troubleshooting/errors#nosuchelementexception
Build info: version: '4.49.0', revision: 'bedb24f bedb24f6f703876e7e4c5d506f0d697eb358c720'
System info: os.name: 'Windows 10', os.arch: 'amd64', os.version: '10.0', java.version: '17'
Driver info: org.openqa.selenium.chrome.ChromeDriver
Command: [773509485fc9287a387c2fefc4f02061, findElement {value=button[type='submit'], using=css selector}]
Capabilities {acceptInsecureCerts: false, browserName: chrome, browserVersion: 152.0.7977.84, chrome: {chromedriverVersion: 152.0.7977.82 (d04cdb24d67b..., userDataDir: C:\Users\chaker\AppData\Loc...}, fedcm:accounts: true, goog:chromeOptions: {debuggerAddress: localhost:59768}, goog:processID: 15952, networkConnectionEnabled: false, pageLoadStrategy: normal, platformName: windows, proxy: Proxy(), se:cdp: ws://localhost:59768/devtoo..., se:cdpVersion: 152.0.7977.84, setWindowRect: true, strictFileInteractability: false, timeouts: {implicit: 0, pageLoad: 300000, script: 30000}, unhandledPromptBehavior: dismiss and notify, webauthn:extension:credBlob: true, webauthn:extension:largeBlob: true, webauthn:extension:minPinLength: true, webauthn:extension:prf: true, webauthn:virtualAuthenticators: true}
Session ID: 773509485fc9287a387c2fefc4f02061
2026-09-15 14:31:14 [TestNG-test-OrangeHRM Test 1-3] ERROR ActionDriver - Error when try to apply color in a border: no such element: Unable to locate element: {"method":"css selector","selector":"button[type='submit']"}
  (Session info: chrome=152.0.7977.84)
For documentation on this error, please visit: https://www.selenium.dev/documentation/webdriver/troubleshooting/errors#nosuchelementexception
Build info: version: '4.49.0', revision: 'bedb24f bedb24f6f703876e7e4c5d506f0d697eb358c720'
System info: os.name: 'Windows 10', os.arch: 'amd64', os.version: '10.0', java.version: '17'
Driver info: org.openqa.selenium.chrome.ChromeDriver
Command: [373a7881984da7dead27ef0234f0fa9e, findElement {value=button[type='submit'], using=css selector}]
Capabilities {acceptInsecureCerts: false, browserName: chrome, browserVersion: 152.0.7977.84, chrome: {chromedriverVersion: 152.0.7977.82 (d04cdb24d67b..., userDataDir: C:\Users\chaker\AppData\Loc...}, fedcm:accounts: true, goog:chromeOptions: {debuggerAddress: localhost:56741}, goog:processID: 17120, networkConnectionEnabled: false, pageLoadStrategy: normal, platformName: windows, proxy: Proxy(), se:cdp: ws://localhost:56741/devtoo..., se:cdpVersion: 152.0.7977.84, setWindowRect: true, strictFileInteractability: false, timeouts: {implicit: 0, pageLoad: 300000, script: 30000}, unhandledPromptBehavior: dismiss and notify, webauthn:extension:credBlob: true, webauthn:extension:largeBlob: true, webauthn:extension:minPinLength: true, webauthn:extension:prf: true, webauthn:virtualAuthenticators: true}
Session ID: 373a7881984da7dead27ef0234f0fa9e
2026-09-15 14:31:23 [TestNG-test-OrangeHRM Test 1-2] ERROR ActionDriver - Error when try to apply color in a border: no such element: Unable to locate element: {"method":"css selector","selector":"button[type='submit']"}
  (Session info: chrome=152.0.7977.84)
For documentation on this error, please visit: https://www.selenium.dev/documentation/webdriver/troubleshooting/errors#nosuchelementexception
Build info: version: '4.49.0', revision: 'bedb24f bedb24f6f703876e7e4c5d506f0d697eb358c720'
System info: os.name: 'Windows 10', os.arch: 'amd64', os.version: '10.0', java.version: '17'
Driver info: org.openqa.selenium.chrome.ChromeDriver
Command: [1604d00e3c6d84e3a1a65479c864db62, findElement {value=button[type='submit'], using=css selector}]
Capabilities {acceptInsecureCerts: false, browserName: chrome, browserVersion: 152.0.7977.84, chrome: {chromedriverVersion: 152.0.7977.82 (d04cdb24d67b..., userDataDir: C:\Users\chaker\AppData\Loc...}, fedcm:accounts: true, goog:chromeOptions: {debuggerAddress: localhost:64602}, goog:processID: 15016, networkConnectionEnabled: false, pageLoadStrategy: normal, platformName: windows, proxy: Proxy(), se:cdp: ws://localhost:64602/devtoo..., se:cdpVersion: 152.0.7977.84, setWindowRect: true, strictFileInteractability: false, timeouts: {implicit: 0, pageLoad: 300000, script: 30000}, unhandledPromptBehavior: dismiss and notify, webauthn:extension:credBlob: true, webauthn:extension:largeBlob: true, webauthn:extension:minPinLength: true, webauthn:extension:prf: true, webauthn:virtualAuthenticators: true}
Session ID: 1604d00e3c6d84e3a1a65479c864db62
2026-09-15 14:31:31 [TestNG-test-OrangeHRM Test 1-3] ERROR ActionDriver - Error when try to apply color in a border: no such element: Unable to locate element: {"method":"link text","selector":"Logout"}
  (Session info: chrome=152.0.7977.84)
For documentation on this error, please visit: https://www.selenium.dev/documentation/webdriver/troubleshooting/errors#nosuchelementexception
Build info: version: '4.49.0', revision: 'bedb24f bedb24f6f703876e7e4c5d506f0d697eb358c720'
System info: os.name: 'Windows 10', os.arch: 'amd64', os.version: '10.0', java.version: '17'
Driver info: org.openqa.selenium.chrome.ChromeDriver
Command: [373a7881984da7dead27ef0234f0fa9e, findElement {value=Logout, using=link text}]
Capabilities {acceptInsecureCerts: false, browserName: chrome, browserVersion: 152.0.7977.84, chrome: {chromedriverVersion: 152.0.7977.82 (d04cdb24d67b..., userDataDir: C:\Users\chaker\AppData\Loc...}, fedcm:accounts: true, goog:chromeOptions: {debuggerAddress: localhost:56741}, goog:processID: 17120, networkConnectionEnabled: false, pageLoadStrategy: normal, platformName: windows, proxy: Proxy(), se:cdp: ws://localhost:56741/devtoo..., se:cdpVersion: 152.0.7977.84, setWindowRect: true, strictFileInteractability: false, timeouts: {implicit: 0, pageLoad: 300000, script: 30000}, unhandledPromptBehavior: dismiss and notify, webauthn:extension:credBlob: true, webauthn:extension:largeBlob: true, webauthn:extension:minPinLength: true, webauthn:extension:prf: true, webauthn:virtualAuthenticators: true}
Session ID: 373a7881984da7dead27ef0234f0fa9e
2026-09-15 14:31:40 [TestNG-test-OrangeHRM Test 1-2] ERROR ActionDriver - Error when try to apply color in a border: no such element: Unable to locate element: {"method":"link text","selector":"Logout"}
  (Session info: chrome=152.0.7977.84)
For documentation on this error, please visit: https://www.selenium.dev/documentation/webdriver/troubleshooting/errors#nosuchelementexception
Build info: version: '4.49.0', revision: 'bedb24f bedb24f6f703876e7e4c5d506f0d697eb358c720'
System info: os.name: 'Windows 10', os.arch: 'amd64', os.version: '10.0', java.version: '17'
Driver info: org.openqa.selenium.chrome.ChromeDriver
Command: [1604d00e3c6d84e3a1a65479c864db62, findElement {value=Logout, using=link text}]
Capabilities {acceptInsecureCerts: false, browserName: chrome, browserVersion: 152.0.7977.84, chrome: {chromedriverVersion: 152.0.7977.82 (d04cdb24d67b..., userDataDir: C:\Users\chaker\AppData\Loc...}, fedcm:accounts: true, goog:chromeOptions: {debuggerAddress: localhost:64602}, goog:processID: 15016, networkConnectionEnabled: false, pageLoadStrategy: normal, platformName: windows, proxy: Proxy(), se:cdp: ws://localhost:64602/devtoo..., se:cdpVersion: 152.0.7977.84, setWindowRect: true, strictFileInteractability: false, timeouts: {implicit: 0, pageLoad: 300000, script: 30000}, unhandledPromptBehavior: dismiss and notify, webauthn:extension:credBlob: true, webauthn:extension:largeBlob: true, webauthn:extension:minPinLength: true, webauthn:extension:prf: true, webauthn:virtualAuthenticators: true}
Session ID: 1604d00e3c6d84e3a1a65479c864db62
2026-09-15 14:40:24 [TestNG-test-OrangeHRM Test 1-5] ERROR ActionDriver - Error when try to apply color in a border: no such element: Unable to locate element: {"method":"css selector","selector":"button[type='submit']"}
  (Session info: chrome=152.0.7977.84)
For documentation on this error, please visit: https://www.selenium.dev/documentation/webdriver/troubleshooting/errors#nosuchelementexception
Build info: version: '4.49.0', revision: 'bedb24f bedb24f6f703876e7e4c5d506f0d697eb358c720'
System info: os.name: 'Windows 10', os.arch: 'amd64', os.version: '10.0', java.version: '17'
Driver info: org.openqa.selenium.chrome.ChromeDriver
Command: [9cc9f240fe5f0492ba502ebb4e2c2149, findElement {using=css selector, value=button[type='submit']}]
Capabilities {acceptInsecureCerts: false, browserName: chrome, browserVersion: 152.0.7977.84, chrome: {chromedriverVersion: 152.0.7977.82 (d04cdb24d67b..., userDataDir: C:\Users\chaker\AppData\Loc...}, fedcm:accounts: true, goog:chromeOptions: {debuggerAddress: localhost:61923}, goog:processID: 23100, networkConnectionEnabled: false, pageLoadStrategy: normal, platformName: windows, proxy: Proxy(), se:cdp: ws://localhost:61923/devtoo..., se:cdpVersion: 152.0.7977.84, setWindowRect: true, strictFileInteractability: false, timeouts: {implicit: 0, pageLoad: 300000, script: 30000}, unhandledPromptBehavior: dismiss and notify, webauthn:extension:credBlob: true, webauthn:extension:largeBlob: true, webauthn:extension:minPinLength: true, webauthn:extension:prf: true, webauthn:virtualAuthenticators: true}
Session ID: 9cc9f240fe5f0492ba502ebb4e2c2149
2026-09-15 14:40:43 [TestNG-test-OrangeHRM Test 1-1] ERROR ActionDriver - Error when try to apply color in a border: no such element: Unable to locate element: {"method":"css selector","selector":"button[type='submit']"}
  (Session info: chrome=152.0.7977.84)
For documentation on this error, please visit: https://www.selenium.dev/documentation/webdriver/troubleshooting/errors#nosuchelementexception
Build info: version: '4.49.0', revision: 'bedb24f bedb24f6f703876e7e4c5d506f0d697eb358c720'
System info: os.name: 'Windows 10', os.arch: 'amd64', os.version: '10.0', java.version: '17'
Driver info: org.openqa.selenium.chrome.ChromeDriver
Command: [030e72b1c9f45aa67070673b8a452a3b, findElement {using=css selector, value=button[type='submit']}]
Capabilities {acceptInsecureCerts: false, browserName: chrome, browserVersion: 152.0.7977.84, chrome: {chromedriverVersion: 152.0.7977.82 (d04cdb24d67b..., userDataDir: C:\Users\chaker\AppData\Loc...}, fedcm:accounts: true, goog:chromeOptions: {debuggerAddress: localhost:53723}, goog:processID: 6264, networkConnectionEnabled: false, pageLoadStrategy: normal, platformName: windows, proxy: Proxy(), se:cdp: ws://localhost:53723/devtoo..., se:cdpVersion: 152.0.7977.84, setWindowRect: true, strictFileInteractability: false, timeouts: {implicit: 0, pageLoad: 300000, script: 30000}, unhandledPromptBehavior: dismiss and notify, webauthn:extension:credBlob: true, webauthn:extension:largeBlob: true, webauthn:extension:minPinLength: true, webauthn:extension:prf: true, webauthn:virtualAuthenticators: true}
Session ID: 030e72b1c9f45aa67070673b8a452a3b
2026-09-15 14:40:50 [TestNG-test-OrangeHRM Test 1-2] ERROR ActionDriver - Error when try to apply color in a border: stale element reference: stale element not found
  (Session info: chrome=152.0.7977.84)
For documentation on this error, please visit: https://www.selenium.dev/documentation/webdriver/troubleshooting/errors#staleelementreferenceexception
Build info: version: '4.49.0', revision: 'bedb24f bedb24f6f703876e7e4c5d506f0d697eb358c720'
System info: os.name: 'Windows 10', os.arch: 'amd64', os.version: '10.0', java.version: '17'
Driver info: org.openqa.selenium.chrome.ChromeDriver
Command: [0d1f753314a6c4c1316fc62bf3aab24e, executeScript {args=[{element-6066-11e4-a52e-4f735466cecf=f.6D25D5B33D506E9EEAF3B28DAC4B9C4C.d.9EE58F593ED8A45BB0839E1306D39B60.e.18}], script=arguments[0].style.border = '3px solid green'}]
Capabilities {acceptInsecureCerts: false, browserName: chrome, browserVersion: 152.0.7977.84, chrome: {chromedriverVersion: 152.0.7977.82 (d04cdb24d67b..., userDataDir: C:\Users\chaker\AppData\Loc...}, fedcm:accounts: true, goog:chromeOptions: {debuggerAddress: localhost:59706}, goog:processID: 18560, networkConnectionEnabled: false, pageLoadStrategy: normal, platformName: windows, proxy: Proxy(), se:cdp: ws://localhost:59706/devtoo..., se:cdpVersion: 152.0.7977.84, setWindowRect: true, strictFileInteractability: false, timeouts: {implicit: 0, pageLoad: 300000, script: 30000}, unhandledPromptBehavior: dismiss and notify, webauthn:extension:credBlob: true, webauthn:extension:largeBlob: true, webauthn:extension:minPinLength: true, webauthn:extension:prf: true, webauthn:virtualAuthenticators: true}
Session ID: 0d1f753314a6c4c1316fc62bf3aab24e
2026-09-15 14:41:04 [TestNG-test-OrangeHRM Test 1-3] ERROR ActionDriver - Error when try to apply color in a border: no such element: Unable to locate element: {"method":"css selector","selector":"button[type='submit']"}
  (Session info: chrome=152.0.7977.84)
For documentation on this error, please visit: https://www.selenium.dev/documentation/webdriver/troubleshooting/errors#nosuchelementexception
Build info: version: '4.49.0', revision: 'bedb24f bedb24f6f703876e7e4c5d506f0d697eb358c720'
System info: os.name: 'Windows 10', os.arch: 'amd64', os.version: '10.0', java.version: '17'
Driver info: org.openqa.selenium.chrome.ChromeDriver
Command: [f1bfb0f2934ee5ec64c3af5a39135d00, findElement {using=css selector, value=button[type='submit']}]
Capabilities {acceptInsecureCerts: false, browserName: chrome, browserVersion: 152.0.7977.84, chrome: {chromedriverVersion: 152.0.7977.82 (d04cdb24d67b..., userDataDir: C:\Users\chaker\AppData\Loc...}, fedcm:accounts: true, goog:chromeOptions: {debuggerAddress: localhost:60616}, goog:processID: 18840, networkConnectionEnabled: false, pageLoadStrategy: normal, platformName: windows, proxy: Proxy(), se:cdp: ws://localhost:60616/devtoo..., se:cdpVersion: 152.0.7977.84, setWindowRect: true, strictFileInteractability: false, timeouts: {implicit: 0, pageLoad: 300000, script: 30000}, unhandledPromptBehavior: dismiss and notify, webauthn:extension:credBlob: true, webauthn:extension:largeBlob: true, webauthn:extension:minPinLength: true, webauthn:extension:prf: true, webauthn:virtualAuthenticators: true}
Session ID: f1bfb0f2934ee5ec64c3af5a39135d00
2026-09-15 14:41:15 [TestNG-test-OrangeHRM Test 1-2] ERROR ActionDriver - Error when try to apply color in a border: no such element: Unable to locate element: {"method":"css selector","selector":"button[type='submit']"}
  (Session info: chrome=152.0.7977.84)
For documentation on this error, please visit: https://www.selenium.dev/documentation/webdriver/troubleshooting/errors#nosuchelementexception
Build info: version: '4.49.0', revision: 'bedb24f bedb24f6f703876e7e4c5d506f0d697eb358c720'
System info: os.name: 'Windows 10', os.arch: 'amd64', os.version: '10.0', java.version: '17'
Driver info: org.openqa.selenium.chrome.ChromeDriver
Command: [00716f854b719824fb4113944ed3a62c, findElement {using=css selector, value=button[type='submit']}]
Capabilities {acceptInsecureCerts: false, browserName: chrome, browserVersion: 152.0.7977.84, chrome: {chromedriverVersion: 152.0.7977.82 (d04cdb24d67b..., userDataDir: C:\Users\chaker\AppData\Loc...}, fedcm:accounts: true, goog:chromeOptions: {debuggerAddress: localhost:58923}, goog:processID: 20356, networkConnectionEnabled: false, pageLoadStrategy: normal, platformName: windows, proxy: Proxy(), se:cdp: ws://localhost:58923/devtoo..., se:cdpVersion: 152.0.7977.84, setWindowRect: true, strictFileInteractability: false, timeouts: {implicit: 0, pageLoad: 300000, script: 30000}, unhandledPromptBehavior: dismiss and notify, webauthn:extension:credBlob: true, webauthn:extension:largeBlob: true, webauthn:extension:minPinLength: true, webauthn:extension:prf: true, webauthn:virtualAuthenticators: true}
Session ID: 00716f854b719824fb4113944ed3a62c
2026-09-15 14:41:20 [TestNG-test-OrangeHRM Test 1-3] ERROR ActionDriver - Error when try to apply color in a border: no such element: Unable to locate element: {"method":"link text","selector":"Logout"}
  (Session info: chrome=152.0.7977.84)
For documentation on this error, please visit: https://www.selenium.dev/documentation/webdriver/troubleshooting/errors#nosuchelementexception
Build info: version: '4.49.0', revision: 'bedb24f bedb24f6f703876e7e4c5d506f0d697eb358c720'
System info: os.name: 'Windows 10', os.arch: 'amd64', os.version: '10.0', java.version: '17'
Driver info: org.openqa.selenium.chrome.ChromeDriver
Command: [f1bfb0f2934ee5ec64c3af5a39135d00, findElement {using=link text, value=Logout}]
Capabilities {acceptInsecureCerts: false, browserName: chrome, browserVersion: 152.0.7977.84, chrome: {chromedriverVersion: 152.0.7977.82 (d04cdb24d67b..., userDataDir: C:\Users\chaker\AppData\Loc...}, fedcm:accounts: true, goog:chromeOptions: {debuggerAddress: localhost:60616}, goog:processID: 18840, networkConnectionEnabled: false, pageLoadStrategy: normal, platformName: windows, proxy: Proxy(), se:cdp: ws://localhost:60616/devtoo..., se:cdpVersion: 152.0.7977.84, setWindowRect: true, strictFileInteractability: false, timeouts: {implicit: 0, pageLoad: 300000, script: 30000}, unhandledPromptBehavior: dismiss and notify, webauthn:extension:credBlob: true, webauthn:extension:largeBlob: true, webauthn:extension:minPinLength: true, webauthn:extension:prf: true, webauthn:virtualAuthenticators: true}
Session ID: f1bfb0f2934ee5ec64c3af5a39135d00
2026-09-15 14:41:32 [TestNG-test-OrangeHRM Test 1-2] ERROR ActionDriver - Error when try to apply color in a border: no such element: Unable to locate element: {"method":"link text","selector":"Logout"}
  (Session info: chrome=152.0.7977.84)
For documentation on this error, please visit: https://www.selenium.dev/documentation/webdriver/troubleshooting/errors#nosuchelementexception
Build info: version: '4.49.0', revision: 'bedb24f bedb24f6f703876e7e4c5d506f0d697eb358c720'
System info: os.name: 'Windows 10', os.arch: 'amd64', os.version: '10.0', java.version: '17'
Driver info: org.openqa.selenium.chrome.ChromeDriver
Command: [00716f854b719824fb4113944ed3a62c, findElement {using=link text, value=Logout}]
Capabilities {acceptInsecureCerts: false, browserName: chrome, browserVersion: 152.0.7977.84, chrome: {chromedriverVersion: 152.0.7977.82 (d04cdb24d67b..., userDataDir: C:\Users\chaker\AppData\Loc...}, fedcm:accounts: true, goog:chromeOptions: {debuggerAddress: localhost:58923}, goog:processID: 20356, networkConnectionEnabled: false, pageLoadStrategy: normal, platformName: windows, proxy: Proxy(), se:cdp: ws://localhost:58923/devtoo..., se:cdpVersion: 152.0.7977.84, setWindowRect: true, strictFileInteractability: false, timeouts: {implicit: 0, pageLoad: 300000, script: 30000}, unhandledPromptBehavior: dismiss and notify, webauthn:extension:credBlob: true, webauthn:extension:largeBlob: true, webauthn:extension:minPinLength: true, webauthn:extension:prf: true, webauthn:virtualAuthenticators: true}
Session ID: 00716f854b719824fb4113944ed3a62c
2026-09-15 14:44:05 [TestNG-test-OrangeHRM Test 1-1] ERROR ActionDriver - Error when try to apply color in a border: no such element: Unable to locate element: {"method":"css selector","selector":"button[type='submit']"}
  (Session info: chrome=152.0.7977.84)
For documentation on this error, please visit: https://www.selenium.dev/documentation/webdriver/troubleshooting/errors#nosuchelementexception
Build info: version: '4.49.0', revision: 'bedb24f bedb24f6f703876e7e4c5d506f0d697eb358c720'
System info: os.name: 'Windows 10', os.arch: 'amd64', os.version: '10.0', java.version: '17'
Driver info: org.openqa.selenium.chrome.ChromeDriver
Command: [b97773a7e0a49e176d0b84494b10fa91, findElement {value=button[type='submit'], using=css selector}]
Capabilities {acceptInsecureCerts: false, browserName: chrome, browserVersion: 152.0.7977.84, chrome: {chromedriverVersion: 152.0.7977.82 (d04cdb24d67b..., userDataDir: C:\Users\chaker\AppData\Loc...}, fedcm:accounts: true, goog:chromeOptions: {debuggerAddress: localhost:60369}, goog:processID: 14304, networkConnectionEnabled: false, pageLoadStrategy: normal, platformName: windows, proxy: Proxy(), se:cdp: ws://localhost:60369/devtoo..., se:cdpVersion: 152.0.7977.84, setWindowRect: true, strictFileInteractability: false, timeouts: {implicit: 0, pageLoad: 300000, script: 30000}, unhandledPromptBehavior: dismiss and notify, webauthn:extension:credBlob: true, webauthn:extension:largeBlob: true, webauthn:extension:minPinLength: true, webauthn:extension:prf: true, webauthn:virtualAuthenticators: true}
Session ID: b97773a7e0a49e176d0b84494b10fa91
2026-09-15 14:44:08 [TestNG-test-OrangeHRM Test 1-5] ERROR ActionDriver - Error when try to apply color in a border: no such element: Unable to locate element: {"method":"css selector","selector":"button[type='submit']"}
  (Session info: chrome=152.0.7977.84)
For documentation on this error, please visit: https://www.selenium.dev/documentation/webdriver/troubleshooting/errors#nosuchelementexception
Build info: version: '4.49.0', revision: 'bedb24f bedb24f6f703876e7e4c5d506f0d697eb358c720'
System info: os.name: 'Windows 10', os.arch: 'amd64', os.version: '10.0', java.version: '17'
Driver info: org.openqa.selenium.chrome.ChromeDriver
Command: [64e812a9d8f482676c734d1bdb9ede70, findElement {value=button[type='submit'], using=css selector}]
Capabilities {acceptInsecureCerts: false, browserName: chrome, browserVersion: 152.0.7977.84, chrome: {chromedriverVersion: 152.0.7977.82 (d04cdb24d67b..., userDataDir: C:\Users\chaker\AppData\Loc...}, fedcm:accounts: true, goog:chromeOptions: {debuggerAddress: localhost:50819}, goog:processID: 23516, networkConnectionEnabled: false, pageLoadStrategy: normal, platformName: windows, proxy: Proxy(), se:cdp: ws://localhost:50819/devtoo..., se:cdpVersion: 152.0.7977.84, setWindowRect: true, strictFileInteractability: false, timeouts: {implicit: 0, pageLoad: 300000, script: 30000}, unhandledPromptBehavior: dismiss and notify, webauthn:extension:credBlob: true, webauthn:extension:largeBlob: true, webauthn:extension:minPinLength: true, webauthn:extension:prf: true, webauthn:virtualAuthenticators: true}
Session ID: 64e812a9d8f482676c734d1bdb9ede70
2026-09-15 14:44:33 [TestNG-test-OrangeHRM Test 1-3] ERROR ActionDriver - Error when try to apply color in a border: no such element: Unable to locate element: {"method":"css selector","selector":"button[type='submit']"}
  (Session info: chrome=152.0.7977.84)
For documentation on this error, please visit: https://www.selenium.dev/documentation/webdriver/troubleshooting/errors#nosuchelementexception
Build info: version: '4.49.0', revision: 'bedb24f bedb24f6f703876e7e4c5d506f0d697eb358c720'
System info: os.name: 'Windows 10', os.arch: 'amd64', os.version: '10.0', java.version: '17'
Driver info: org.openqa.selenium.chrome.ChromeDriver
Command: [8fa12238c5a6ea3f493e4bbdc06e25ed, findElement {value=button[type='submit'], using=css selector}]
Capabilities {acceptInsecureCerts: false, browserName: chrome, browserVersion: 152.0.7977.84, chrome: {chromedriverVersion: 152.0.7977.82 (d04cdb24d67b..., userDataDir: C:\Users\chaker\AppData\Loc...}, fedcm:accounts: true, goog:chromeOptions: {debuggerAddress: localhost:64452}, goog:processID: 3792, networkConnectionEnabled: false, pageLoadStrategy: normal, platformName: windows, proxy: Proxy(), se:cdp: ws://localhost:64452/devtoo..., se:cdpVersion: 152.0.7977.84, setWindowRect: true, strictFileInteractability: false, timeouts: {implicit: 0, pageLoad: 300000, script: 30000}, unhandledPromptBehavior: dismiss and notify, webauthn:extension:credBlob: true, webauthn:extension:largeBlob: true, webauthn:extension:minPinLength: true, webauthn:extension:prf: true, webauthn:virtualAuthenticators: true}
Session ID: 8fa12238c5a6ea3f493e4bbdc06e25ed
2026-09-15 14:44:42 [TestNG-test-OrangeHRM Test 1-2] ERROR ActionDriver - Error when try to apply color in a border: no such element: Unable to locate element: {"method":"css selector","selector":"button[type='submit']"}
  (Session info: chrome=152.0.7977.84)
For documentation on this error, please visit: https://www.selenium.dev/documentation/webdriver/troubleshooting/errors#nosuchelementexception
Build info: version: '4.49.0', revision: 'bedb24f bedb24f6f703876e7e4c5d506f0d697eb358c720'
System info: os.name: 'Windows 10', os.arch: 'amd64', os.version: '10.0', java.version: '17'
Driver info: org.openqa.selenium.chrome.ChromeDriver
Command: [70dbc8476a90d41621838d78f63a9058, findElement {value=button[type='submit'], using=css selector}]
Capabilities {acceptInsecureCerts: false, browserName: chrome, browserVersion: 152.0.7977.84, chrome: {chromedriverVersion: 152.0.7977.82 (d04cdb24d67b..., userDataDir: C:\Users\chaker\AppData\Loc...}, fedcm:accounts: true, goog:chromeOptions: {debuggerAddress: localhost:54587}, goog:processID: 5396, networkConnectionEnabled: false, pageLoadStrategy: normal, platformName: windows, proxy: Proxy(), se:cdp: ws://localhost:54587/devtoo..., se:cdpVersion: 152.0.7977.84, setWindowRect: true, strictFileInteractability: false, timeouts: {implicit: 0, pageLoad: 300000, script: 30000}, unhandledPromptBehavior: dismiss and notify, webauthn:extension:credBlob: true, webauthn:extension:largeBlob: true, webauthn:extension:minPinLength: true, webauthn:extension:prf: true, webauthn:virtualAuthenticators: true}
Session ID: 70dbc8476a90d41621838d78f63a9058
2026-09-15 14:44:51 [TestNG-test-OrangeHRM Test 1-3] ERROR ActionDriver - Error when try to apply color in a border: no such element: Unable to locate element: {"method":"link text","selector":"Logout"}
  (Session info: chrome=152.0.7977.84)
For documentation on this error, please visit: https://www.selenium.dev/documentation/webdriver/troubleshooting/errors#nosuchelementexception
Build info: version: '4.49.0', revision: 'bedb24f bedb24f6f703876e7e4c5d506f0d697eb358c720'
System info: os.name: 'Windows 10', os.arch: 'amd64', os.version: '10.0', java.version: '17'
Driver info: org.openqa.selenium.chrome.ChromeDriver
Command: [8fa12238c5a6ea3f493e4bbdc06e25ed, findElement {value=Logout, using=link text}]
Capabilities {acceptInsecureCerts: false, browserName: chrome, browserVersion: 152.0.7977.84, chrome: {chromedriverVersion: 152.0.7977.82 (d04cdb24d67b..., userDataDir: C:\Users\chaker\AppData\Loc...}, fedcm:accounts: true, goog:chromeOptions: {debuggerAddress: localhost:64452}, goog:processID: 3792, networkConnectionEnabled: false, pageLoadStrategy: normal, platformName: windows, proxy: Proxy(), se:cdp: ws://localhost:64452/devtoo..., se:cdpVersion: 152.0.7977.84, setWindowRect: true, strictFileInteractability: false, timeouts: {implicit: 0, pageLoad: 300000, script: 30000}, unhandledPromptBehavior: dismiss and notify, webauthn:extension:credBlob: true, webauthn:extension:largeBlob: true, webauthn:extension:minPinLength: true, webauthn:extension:prf: true, webauthn:virtualAuthenticators: true}
Session ID: 8fa12238c5a6ea3f493e4bbdc06e25ed
2026-09-15 14:44:58 [TestNG-test-OrangeHRM Test 1-2] ERROR ActionDriver - Error when try to apply color in a border: no such element: Unable to locate element: {"method":"link text","selector":"Logout"}
  (Session info: chrome=152.0.7977.84)
For documentation on this error, please visit: https://www.selenium.dev/documentation/webdriver/troubleshooting/errors#nosuchelementexception
Build info: version: '4.49.0', revision: 'bedb24f bedb24f6f703876e7e4c5d506f0d697eb358c720'
System info: os.name: 'Windows 10', os.arch: 'amd64', os.version: '10.0', java.version: '17'
Driver info: org.openqa.selenium.chrome.ChromeDriver
Command: [70dbc8476a90d41621838d78f63a9058, findElement {value=Logout, using=link text}]
Capabilities {acceptInsecureCerts: false, browserName: chrome, browserVersion: 152.0.7977.84, chrome: {chromedriverVersion: 152.0.7977.82 (d04cdb24d67b..., userDataDir: C:\Users\chaker\AppData\Loc...}, fedcm:accounts: true, goog:chromeOptions: {debuggerAddress: localhost:54587}, goog:processID: 5396, networkConnectionEnabled: false, pageLoadStrategy: normal, platformName: windows, proxy: Proxy(), se:cdp: ws://localhost:54587/devtoo..., se:cdpVersion: 152.0.7977.84, setWindowRect: true, strictFileInteractability: false, timeouts: {implicit: 0, pageLoad: 300000, script: 30000}, unhandledPromptBehavior: dismiss and notify, webauthn:extension:credBlob: true, webauthn:extension:largeBlob: true, webauthn:extension:minPinLength: true, webauthn:extension:prf: true, webauthn:virtualAuthenticators: true}
Session ID: 70dbc8476a90d41621838d78f63a9058
2026-09-15 15:32:13 [TestNG-test-OrangeHRM Test 1-1] ERROR ActionDriver - Error when try to apply color in a border: no such element: Unable to locate element: {"method":"css selector","selector":"button[type='submit']"}
  (Session info: chrome=152.0.7977.84)
For documentation on this error, please visit: https://www.selenium.dev/documentation/webdriver/troubleshooting/errors#nosuchelementexception
Build info: version: '4.49.0', revision: 'bedb24f bedb24f6f703876e7e4c5d506f0d697eb358c720'
System info: os.name: 'Windows 10', os.arch: 'amd64', os.version: '10.0', java.version: '17'
Driver info: org.openqa.selenium.chrome.ChromeDriver
Command: [f5b8d1ceb2e4ed8bacd8c728b604fe5f, findElement {value=button[type='submit'], using=css selector}]
Capabilities {acceptInsecureCerts: false, browserName: chrome, browserVersion: 152.0.7977.84, chrome: {chromedriverVersion: 152.0.7977.82 (d04cdb24d67b..., userDataDir: C:\Users\chaker\AppData\Loc...}, fedcm:accounts: true, goog:chromeOptions: {debuggerAddress: localhost:54334}, goog:processID: 18288, networkConnectionEnabled: false, pageLoadStrategy: normal, platformName: windows, proxy: Proxy(), se:cdp: ws://localhost:54334/devtoo..., se:cdpVersion: 152.0.7977.84, setWindowRect: true, strictFileInteractability: false, timeouts: {implicit: 0, pageLoad: 300000, script: 30000}, unhandledPromptBehavior: dismiss and notify, webauthn:extension:credBlob: true, webauthn:extension:largeBlob: true, webauthn:extension:minPinLength: true, webauthn:extension:prf: true, webauthn:virtualAuthenticators: true}
Session ID: f5b8d1ceb2e4ed8bacd8c728b604fe5f
2026-09-15 15:32:13 [TestNG-test-OrangeHRM Test 1-5] ERROR ActionDriver - Error when try to apply color in a border: no such element: Unable to locate element: {"method":"css selector","selector":"button[type='submit']"}
  (Session info: chrome=152.0.7977.84)
For documentation on this error, please visit: https://www.selenium.dev/documentation/webdriver/troubleshooting/errors#nosuchelementexception
Build info: version: '4.49.0', revision: 'bedb24f bedb24f6f703876e7e4c5d506f0d697eb358c720'
System info: os.name: 'Windows 10', os.arch: 'amd64', os.version: '10.0', java.version: '17'
Driver info: org.openqa.selenium.chrome.ChromeDriver
Command: [da679326e4d413e45965e8816668b2ed, findElement {value=button[type='submit'], using=css selector}]
Capabilities {acceptInsecureCerts: false, browserName: chrome, browserVersion: 152.0.7977.84, chrome: {chromedriverVersion: 152.0.7977.82 (d04cdb24d67b..., userDataDir: C:\Users\chaker\AppData\Loc...}, fedcm:accounts: true, goog:chromeOptions: {debuggerAddress: localhost:54337}, goog:processID: 17720, networkConnectionEnabled: false, pageLoadStrategy: normal, platformName: windows, proxy: Proxy(), se:cdp: ws://localhost:54337/devtoo..., se:cdpVersion: 152.0.7977.84, setWindowRect: true, strictFileInteractability: false, timeouts: {implicit: 0, pageLoad: 300000, script: 30000}, unhandledPromptBehavior: dismiss and notify, webauthn:extension:credBlob: true, webauthn:extension:largeBlob: true, webauthn:extension:minPinLength: true, webauthn:extension:prf: true, webauthn:virtualAuthenticators: true}
Session ID: da679326e4d413e45965e8816668b2ed
2026-09-15 15:32:31 [TestNG-test-OrangeHRM Test 1-3] ERROR ActionDriver - Error when try to apply color in a border: no such element: Unable to locate element: {"method":"css selector","selector":"button[type='submit']"}
  (Session info: chrome=152.0.7977.84)
For documentation on this error, please visit: https://www.selenium.dev/documentation/webdriver/troubleshooting/errors#nosuchelementexception
Build info: version: '4.49.0', revision: 'bedb24f bedb24f6f703876e7e4c5d506f0d697eb358c720'
System info: os.name: 'Windows 10', os.arch: 'amd64', os.version: '10.0', java.version: '17'
Driver info: org.openqa.selenium.chrome.ChromeDriver
Command: [887787b9411067de8bba233ae0ab7b79, findElement {value=button[type='submit'], using=css selector}]
Capabilities {acceptInsecureCerts: false, browserName: chrome, browserVersion: 152.0.7977.84, chrome: {chromedriverVersion: 152.0.7977.82 (d04cdb24d67b..., userDataDir: C:\Users\chaker\AppData\Loc...}, fedcm:accounts: true, goog:chromeOptions: {debuggerAddress: localhost:49503}, goog:processID: 2644, networkConnectionEnabled: false, pageLoadStrategy: normal, platformName: windows, proxy: Proxy(), se:cdp: ws://localhost:49503/devtoo..., se:cdpVersion: 152.0.7977.84, setWindowRect: true, strictFileInteractability: false, timeouts: {implicit: 0, pageLoad: 300000, script: 30000}, unhandledPromptBehavior: dismiss and notify, webauthn:extension:credBlob: true, webauthn:extension:largeBlob: true, webauthn:extension:minPinLength: true, webauthn:extension:prf: true, webauthn:virtualAuthenticators: true}
Session ID: 887787b9411067de8bba233ae0ab7b79
2026-09-15 15:32:32 [TestNG-test-OrangeHRM Test 1-2] ERROR ActionDriver - Error when try to apply color in a border: no such element: Unable to locate element: {"method":"css selector","selector":"button[type='submit']"}
  (Session info: chrome=152.0.7977.84)
For documentation on this error, please visit: https://www.selenium.dev/documentation/webdriver/troubleshooting/errors#nosuchelementexception
Build info: version: '4.49.0', revision: 'bedb24f bedb24f6f703876e7e4c5d506f0d697eb358c720'
System info: os.name: 'Windows 10', os.arch: 'amd64', os.version: '10.0', java.version: '17'
Driver info: org.openqa.selenium.chrome.ChromeDriver
Command: [1ba4107c450c851ca7a33f2301fdc5ff, findElement {value=button[type='submit'], using=css selector}]
Capabilities {acceptInsecureCerts: false, browserName: chrome, browserVersion: 152.0.7977.84, chrome: {chromedriverVersion: 152.0.7977.82 (d04cdb24d67b..., userDataDir: C:\Users\chaker\AppData\Loc...}, fedcm:accounts: true, goog:chromeOptions: {debuggerAddress: localhost:49504}, goog:processID: 26152, networkConnectionEnabled: false, pageLoadStrategy: normal, platformName: windows, proxy: Proxy(), se:cdp: ws://localhost:49504/devtoo..., se:cdpVersion: 152.0.7977.84, setWindowRect: true, strictFileInteractability: false, timeouts: {implicit: 0, pageLoad: 300000, script: 30000}, unhandledPromptBehavior: dismiss and notify, webauthn:extension:credBlob: true, webauthn:extension:largeBlob: true, webauthn:extension:minPinLength: true, webauthn:extension:prf: true, webauthn:virtualAuthenticators: true}
Session ID: 1ba4107c450c851ca7a33f2301fdc5ff
2026-09-15 15:32:53 [TestNG-test-OrangeHRM Test 1-2] ERROR ActionDriver - Error when try to apply color in a border: no such element: Unable to locate element: {"method":"link text","selector":"Logout"}
  (Session info: chrome=152.0.7977.84)
For documentation on this error, please visit: https://www.selenium.dev/documentation/webdriver/troubleshooting/errors#nosuchelementexception
Build info: version: '4.49.0', revision: 'bedb24f bedb24f6f703876e7e4c5d506f0d697eb358c720'
System info: os.name: 'Windows 10', os.arch: 'amd64', os.version: '10.0', java.version: '17'
Driver info: org.openqa.selenium.chrome.ChromeDriver
Command: [1ba4107c450c851ca7a33f2301fdc5ff, findElement {value=Logout, using=link text}]
Capabilities {acceptInsecureCerts: false, browserName: chrome, browserVersion: 152.0.7977.84, chrome: {chromedriverVersion: 152.0.7977.82 (d04cdb24d67b..., userDataDir: C:\Users\chaker\AppData\Loc...}, fedcm:accounts: true, goog:chromeOptions: {debuggerAddress: localhost:49504}, goog:processID: 26152, networkConnectionEnabled: false, pageLoadStrategy: normal, platformName: windows, proxy: Proxy(), se:cdp: ws://localhost:49504/devtoo..., se:cdpVersion: 152.0.7977.84, setWindowRect: true, strictFileInteractability: false, timeouts: {implicit: 0, pageLoad: 300000, script: 30000}, unhandledPromptBehavior: dismiss and notify, webauthn:extension:credBlob: true, webauthn:extension:largeBlob: true, webauthn:extension:minPinLength: true, webauthn:extension:prf: true, webauthn:virtualAuthenticators: true}
Session ID: 1ba4107c450c851ca7a33f2301fdc5ff
2026-09-15 15:32:53 [TestNG-test-OrangeHRM Test 1-3] ERROR ActionDriver - Error when try to apply color in a border: no such element: Unable to locate element: {"method":"link text","selector":"Logout"}
  (Session info: chrome=152.0.7977.84)
For documentation on this error, please visit: https://www.selenium.dev/documentation/webdriver/troubleshooting/errors#nosuchelementexception
Build info: version: '4.49.0', revision: 'bedb24f bedb24f6f703876e7e4c5d506f0d697eb358c720'
System info: os.name: 'Windows 10', os.arch: 'amd64', os.version: '10.0', java.version: '17'
Driver info: org.openqa.selenium.chrome.ChromeDriver
Command: [887787b9411067de8bba233ae0ab7b79, findElement {value=Logout, using=link text}]
Capabilities {acceptInsecureCerts: false, browserName: chrome, browserVersion: 152.0.7977.84, chrome: {chromedriverVersion: 152.0.7977.82 (d04cdb24d67b..., userDataDir: C:\Users\chaker\AppData\Loc...}, fedcm:accounts: true, goog:chromeOptions: {debuggerAddress: localhost:49503}, goog:processID: 2644, networkConnectionEnabled: false, pageLoadStrategy: normal, platformName: windows, proxy: Proxy(), se:cdp: ws://localhost:49503/devtoo..., se:cdpVersion: 152.0.7977.84, setWindowRect: true, strictFileInteractability: false, timeouts: {implicit: 0, pageLoad: 300000, script: 30000}, unhandledPromptBehavior: dismiss and notify, webauthn:extension:credBlob: true, webauthn:extension:largeBlob: true, webauthn:extension:minPinLength: true, webauthn:extension:prf: true, webauthn:virtualAuthenticators: true}
Session ID: 887787b9411067de8bba233ae0ab7b79
2026-09-15 15:38:41 [TestNG-test-OrangeHRM Test 1-2] ERROR ActionDriver - Error when try to apply color in a border: no such element: Unable to locate element: {"method":"css selector","selector":"button[type='submit']"}
  (Session info: chrome=152.0.7977.84)
For documentation on this error, please visit: https://www.selenium.dev/documentation/webdriver/troubleshooting/errors#nosuchelementexception
Build info: version: '4.49.0', revision: 'bedb24f bedb24f6f703876e7e4c5d506f0d697eb358c720'
System info: os.name: 'Windows 10', os.arch: 'amd64', os.version: '10.0', java.version: '17'
Driver info: org.openqa.selenium.chrome.ChromeDriver
Command: [1b9e4a63ada427dae3860524496be18c, findElement {value=button[type='submit'], using=css selector}]
Capabilities {acceptInsecureCerts: false, browserName: chrome, browserVersion: 152.0.7977.84, chrome: {chromedriverVersion: 152.0.7977.82 (d04cdb24d67b..., userDataDir: C:\Users\chaker\AppData\Loc...}, fedcm:accounts: true, goog:chromeOptions: {debuggerAddress: localhost:64864}, goog:processID: 24172, networkConnectionEnabled: false, pageLoadStrategy: normal, platformName: windows, proxy: Proxy(), se:cdp: ws://localhost:64864/devtoo..., se:cdpVersion: 152.0.7977.84, setWindowRect: true, strictFileInteractability: false, timeouts: {implicit: 0, pageLoad: 300000, script: 30000}, unhandledPromptBehavior: dismiss and notify, webauthn:extension:credBlob: true, webauthn:extension:largeBlob: true, webauthn:extension:minPinLength: true, webauthn:extension:prf: true, webauthn:virtualAuthenticators: true}
Session ID: 1b9e4a63ada427dae3860524496be18c
2026-09-15 15:38:53 [TestNG-test-OrangeHRM Test 1-3] ERROR ActionDriver - Error when try to apply color in a border: no such element: Unable to locate element: {"method":"css selector","selector":"button[type='submit']"}
  (Session info: chrome=152.0.7977.84)
For documentation on this error, please visit: https://www.selenium.dev/documentation/webdriver/troubleshooting/errors#nosuchelementexception
Build info: version: '4.49.0', revision: 'bedb24f bedb24f6f703876e7e4c5d506f0d697eb358c720'
System info: os.name: 'Windows 10', os.arch: 'amd64', os.version: '10.0', java.version: '17'
Driver info: org.openqa.selenium.chrome.ChromeDriver
Command: [b9f8d4d8c498e851e835fdd7a715bbcb, findElement {value=button[type='submit'], using=css selector}]
Capabilities {acceptInsecureCerts: false, browserName: chrome, browserVersion: 152.0.7977.84, chrome: {chromedriverVersion: 152.0.7977.82 (d04cdb24d67b..., userDataDir: C:\Users\chaker\AppData\Loc...}, fedcm:accounts: true, goog:chromeOptions: {debuggerAddress: localhost:52784}, goog:processID: 26348, networkConnectionEnabled: false, pageLoadStrategy: normal, platformName: windows, proxy: Proxy(), se:cdp: ws://localhost:52784/devtoo..., se:cdpVersion: 152.0.7977.84, setWindowRect: true, strictFileInteractability: false, timeouts: {implicit: 0, pageLoad: 300000, script: 30000}, unhandledPromptBehavior: dismiss and notify, webauthn:extension:credBlob: true, webauthn:extension:largeBlob: true, webauthn:extension:minPinLength: true, webauthn:extension:prf: true, webauthn:virtualAuthenticators: true}
Session ID: b9f8d4d8c498e851e835fdd7a715bbcb
2026-09-15 15:38:57 [TestNG-test-OrangeHRM Test 1-1] ERROR ActionDriver - Error when try to apply color in a border: no such element: Unable to locate element: {"method":"css selector","selector":"button[type='submit']"}
  (Session info: chrome=152.0.7977.84)
For documentation on this error, please visit: https://www.selenium.dev/documentation/webdriver/troubleshooting/errors#nosuchelementexception
Build info: version: '4.49.0', revision: 'bedb24f bedb24f6f703876e7e4c5d506f0d697eb358c720'
System info: os.name: 'Windows 10', os.arch: 'amd64', os.version: '10.0', java.version: '17'
Driver info: org.openqa.selenium.chrome.ChromeDriver
Command: [aaa1699cc4b151de44d6ddc70bbef850, findElement {value=button[type='submit'], using=css selector}]
Capabilities {acceptInsecureCerts: false, browserName: chrome, browserVersion: 152.0.7977.84, chrome: {chromedriverVersion: 152.0.7977.82 (d04cdb24d67b..., userDataDir: C:\Users\chaker\AppData\Loc...}, fedcm:accounts: true, goog:chromeOptions: {debuggerAddress: localhost:61777}, goog:processID: 22836, networkConnectionEnabled: false, pageLoadStrategy: normal, platformName: windows, proxy: Proxy(), se:cdp: ws://localhost:61777/devtoo..., se:cdpVersion: 152.0.7977.84, setWindowRect: true, strictFileInteractability: false, timeouts: {implicit: 0, pageLoad: 300000, script: 30000}, unhandledPromptBehavior: dismiss and notify, webauthn:extension:credBlob: true, webauthn:extension:largeBlob: true, webauthn:extension:minPinLength: true, webauthn:extension:prf: true, webauthn:virtualAuthenticators: true}
Session ID: aaa1699cc4b151de44d6ddc70bbef850
2026-09-15 15:39:10 [TestNG-test-OrangeHRM Test 1-3] ERROR ActionDriver - Error when try to apply color in a border: no such element: Unable to locate element: {"method":"link text","selector":"Logout"}
  (Session info: chrome=152.0.7977.84)
For documentation on this error, please visit: https://www.selenium.dev/documentation/webdriver/troubleshooting/errors#nosuchelementexception
Build info: version: '4.49.0', revision: 'bedb24f bedb24f6f703876e7e4c5d506f0d697eb358c720'
System info: os.name: 'Windows 10', os.arch: 'amd64', os.version: '10.0', java.version: '17'
Driver info: org.openqa.selenium.chrome.ChromeDriver
Command: [b9f8d4d8c498e851e835fdd7a715bbcb, findElement {value=Logout, using=link text}]
Capabilities {acceptInsecureCerts: false, browserName: chrome, browserVersion: 152.0.7977.84, chrome: {chromedriverVersion: 152.0.7977.82 (d04cdb24d67b..., userDataDir: C:\Users\chaker\AppData\Loc...}, fedcm:accounts: true, goog:chromeOptions: {debuggerAddress: localhost:52784}, goog:processID: 26348, networkConnectionEnabled: false, pageLoadStrategy: normal, platformName: windows, proxy: Proxy(), se:cdp: ws://localhost:52784/devtoo..., se:cdpVersion: 152.0.7977.84, setWindowRect: true, strictFileInteractability: false, timeouts: {implicit: 0, pageLoad: 300000, script: 30000}, unhandledPromptBehavior: dismiss and notify, webauthn:extension:credBlob: true, webauthn:extension:largeBlob: true, webauthn:extension:minPinLength: true, webauthn:extension:prf: true, webauthn:virtualAuthenticators: true}
Session ID: b9f8d4d8c498e851e835fdd7a715bbcb
2026-09-15 15:39:13 [TestNG-test-OrangeHRM Test 1-1] ERROR ActionDriver - Error when try to apply color in a border: no such element: Unable to locate element: {"method":"link text","selector":"Logout"}
  (Session info: chrome=152.0.7977.84)
For documentation on this error, please visit: https://www.selenium.dev/documentation/webdriver/troubleshooting/errors#nosuchelementexception
Build info: version: '4.49.0', revision: 'bedb24f bedb24f6f703876e7e4c5d506f0d697eb358c720'
System info: os.name: 'Windows 10', os.arch: 'amd64', os.version: '10.0', java.version: '17'
Driver info: org.openqa.selenium.chrome.ChromeDriver
Command: [aaa1699cc4b151de44d6ddc70bbef850, findElement {value=Logout, using=link text}]
Capabilities {acceptInsecureCerts: false, browserName: chrome, browserVersion: 152.0.7977.84, chrome: {chromedriverVersion: 152.0.7977.82 (d04cdb24d67b..., userDataDir: C:\Users\chaker\AppData\Loc...}, fedcm:accounts: true, goog:chromeOptions: {debuggerAddress: localhost:61777}, goog:processID: 22836, networkConnectionEnabled: false, pageLoadStrategy: normal, platformName: windows, proxy: Proxy(), se:cdp: ws://localhost:61777/devtoo..., se:cdpVersion: 152.0.7977.84, setWindowRect: true, strictFileInteractability: false, timeouts: {implicit: 0, pageLoad: 300000, script: 30000}, unhandledPromptBehavior: dismiss and notify, webauthn:extension:credBlob: true, webauthn:extension:largeBlob: true, webauthn:extension:minPinLength: true, webauthn:extension:prf: true, webauthn:virtualAuthenticators: true}
Session ID: aaa1699cc4b151de44d6ddc70bbef850
2026-09-15 15:46:12 [TestNG-test-OrangeHRM Test 1-2] ERROR ActionDriver - Error when try to apply color in a border: Unable to locate element: button[type='submit']
For documentation on this error, please visit: https://www.selenium.dev/documentation/webdriver/troubleshooting/errors#nosuchelementexception
Build info: version: '4.49.0', revision: 'bedb24f bedb24f6f703876e7e4c5d506f0d697eb358c720'
System info: os.name: 'Windows 10', os.arch: 'amd64', os.version: '10.0', java.version: '17'
Driver info: org.openqa.selenium.firefox.FirefoxDriver
Command: [f77e5343-d29a-4756-99be-171c8c98598e, findElement {using=css selector, value=button[type='submit']}]
Capabilities {acceptInsecureCerts: true, browserName: firefox, browserVersion: 155.0.1, moz:accessibilityChecks: false, moz:buildID: 20260903215306, moz:geckodriverVersion: 0.37.1, moz:headless: true, moz:platformVersion: 10.0, moz:processID: 15048, moz:profile: C:\Users\chaker\AppData\Loc..., moz:shutdownTimeout: 60000, moz:webdriverClick: true, moz:windowless: false, pageLoadStrategy: normal, platformName: windows, proxy: Proxy(), setWindowRect: true, strictFileInteractability: false, timeouts: {implicit: 0, pageLoad: 300000, script: 30000}, unhandledPromptBehavior: dismiss and notify, userAgent: Mozilla/5.0 (Windows NT 10....}
Session ID: f77e5343-d29a-4756-99be-171c8c98598e
2026-09-15 15:46:33 [TestNG-test-OrangeHRM Test 1-1] ERROR ActionDriver - Error when try to apply color in a border: Unable to locate element: button[type='submit']
For documentation on this error, please visit: https://www.selenium.dev/documentation/webdriver/troubleshooting/errors#nosuchelementexception
Build info: version: '4.49.0', revision: 'bedb24f bedb24f6f703876e7e4c5d506f0d697eb358c720'
System info: os.name: 'Windows 10', os.arch: 'amd64', os.version: '10.0', java.version: '17'
Driver info: org.openqa.selenium.firefox.FirefoxDriver
Command: [7f23eff6-978c-47ba-bd46-6cba99d35487, findElement {using=css selector, value=button[type='submit']}]
Capabilities {acceptInsecureCerts: true, browserName: firefox, browserVersion: 155.0.1, moz:accessibilityChecks: false, moz:buildID: 20260903215306, moz:geckodriverVersion: 0.37.1, moz:headless: true, moz:platformVersion: 10.0, moz:processID: 21172, moz:profile: C:\Users\chaker\AppData\Loc..., moz:shutdownTimeout: 60000, moz:webdriverClick: true, moz:windowless: false, pageLoadStrategy: normal, platformName: windows, proxy: Proxy(), setWindowRect: true, strictFileInteractability: false, timeouts: {implicit: 0, pageLoad: 300000, script: 30000}, unhandledPromptBehavior: dismiss and notify, userAgent: Mozilla/5.0 (Windows NT 10....}
Session ID: 7f23eff6-978c-47ba-bd46-6cba99d35487
2026-09-15 15:46:33 [TestNG-test-OrangeHRM Test 1-3] ERROR ActionDriver - Error when try to apply color in a border: Unable to locate element: button[type='submit']
For documentation on this error, please visit: https://www.selenium.dev/documentation/webdriver/troubleshooting/errors#nosuchelementexception
Build info: version: '4.49.0', revision: 'bedb24f bedb24f6f703876e7e4c5d506f0d697eb358c720'
System info: os.name: 'Windows 10', os.arch: 'amd64', os.version: '10.0', java.version: '17'
Driver info: org.openqa.selenium.firefox.FirefoxDriver
Command: [e9945da8-8a6f-4434-a561-5e407f8437f8, findElement {using=css selector, value=button[type='submit']}]
Capabilities {acceptInsecureCerts: true, browserName: firefox, browserVersion: 155.0.1, moz:accessibilityChecks: false, moz:buildID: 20260903215306, moz:geckodriverVersion: 0.37.1, moz:headless: true, moz:platformVersion: 10.0, moz:processID: 19364, moz:profile: C:\Users\chaker\AppData\Loc..., moz:shutdownTimeout: 60000, moz:webdriverClick: true, moz:windowless: false, pageLoadStrategy: normal, platformName: windows, proxy: Proxy(), setWindowRect: true, strictFileInteractability: false, timeouts: {implicit: 0, pageLoad: 300000, script: 30000}, unhandledPromptBehavior: dismiss and notify, userAgent: Mozilla/5.0 (Windows NT 10....}
Session ID: e9945da8-8a6f-4434-a561-5e407f8437f8
2026-09-15 15:46:50 [TestNG-test-OrangeHRM Test 1-3] ERROR ActionDriver - Error when try to apply color in a border: Unable to locate element: Logout
For documentation on this error, please visit: https://www.selenium.dev/documentation/webdriver/troubleshooting/errors#nosuchelementexception
Build info: version: '4.49.0', revision: 'bedb24f bedb24f6f703876e7e4c5d506f0d697eb358c720'
System info: os.name: 'Windows 10', os.arch: 'amd64', os.version: '10.0', java.version: '17'
Driver info: org.openqa.selenium.firefox.FirefoxDriver
Command: [e9945da8-8a6f-4434-a561-5e407f8437f8, findElement {using=link text, value=Logout}]
Capabilities {acceptInsecureCerts: true, browserName: firefox, browserVersion: 155.0.1, moz:accessibilityChecks: false, moz:buildID: 20260903215306, moz:geckodriverVersion: 0.37.1, moz:headless: true, moz:platformVersion: 10.0, moz:processID: 19364, moz:profile: C:\Users\chaker\AppData\Loc..., moz:shutdownTimeout: 60000, moz:webdriverClick: true, moz:windowless: false, pageLoadStrategy: normal, platformName: windows, proxy: Proxy(), setWindowRect: true, strictFileInteractability: false, timeouts: {implicit: 0, pageLoad: 300000, script: 30000}, unhandledPromptBehavior: dismiss and notify, userAgent: Mozilla/5.0 (Windows NT 10....}
Session ID: e9945da8-8a6f-4434-a561-5e407f8437f8
2026-09-15 15:46:51 [TestNG-test-OrangeHRM Test 1-1] ERROR ActionDriver - Error when try to apply color in a border: Unable to locate element: Logout
For documentation on this error, please visit: https://www.selenium.dev/documentation/webdriver/troubleshooting/errors#nosuchelementexception
Build info: version: '4.49.0', revision: 'bedb24f bedb24f6f703876e7e4c5d506f0d697eb358c720'
System info: os.name: 'Windows 10', os.arch: 'amd64', os.version: '10.0', java.version: '17'
Driver info: org.openqa.selenium.firefox.FirefoxDriver
Command: [7f23eff6-978c-47ba-bd46-6cba99d35487, findElement {using=link text, value=Logout}]
Capabilities {acceptInsecureCerts: true, browserName: firefox, browserVersion: 155.0.1, moz:accessibilityChecks: false, moz:buildID: 20260903215306, moz:geckodriverVersion: 0.37.1, moz:headless: true, moz:platformVersion: 10.0, moz:processID: 21172, moz:profile: C:\Users\chaker\AppData\Loc..., moz:shutdownTimeout: 60000, moz:webdriverClick: true, moz:windowless: false, pageLoadStrategy: normal, platformName: windows, proxy: Proxy(), setWindowRect: true, strictFileInteractability: false, timeouts: {implicit: 0, pageLoad: 300000, script: 30000}, unhandledPromptBehavior: dismiss and notify, userAgent: Mozilla/5.0 (Windows NT 10....}
Session ID: 7f23eff6-978c-47ba-bd46-6cba99d35487
2026-09-15 16:14:48 [TestNG-test-OrangeHRM Test 1-1] ERROR ActionDriver - Unable to describe the element: Unable to locate element: button[type='submit']
For documentation on this error, please visit: https://www.selenium.dev/documentation/webdriver/troubleshooting/errors#nosuchelementexception
Build info: version: '4.49.0', revision: 'bedb24f bedb24f6f703876e7e4c5d506f0d697eb358c720'
System info: os.name: 'Windows 10', os.arch: 'amd64', os.version: '10.0', java.version: '17'
Driver info: org.openqa.selenium.firefox.FirefoxDriver
Command: [f2aa8dad-855b-4eb0-adb6-ec9acb02c6f2, findElement {value=button[type='submit'], using=css selector}]
Capabilities {acceptInsecureCerts: true, browserName: firefox, browserVersion: 155.0.1, moz:accessibilityChecks: false, moz:buildID: 20260903215306, moz:geckodriverVersion: 0.37.1, moz:headless: true, moz:platformVersion: 10.0, moz:processID: 1872, moz:profile: C:\Users\chaker\AppData\Loc..., moz:shutdownTimeout: 60000, moz:webdriverClick: true, moz:windowless: false, pageLoadStrategy: normal, platformName: windows, proxy: Proxy(), setWindowRect: true, strictFileInteractability: false, timeouts: {implicit: 0, pageLoad: 300000, script: 30000}, unhandledPromptBehavior: dismiss and notify, userAgent: Mozilla/5.0 (Windows NT 10....}
Session ID: f2aa8dad-855b-4eb0-adb6-ec9acb02c6f2
2026-09-15 16:15:03 [TestNG-test-OrangeHRM Test 1-1] ERROR ActionDriver - Unable to describe the element: Unable to locate element: button[type='submit']
For documentation on this error, please visit: https://www.selenium.dev/documentation/webdriver/troubleshooting/errors#nosuchelementexception
Build info: version: '4.49.0', revision: 'bedb24f bedb24f6f703876e7e4c5d506f0d697eb358c720'
System info: os.name: 'Windows 10', os.arch: 'amd64', os.version: '10.0', java.version: '17'
Driver info: org.openqa.selenium.firefox.FirefoxDriver
Command: [f2aa8dad-855b-4eb0-adb6-ec9acb02c6f2, findElement {value=button[type='submit'], using=css selector}]
Capabilities {acceptInsecureCerts: true, browserName: firefox, browserVersion: 155.0.1, moz:accessibilityChecks: false, moz:buildID: 20260903215306, moz:geckodriverVersion: 0.37.1, moz:headless: true, moz:platformVersion: 10.0, moz:processID: 1872, moz:profile: C:\Users\chaker\AppData\Loc..., moz:shutdownTimeout: 60000, moz:webdriverClick: true, moz:windowless: false, pageLoadStrategy: normal, platformName: windows, proxy: Proxy(), setWindowRect: true, strictFileInteractability: false, timeouts: {implicit: 0, pageLoad: 300000, script: 30000}, unhandledPromptBehavior: dismiss and notify, userAgent: Mozilla/5.0 (Windows NT 10....}
Session ID: f2aa8dad-855b-4eb0-adb6-ec9acb02c6f2
2026-09-15 16:15:18 [TestNG-test-OrangeHRM Test 1-1] ERROR ActionDriver - Unable to describe the element: Unable to locate element: button[type='submit']
For documentation on this error, please visit: https://www.selenium.dev/documentation/webdriver/troubleshooting/errors#nosuchelementexception
Build info: version: '4.49.0', revision: 'bedb24f bedb24f6f703876e7e4c5d506f0d697eb358c720'
System info: os.name: 'Windows 10', os.arch: 'amd64', os.version: '10.0', java.version: '17'
Driver info: org.openqa.selenium.firefox.FirefoxDriver
Command: [f2aa8dad-855b-4eb0-adb6-ec9acb02c6f2, findElement {value=button[type='submit'], using=css selector}]
Capabilities {acceptInsecureCerts: true, browserName: firefox, browserVersion: 155.0.1, moz:accessibilityChecks: false, moz:buildID: 20260903215306, moz:geckodriverVersion: 0.37.1, moz:headless: true, moz:platformVersion: 10.0, moz:processID: 1872, moz:profile: C:\Users\chaker\AppData\Loc..., moz:shutdownTimeout: 60000, moz:webdriverClick: true, moz:windowless: false, pageLoadStrategy: normal, platformName: windows, proxy: Proxy(), setWindowRect: true, strictFileInteractability: false, timeouts: {implicit: 0, pageLoad: 300000, script: 30000}, unhandledPromptBehavior: dismiss and notify, userAgent: Mozilla/5.0 (Windows NT 10....}
Session ID: f2aa8dad-855b-4eb0-adb6-ec9acb02c6f2
2026-09-15 16:15:50 [TestNG-test-OrangeHRM Test 1-1] ERROR ActionDriver - Unable to describe the element: Unable to locate element: Logout
For documentation on this error, please visit: https://www.selenium.dev/documentation/webdriver/troubleshooting/errors#nosuchelementexception
Build info: version: '4.49.0', revision: 'bedb24f bedb24f6f703876e7e4c5d506f0d697eb358c720'
System info: os.name: 'Windows 10', os.arch: 'amd64', os.version: '10.0', java.version: '17'
Driver info: org.openqa.selenium.firefox.FirefoxDriver
Command: [f2aa8dad-855b-4eb0-adb6-ec9acb02c6f2, findElement {value=Logout, using=link text}]
Capabilities {acceptInsecureCerts: true, browserName: firefox, browserVersion: 155.0.1, moz:accessibilityChecks: false, moz:buildID: 20260903215306, moz:geckodriverVersion: 0.37.1, moz:headless: true, moz:platformVersion: 10.0, moz:processID: 1872, moz:profile: C:\Users\chaker\AppData\Loc..., moz:shutdownTimeout: 60000, moz:webdriverClick: true, moz:windowless: false, pageLoadStrategy: normal, platformName: windows, proxy: Proxy(), setWindowRect: true, strictFileInteractability: false, timeouts: {implicit: 0, pageLoad: 300000, script: 30000}, unhandledPromptBehavior: dismiss and notify, userAgent: Mozilla/5.0 (Windows NT 10....}
Session ID: f2aa8dad-855b-4eb0-adb6-ec9acb02c6f2
2026-09-15 16:16:05 [TestNG-test-OrangeHRM Test 1-1] ERROR ActionDriver - Unable to describe the element: Unable to locate element: Logout
For documentation on this error, please visit: https://www.selenium.dev/documentation/webdriver/troubleshooting/errors#nosuchelementexception
Build info: version: '4.49.0', revision: 'bedb24f bedb24f6f703876e7e4c5d506f0d697eb358c720'
System info: os.name: 'Windows 10', os.arch: 'amd64', os.version: '10.0', java.version: '17'
Driver info: org.openqa.selenium.firefox.FirefoxDriver
Command: [f2aa8dad-855b-4eb0-adb6-ec9acb02c6f2, findElement {value=Logout, using=link text}]
Capabilities {acceptInsecureCerts: true, browserName: firefox, browserVersion: 155.0.1, moz:accessibilityChecks: false, moz:buildID: 20260903215306, moz:geckodriverVersion: 0.37.1, moz:headless: true, moz:platformVersion: 10.0, moz:processID: 1872, moz:profile: C:\Users\chaker\AppData\Loc..., moz:shutdownTimeout: 60000, moz:webdriverClick: true, moz:windowless: false, pageLoadStrategy: normal, platformName: windows, proxy: Proxy(), setWindowRect: true, strictFileInteractability: false, timeouts: {implicit: 0, pageLoad: 300000, script: 30000}, unhandledPromptBehavior: dismiss and notify, userAgent: Mozilla/5.0 (Windows NT 10....}
Session ID: f2aa8dad-855b-4eb0-adb6-ec9acb02c6f2
2026-09-15 16:16:20 [TestNG-test-OrangeHRM Test 1-1] ERROR ActionDriver - Unable to describe the element: Unable to locate element: Logout
For documentation on this error, please visit: https://www.selenium.dev/documentation/webdriver/troubleshooting/errors#nosuchelementexception
Build info: version: '4.49.0', revision: 'bedb24f bedb24f6f703876e7e4c5d506f0d697eb358c720'
System info: os.name: 'Windows 10', os.arch: 'amd64', os.version: '10.0', java.version: '17'
Driver info: org.openqa.selenium.firefox.FirefoxDriver
Command: [f2aa8dad-855b-4eb0-adb6-ec9acb02c6f2, findElement {value=Logout, using=link text}]
Capabilities {acceptInsecureCerts: true, browserName: firefox, browserVersion: 155.0.1, moz:accessibilityChecks: false, moz:buildID: 20260903215306, moz:geckodriverVersion: 0.37.1, moz:headless: true, moz:platformVersion: 10.0, moz:processID: 1872, moz:profile: C:\Users\chaker\AppData\Loc..., moz:shutdownTimeout: 60000, moz:webdriverClick: true, moz:windowless: false, pageLoadStrategy: normal, platformName: windows, proxy: Proxy(), setWindowRect: true, strictFileInteractability: false, timeouts: {implicit: 0, pageLoad: 300000, script: 30000}, unhandledPromptBehavior: dismiss and notify, userAgent: Mozilla/5.0 (Windows NT 10....}
Session ID: f2aa8dad-855b-4eb0-adb6-ec9acb02c6f2
2026-09-15 17:12:17 [TestNG-tests-1] ERROR BaseClass - Error during browser configuration
java.lang.IllegalStateException: WebDriver is not initialized for thread: 28
	at org.qa.base.BaseClass.getDriver(BaseClass.java:220) ~[classes/:?]
	at org.qa.base.BaseClass.configBrowser(BaseClass.java:143) ~[classes/:?]
	at org.qa.base.BaseClass.setup(BaseClass.java:181) ~[classes/:?]
	at java.base/jdk.internal.reflect.NativeMethodAccessorImpl.invoke0(Native Method) ~[?:?]
	at java.base/jdk.internal.reflect.NativeMethodAccessorImpl.invoke(NativeMethodAccessorImpl.java:77) ~[?:?]
	at java.base/jdk.internal.reflect.DelegatingMethodAccessorImpl.invoke(DelegatingMethodAccessorImpl.java:43) ~[?:?]
	at java.base/java.lang.reflect.Method.invoke(Method.java:568) ~[?:?]
	at org.testng.internal.invokers.MethodInvocationHelper.invokeMethod(MethodInvocationHelper.java:141) ~[testng-7.11.0.jar:7.11.0]
	at org.testng.internal.invokers.MethodInvocationHelper.invokeMethodConsideringTimeout(MethodInvocationHelper.java:71) ~[testng-7.11.0.jar:7.11.0]
	at org.testng.internal.invokers.ConfigInvoker.invokeConfigurationMethod(ConfigInvoker.java:400) ~[testng-7.11.0.jar:7.11.0]
	at org.testng.internal.invokers.ConfigInvoker.invokeConfigurations(ConfigInvoker.java:333) ~[testng-7.11.0.jar:7.11.0]
	at org.testng.internal.invokers.TestInvoker.runConfigMethods(TestInvoker.java:836) ~[testng-7.11.0.jar:7.11.0]
	at org.testng.internal.invokers.TestInvoker.invokeMethod(TestInvoker.java:601) ~[testng-7.11.0.jar:7.11.0]
	at org.testng.internal.invokers.TestInvoker.invokeTestMethod(TestInvoker.java:230) ~[testng-7.11.0.jar:7.11.0]
	at org.testng.internal.invokers.MethodRunner.runInSequence(MethodRunner.java:63) ~[testng-7.11.0.jar:7.11.0]
	at org.testng.internal.invokers.TestInvoker$MethodInvocationAgent.invoke(TestInvoker.java:995) ~[testng-7.11.0.jar:7.11.0]
	at org.testng.internal.invokers.TestInvoker.invokeTestMethods(TestInvoker.java:203) ~[testng-7.11.0.jar:7.11.0]
	at org.testng.internal.invokers.TestMethodWorker.invokeTestMethods(TestMethodWorker.java:154) ~[testng-7.11.0.jar:7.11.0]
	at org.testng.internal.invokers.TestMethodWorker.run(TestMethodWorker.java:134) ~[testng-7.11.0.jar:7.11.0]
	at java.base/java.util.ArrayList.forEach(ArrayList.java:1511) ~[?:?]
	at org.testng.TestRunner.privateRun(TestRunner.java:741) ~[testng-7.11.0.jar:7.11.0]
	at org.testng.TestRunner.run(TestRunner.java:616) ~[testng-7.11.0.jar:7.11.0]
	at org.testng.SuiteRunner.runTest(SuiteRunner.java:421) ~[testng-7.11.0.jar:7.11.0]
	at org.testng.SuiteRunner$SuiteWorker.run(SuiteRunner.java:463) ~[testng-7.11.0.jar:7.11.0]
	at org.testng.internal.thread.ThreadUtil.lambda$execute$0(ThreadUtil.java:64) ~[testng-7.11.0.jar:7.11.0]
	at java.base/java.util.concurrent.FutureTask.run$$$capture(FutureTask.java:264) [?:?]
	at java.base/java.util.concurrent.FutureTask.run(FutureTask.java) [?:?]
	at java.base/java.util.concurrent.ThreadPoolExecutor.runWorker(ThreadPoolExecutor.java:1136) [?:?]
	at java.base/java.util.concurrent.ThreadPoolExecutor$Worker.run(ThreadPoolExecutor.java:635) [?:?]
	at java.base/java.lang.Thread.run(Thread.java:833) [?:?]
2026-09-16 11:35:06 [TestNG-tests-1] ERROR BaseClass - Error during browser configuration
org.openqa.selenium.WebDriverException: unknown error: net::ERR_CONNECTION_REFUSED
  (Session info: chrome=152.0.7977.84)
Build info: version: '4.49.0', revision: 'bedb24f bedb24f6f703876e7e4c5d506f0d697eb358c720'
System info: os.name: 'Windows 10', os.arch: 'amd64', os.version: '10.0', java.version: '17'
Driver info: org.openqa.selenium.chrome.ChromeDriver
Command: [fb95cadd19d1b90af8da7f3ffd98eff3, get {url=http://localhost/orangehrm/web/index.php/auth/login}]
Capabilities {acceptInsecureCerts: false, browserName: chrome, browserVersion: 152.0.7977.84, chrome: {chromedriverVersion: 152.0.7977.82 (d04cdb24d67b..., userDataDir: C:\Users\chaker\AppData\Loc...}, fedcm:accounts: true, goog:chromeOptions: {debuggerAddress: localhost:50844}, goog:processID: 15352, networkConnectionEnabled: false, pageLoadStrategy: normal, platformName: windows, proxy: Proxy(), se:cdp: ws://localhost:50844/devtoo..., se:cdpVersion: 152.0.7977.84, setWindowRect: true, strictFileInteractability: false, timeouts: {implicit: 0, pageLoad: 300000, script: 30000}, unhandledPromptBehavior: dismiss and notify, webauthn:extension:credBlob: true, webauthn:extension:largeBlob: true, webauthn:extension:minPinLength: true, webauthn:extension:prf: true, webauthn:virtualAuthenticators: true}
Session ID: fb95cadd19d1b90af8da7f3ffd98eff3
	at org.openqa.selenium.remote.ErrorCodec.decode(ErrorCodec.java:169) ~[selenium-remote-driver-4.49.0.jar:?]
	at org.openqa.selenium.remote.codec.w3c.W3CHttpResponseCodec.decode(W3CHttpResponseCodec.java:143) ~[selenium-remote-driver-4.49.0.jar:?]
	at org.openqa.selenium.remote.codec.w3c.W3CHttpResponseCodec.decode(W3CHttpResponseCodec.java:50) ~[selenium-remote-driver-4.49.0.jar:?]
	at org.openqa.selenium.remote.HttpCommandExecutor.execute(HttpCommandExecutor.java:196) ~[selenium-remote-driver-4.49.0.jar:?]
	at org.openqa.selenium.remote.service.DriverCommandExecutor.invokeExecute(DriverCommandExecutor.java:217) ~[selenium-remote-driver-4.49.0.jar:?]
	at org.openqa.selenium.remote.service.DriverCommandExecutor.execute(DriverCommandExecutor.java:175) ~[selenium-remote-driver-4.49.0.jar:?]
	at org.openqa.selenium.remote.RemoteWebDriver.execute(RemoteWebDriver.java:653) ~[selenium-remote-driver-4.49.0.jar:?]
	at org.openqa.selenium.remote.RemoteWebDriver.get(RemoteWebDriver.java:362) ~[selenium-remote-driver-4.49.0.jar:?]
	at org.qa.base.BaseClass.configBrowser(BaseClass.java:151) ~[classes/:?]
	at org.qa.base.BaseClass.setup(BaseClass.java:189) ~[classes/:?]
	at java.base/jdk.internal.reflect.NativeMethodAccessorImpl.invoke0(Native Method) ~[?:?]
	at java.base/jdk.internal.reflect.NativeMethodAccessorImpl.invoke(NativeMethodAccessorImpl.java:77) ~[?:?]
	at java.base/jdk.internal.reflect.DelegatingMethodAccessorImpl.invoke(DelegatingMethodAccessorImpl.java:43) ~[?:?]
	at java.base/java.lang.reflect.Method.invoke(Method.java:568) ~[?:?]
	at org.testng.internal.invokers.MethodInvocationHelper.invokeMethod(MethodInvocationHelper.java:141) ~[testng-7.11.0.jar:7.11.0]
	at org.testng.internal.invokers.MethodInvocationHelper.invokeMethodConsideringTimeout(MethodInvocationHelper.java:71) ~[testng-7.11.0.jar:7.11.0]
	at org.testng.internal.invokers.ConfigInvoker.invokeConfigurationMethod(ConfigInvoker.java:400) ~[testng-7.11.0.jar:7.11.0]
	at org.testng.internal.invokers.ConfigInvoker.invokeConfigurations(ConfigInvoker.java:333) ~[testng-7.11.0.jar:7.11.0]
	at org.testng.internal.invokers.TestInvoker.runConfigMethods(TestInvoker.java:836) ~[testng-7.11.0.jar:7.11.0]
	at org.testng.internal.invokers.TestInvoker.invokeMethod(TestInvoker.java:601) ~[testng-7.11.0.jar:7.11.0]
	at org.testng.internal.invokers.TestInvoker.invokeTestMethod(TestInvoker.java:230) ~[testng-7.11.0.jar:7.11.0]
	at org.testng.internal.invokers.MethodRunner.runInSequence(MethodRunner.java:63) ~[testng-7.11.0.jar:7.11.0]
	at org.testng.internal.invokers.TestInvoker$MethodInvocationAgent.invoke(TestInvoker.java:995) ~[testng-7.11.0.jar:7.11.0]
	at org.testng.internal.invokers.TestInvoker.invokeTestMethods(TestInvoker.java:203) ~[testng-7.11.0.jar:7.11.0]
	at org.testng.internal.invokers.TestMethodWorker.invokeTestMethods(TestMethodWorker.java:154) ~[testng-7.11.0.jar:7.11.0]
	at org.testng.internal.invokers.TestMethodWorker.run(TestMethodWorker.java:134) ~[testng-7.11.0.jar:7.11.0]
	at java.base/java.util.ArrayList.forEach(ArrayList.java:1511) ~[?:?]
	at org.testng.TestRunner.privateRun(TestRunner.java:741) ~[testng-7.11.0.jar:7.11.0]
	at org.testng.TestRunner.run(TestRunner.java:616) ~[testng-7.11.0.jar:7.11.0]
	at org.testng.SuiteRunner.runTest(SuiteRunner.java:421) ~[testng-7.11.0.jar:7.11.0]
	at org.testng.SuiteRunner$SuiteWorker.run(SuiteRunner.java:463) ~[testng-7.11.0.jar:7.11.0]
	at org.testng.internal.thread.ThreadUtil.lambda$execute$0(ThreadUtil.java:64) ~[testng-7.11.0.jar:7.11.0]
	at java.base/java.util.concurrent.FutureTask.run$$$capture(FutureTask.java:264) [?:?]
	at java.base/java.util.concurrent.FutureTask.run(FutureTask.java) [?:?]
	at java.base/java.util.concurrent.ThreadPoolExecutor.runWorker(ThreadPoolExecutor.java:1136) [?:?]
	at java.base/java.util.concurrent.ThreadPoolExecutor$Worker.run(ThreadPoolExecutor.java:635) [?:?]
	at java.base/java.lang.Thread.run(Thread.java:833) [?:?]
2026-09-16 11:39:16 [TestNG-tests-1] ERROR ActionDriver - Element is not clickable [By.xpath: input[@value='Login']] | Error: Expected condition failed: waiting for element found by By.xpath: input[@value='Login'] to be clickable, but the element was not found: org.openqa.selenium.NoSuchElementException: no such element: Unable to locate element: {"method":"xpath","selector":"input[@value='Login']"}.
(tried for 25 seconds with 500 milliseconds interval)
Build info: version: '4.49.0', revision: 'bedb24f bedb24f6f703876e7e4c5d506f0d697eb358c720'
System info: os.name: 'Windows 10', os.arch: 'amd64', os.version: '10.0', java.version: '17'
Driver info: org.openqa.selenium.chrome.ChromeDriver
Capabilities {acceptInsecureCerts: false, browserName: chrome, browserVersion: 152.0.7977.84, chrome: {chromedriverVersion: 152.0.7977.82 (d04cdb24d67b..., userDataDir: C:\Users\chaker\AppData\Loc...}, fedcm:accounts: true, goog:chromeOptions: {debuggerAddress: localhost:61168}, goog:processID: 8740, networkConnectionEnabled: false, pageLoadStrategy: normal, platformName: windows, proxy: Proxy(), se:cdp: ws://localhost:61168/devtoo..., se:cdpVersion: 152.0.7977.84, setWindowRect: true, strictFileInteractability: false, timeouts: {implicit: 0, pageLoad: 300000, script: 30000}, unhandledPromptBehavior: dismiss and notify, webauthn:extension:credBlob: true, webauthn:extension:largeBlob: true, webauthn:extension:minPinLength: true, webauthn:extension:prf: true, webauthn:virtualAuthenticators: true}
Session ID: 3cb86d515de58ebe85f7133c2bfaaead
2026-09-16 11:39:41 [TestNG-tests-1] ERROR ActionDriver - Unable to compare This Element [By.xpath: //div[@id='content']/h2] | Error: Expected condition failed: waiting for visibility of element found by By.xpath: //div[@id='content']/h2, but... org.openqa.selenium.NoSuchElementException: no such element: Unable to locate element: {"method":"xpath","selector":"//div[@id='content']/h2"}.
(tried for 25 seconds with 500 milliseconds interval)
Build info: version: '4.49.0', revision: 'bedb24f bedb24f6f703876e7e4c5d506f0d697eb358c720'
System info: os.name: 'Windows 10', os.arch: 'amd64', os.version: '10.0', java.version: '17'
Driver info: org.openqa.selenium.chrome.ChromeDriver
Capabilities {acceptInsecureCerts: false, browserName: chrome, browserVersion: 152.0.7977.84, chrome: {chromedriverVersion: 152.0.7977.82 (d04cdb24d67b..., userDataDir: C:\Users\chaker\AppData\Loc...}, fedcm:accounts: true, goog:chromeOptions: {debuggerAddress: localhost:61168}, goog:processID: 8740, networkConnectionEnabled: false, pageLoadStrategy: normal, platformName: windows, proxy: Proxy(), se:cdp: ws://localhost:61168/devtoo..., se:cdpVersion: 152.0.7977.84, setWindowRect: true, strictFileInteractability: false, timeouts: {implicit: 0, pageLoad: 300000, script: 30000}, unhandledPromptBehavior: dismiss and notify, webauthn:extension:credBlob: true, webauthn:extension:largeBlob: true, webauthn:extension:minPinLength: true, webauthn:extension:prf: true, webauthn:virtualAuthenticators: true}
Session ID: 3cb86d515de58ebe85f7133c2bfaaead
2026-09-16 11:40:25 [TestNG-tests-1] ERROR ActionDriver - Element is not clickable [By.xpath: input[@value='Login']] | Error: Expected condition failed: waiting for element found by By.xpath: input[@value='Login'] to be clickable, but the element was not found: org.openqa.selenium.NoSuchElementException: no such element: Unable to locate element: {"method":"xpath","selector":"input[@value='Login']"}.
(tried for 25 seconds with 500 milliseconds interval)
Build info: version: '4.49.0', revision: 'bedb24f bedb24f6f703876e7e4c5d506f0d697eb358c720'
System info: os.name: 'Windows 10', os.arch: 'amd64', os.version: '10.0', java.version: '17'
Driver info: org.openqa.selenium.chrome.ChromeDriver
Capabilities {acceptInsecureCerts: false, browserName: chrome, browserVersion: 152.0.7977.84, chrome: {chromedriverVersion: 152.0.7977.82 (d04cdb24d67b..., userDataDir: C:\Users\chaker\AppData\Loc...}, fedcm:accounts: true, goog:chromeOptions: {debuggerAddress: localhost:51204}, goog:processID: 14828, networkConnectionEnabled: false, pageLoadStrategy: normal, platformName: windows, proxy: Proxy(), se:cdp: ws://localhost:51204/devtoo..., se:cdpVersion: 152.0.7977.84, setWindowRect: true, strictFileInteractability: false, timeouts: {implicit: 0, pageLoad: 300000, script: 30000}, unhandledPromptBehavior: dismiss and notify, webauthn:extension:credBlob: true, webauthn:extension:largeBlob: true, webauthn:extension:minPinLength: true, webauthn:extension:prf: true, webauthn:virtualAuthenticators: true}
Session ID: 0d33d20bc968d6fa42ad65f99dad8bed
2026-09-16 11:40:51 [TestNG-tests-1] ERROR ActionDriver - Unable to compare This Element [By.xpath: //div[@id='content']/h2] | Error: Expected condition failed: waiting for visibility of element found by By.xpath: //div[@id='content']/h2, but... org.openqa.selenium.NoSuchElementException: no such element: Unable to locate element: {"method":"xpath","selector":"//div[@id='content']/h2"}.
(tried for 25 seconds with 500 milliseconds interval)
Build info: version: '4.49.0', revision: 'bedb24f bedb24f6f703876e7e4c5d506f0d697eb358c720'
System info: os.name: 'Windows 10', os.arch: 'amd64', os.version: '10.0', java.version: '17'
Driver info: org.openqa.selenium.chrome.ChromeDriver
Capabilities {acceptInsecureCerts: false, browserName: chrome, browserVersion: 152.0.7977.84, chrome: {chromedriverVersion: 152.0.7977.82 (d04cdb24d67b..., userDataDir: C:\Users\chaker\AppData\Loc...}, fedcm:accounts: true, goog:chromeOptions: {debuggerAddress: localhost:51204}, goog:processID: 14828, networkConnectionEnabled: false, pageLoadStrategy: normal, platformName: windows, proxy: Proxy(), se:cdp: ws://localhost:51204/devtoo..., se:cdpVersion: 152.0.7977.84, setWindowRect: true, strictFileInteractability: false, timeouts: {implicit: 0, pageLoad: 300000, script: 30000}, unhandledPromptBehavior: dismiss and notify, webauthn:extension:credBlob: true, webauthn:extension:largeBlob: true, webauthn:extension:minPinLength: true, webauthn:extension:prf: true, webauthn:virtualAuthenticators: true}
Session ID: 0d33d20bc968d6fa42ad65f99dad8bed
2026-09-16 11:43:17 [TestNG-tests-1] ERROR ActionDriver - Element is not clickable [By.xpath: //div[@class='list-group']//p[@text()='Logout']] | Error: Expected condition failed: waiting for element found by By.xpath: //div[@class='list-group']//p[@text()='Logout'] to be clickable, but the element was not found: org.openqa.selenium.NoSuchElementException: no such element: Unable to locate element: {"method":"xpath","selector":"//div[@class='list-group']//p[@text()='Logout']"}.
(tried for 25 seconds with 500 milliseconds interval)
Build info: version: '4.49.0', revision: 'bedb24f bedb24f6f703876e7e4c5d506f0d697eb358c720'
System info: os.name: 'Windows 10', os.arch: 'amd64', os.version: '10.0', java.version: '17'
Driver info: org.openqa.selenium.chrome.ChromeDriver
Capabilities {acceptInsecureCerts: false, browserName: chrome, browserVersion: 152.0.7977.84, chrome: {chromedriverVersion: 152.0.7977.82 (d04cdb24d67b..., userDataDir: C:\Users\chaker\AppData\Loc...}, fedcm:accounts: true, goog:chromeOptions: {debuggerAddress: localhost:60406}, goog:processID: 13776, networkConnectionEnabled: false, pageLoadStrategy: normal, platformName: windows, proxy: Proxy(), se:cdp: ws://localhost:60406/devtoo..., se:cdpVersion: 152.0.7977.84, setWindowRect: true, strictFileInteractability: false, timeouts: {implicit: 0, pageLoad: 300000, script: 30000}, unhandledPromptBehavior: dismiss and notify, webauthn:extension:credBlob: true, webauthn:extension:largeBlob: true, webauthn:extension:minPinLength: true, webauthn:extension:prf: true, webauthn:virtualAuthenticators: true}
Session ID: 597a42a1880e8a52eef100708e852350
2026-09-16 12:20:44 [TestNG-test-TutorialsNINJA_Test_1.0-2] ERROR ActionDriver - Element is not displayed: By.xpath: //div[@class='alert alert-danger'] | Error: Expected condition failed: waiting for visibility of element found by By.xpath: //div[@class='alert alert-danger'], but... org.openqa.selenium.NoSuchElementException: no such element: Unable to locate element: {"method":"xpath","selector":"//div[@class='alert alert-danger']"}.
(tried for 25 seconds with 500 milliseconds interval)
Build info: version: '4.49.0', revision: 'bedb24f bedb24f6f703876e7e4c5d506f0d697eb358c720'
System info: os.name: 'Windows 10', os.arch: 'amd64', os.version: '10.0', java.version: '17'
Driver info: org.openqa.selenium.chrome.ChromeDriver
Capabilities {acceptInsecureCerts: false, browserName: chrome, browserVersion: 152.0.7977.84, chrome: {chromedriverVersion: 152.0.7977.82 (d04cdb24d67b..., userDataDir: C:\Users\chaker\AppData\Loc...}, fedcm:accounts: true, goog:chromeOptions: {debuggerAddress: localhost:50189}, goog:processID: 22512, networkConnectionEnabled: false, pageLoadStrategy: normal, platformName: windows, proxy: Proxy(), se:cdp: ws://localhost:50189/devtoo..., se:cdpVersion: 152.0.7977.84, setWindowRect: true, strictFileInteractability: false, timeouts: {implicit: 0, pageLoad: 300000, script: 30000}, unhandledPromptBehavior: dismiss and notify, webauthn:extension:credBlob: true, webauthn:extension:largeBlob: true, webauthn:extension:minPinLength: true, webauthn:extension:prf: true, webauthn:virtualAuthenticators: true}
Session ID: 4da5c2093e369d4946785f8eebee3f26
2026-09-16 12:21:26 [TestNG-test-TutorialsNINJA_Test_1.0-2] ERROR ActionDriver - Element is not displayed: By.xpath: //div[@class='alert alert-danger'] | Error: Expected condition failed: waiting for visibility of element found by By.xpath: //div[@class='alert alert-danger'], but... org.openqa.selenium.NoSuchElementException: no such element: Unable to locate element: {"method":"xpath","selector":"//div[@class='alert alert-danger']"}.
(tried for 25 seconds with 500 milliseconds interval)
Build info: version: '4.49.0', revision: 'bedb24f bedb24f6f703876e7e4c5d506f0d697eb358c720'
System info: os.name: 'Windows 10', os.arch: 'amd64', os.version: '10.0', java.version: '17'
Driver info: org.openqa.selenium.chrome.ChromeDriver
Capabilities {acceptInsecureCerts: false, browserName: chrome, browserVersion: 152.0.7977.84, chrome: {chromedriverVersion: 152.0.7977.82 (d04cdb24d67b..., userDataDir: C:\Users\chaker\AppData\Loc...}, fedcm:accounts: true, goog:chromeOptions: {debuggerAddress: localhost:59196}, goog:processID: 23460, networkConnectionEnabled: false, pageLoadStrategy: normal, platformName: windows, proxy: Proxy(), se:cdp: ws://localhost:59196/devtoo..., se:cdpVersion: 152.0.7977.84, setWindowRect: true, strictFileInteractability: false, timeouts: {implicit: 0, pageLoad: 300000, script: 30000}, unhandledPromptBehavior: dismiss and notify, webauthn:extension:credBlob: true, webauthn:extension:largeBlob: true, webauthn:extension:minPinLength: true, webauthn:extension:prf: true, webauthn:virtualAuthenticators: true}
Session ID: bae52b916595f25c0b5b617af6f82628
2026-09-16 12:22:02 [TestNG-test-TutorialsNINJA_Test_1.0-2] ERROR ActionDriver - Element is not displayed: By.xpath: //div[@class='alert alert-danger'] | Error: Expected condition failed: waiting for visibility of element found by By.xpath: //div[@class='alert alert-danger'], but... org.openqa.selenium.NoSuchElementException: no such element: Unable to locate element: {"method":"xpath","selector":"//div[@class='alert alert-danger']"}.
(tried for 25 seconds with 500 milliseconds interval)
Build info: version: '4.49.0', revision: 'bedb24f bedb24f6f703876e7e4c5d506f0d697eb358c720'
System info: os.name: 'Windows 10', os.arch: 'amd64', os.version: '10.0', java.version: '17'
Driver info: org.openqa.selenium.chrome.ChromeDriver
Capabilities {acceptInsecureCerts: false, browserName: chrome, browserVersion: 152.0.7977.84, chrome: {chromedriverVersion: 152.0.7977.82 (d04cdb24d67b..., userDataDir: C:\Users\chaker\AppData\Loc...}, fedcm:accounts: true, goog:chromeOptions: {debuggerAddress: localhost:63896}, goog:processID: 17352, networkConnectionEnabled: false, pageLoadStrategy: normal, platformName: windows, proxy: Proxy(), se:cdp: ws://localhost:63896/devtoo..., se:cdpVersion: 152.0.7977.84, setWindowRect: true, strictFileInteractability: false, timeouts: {implicit: 0, pageLoad: 300000, script: 30000}, unhandledPromptBehavior: dismiss and notify, webauthn:extension:credBlob: true, webauthn:extension:largeBlob: true, webauthn:extension:minPinLength: true, webauthn:extension:prf: true, webauthn:virtualAuthenticators: true}
Session ID: 25301f0e3a1a454582ab5489e8c9e648
2026-09-16 12:24:18 [TestNG-test-TutorialsNINJA_Test_1.0-2] ERROR ActionDriver - Element is not displayed: By.xpath: //div[@class='alert alert-danger'] | Error: Expected condition failed: waiting for visibility of element found by By.xpath: //div[@class='alert alert-danger'], but... org.openqa.selenium.NoSuchElementException: no such element: Unable to locate element: {"method":"xpath","selector":"//div[@class='alert alert-danger']"}.
(tried for 25 seconds with 500 milliseconds interval)
Build info: version: '4.49.0', revision: 'bedb24f bedb24f6f703876e7e4c5d506f0d697eb358c720'
System info: os.name: 'Windows 10', os.arch: 'amd64', os.version: '10.0', java.version: '17'
Driver info: org.openqa.selenium.chrome.ChromeDriver
Capabilities {acceptInsecureCerts: false, browserName: chrome, browserVersion: 152.0.7977.84, chrome: {chromedriverVersion: 152.0.7977.82 (d04cdb24d67b..., userDataDir: C:\Users\chaker\AppData\Loc...}, fedcm:accounts: true, goog:chromeOptions: {debuggerAddress: localhost:55560}, goog:processID: 8920, networkConnectionEnabled: false, pageLoadStrategy: normal, platformName: windows, proxy: Proxy(), se:cdp: ws://localhost:55560/devtoo..., se:cdpVersion: 152.0.7977.84, setWindowRect: true, strictFileInteractability: false, timeouts: {implicit: 0, pageLoad: 300000, script: 30000}, unhandledPromptBehavior: dismiss and notify, webauthn:extension:credBlob: true, webauthn:extension:largeBlob: true, webauthn:extension:minPinLength: true, webauthn:extension:prf: true, webauthn:virtualAuthenticators: true}
Session ID: 555550cb99e4d0700f0774da1e556311
